review,rating,date,sentiment,clean_review
kirim cepat saldo aman,5,2026-05-14 07:03:01,positif,kirim cepat saldo aman
luar biasa,5,2026-05-14 07:02:04,positif,
baik,5,2026-05-14 06:59:44,positif,
sangat berguna dan sangat murah dalam segala hal terima kasih,5,2026-05-14 06:53:37,positif,guna murah terima kasih
mantap,5,2026-05-14 06:51:56,positif,mantap
4 cukup,4,2026-05-14 06:46:53,positif,
Nn hdiah nya dari sea bank udah sonlows,5,2026-05-14 06:41:37,positif,nn hdiah nya sea bank udah sonlows
bgus,5,2026-05-14 06:40:59,positif,bgus
luar biasa.. saran aja adain fitur kantong dong,5,2026-05-14 06:37:56,positif,saran aja adain fitur kantong
oke sangat membantu,5,2026-05-14 06:35:33,positif,oke bantu
seabank keren,5,2026-05-14 06:35:24,positif,seabank keren
bagus,5,2026-05-14 06:34:10,positif,bagus
mohon bantuannya nomor saya hilang terus mau daftar akun baru gk bisa pake KTP yang sana aku udah lupa nomor hp sama password,1,2026-05-14 06:34:08,negatif,mohon bantu nomor hilang daftar akun gk pake ktp udah lupa nomor hp password
transaksi cepat & akurat,5,2026-05-14 06:31:52,positif,transaksi cepat akurat
tolong tambahkan fitur pinjaman d seabank saya,5,2026-05-14 06:25:03,positif,tolong tambah fitur pinjam d seabank
good,5,2026-05-14 06:24:41,positif,good
sangat senang,5,2026-05-14 06:15:29,positif,senang
"koq aplikasinya tidak ada seabank pinjam kak,,",3,2026-05-14 06:14:20,netral,koq aplikasi seabank pinjam kak
saya adalah pengguna setia,5,2026-05-14 06:06:24,positif,guna setia
gratis admin,5,2026-05-14 06:03:27,positif,gratis admin
sangat baik,5,2026-05-14 05:56:19,positif,
pelayanan yg sangat bagus,5,2026-05-14 05:48:05,positif,layan yg bagus
bagus seabank,5,2026-05-14 05:46:08,positif,bagus seabank
cukup puas dengan seabank sya bisa semuanya makasih seabank,5,2026-05-14 05:41:34,positif,puas seabank sya makasih seabank
seabank aman dan amanah tanpa ribet tolong munculkan icon seabank pinjam dong,5,2026-05-14 05:40:30,positif,seabank aman amanah ribet tolong muncul icon seabank pinjam
cepat dan bagus buat transaksi,5,2026-05-14 05:39:22,positif,cepat bagus transaksi
senang banget daftarnya gak harus ke bank,5,2026-05-14 05:35:19,positif,senang banget daftar gak bank
"asli mantul produk baik,program & internalnya lebih bekerja dengan baik,,bebas iklan,bug,ataupun lelet,cepat bila dijalankan dan mengakses semua menu menu nya. Namun di sayangkan pernah juga dipakai terkadang agak"" sulit membukanya pas saat koneksi lagi buruk / kurang bagus,terkadang perputarannya lambat banget dan cuma berputar"" saja.mungkin cuma hal yang biasa terjadi di apps ini dan yang lain2nya sesuai pengalaman transaksi sukses,,masukan tuk perkembangannya dibenahi smua kendala_^^_",5,2026-05-14 05:34:39,positif,asli mantul produk baikprogram internal baikbebas iklanbugataupun leletcepat jalan akses menu menu nya sayang pakai terkadang sulit buka pas koneksi buruk bagusterkadang putar lambat banget putar sajamungkin apps sesuai alam transaksi suksesmasukan tuk kembang benah smua kendala
saya baru menggunakan semoga bermanfaat,5,2026-05-14 05:33:22,positif,moga manfaat
bagus untuk semua kalangan di atas 17++,4,2026-05-14 05:31:34,positif,bagus kalang
sangat cepat dan fast respon,5,2026-05-14 05:25:41,positif,cepat fast respon
sangat membantu,5,2026-05-14 05:25:02,positif,bantu
gratis biaya admin transfer,5,2026-05-14 05:23:29,positif,gratis biaya admin transfer
biasa terlalu mahal,1,2026-05-14 05:18:38,negatif,mahal
mana paylaternya,5,2026-05-14 05:14:15,positif,paylaternya
ok,5,2026-05-14 05:12:48,positif,ok
baik sekali,5,2026-05-14 05:10:22,positif,
bintang 4 dlu nanti klo lebih enak tambah lg,4,2026-05-14 05:07:33,positif,bintang dlu klo enak lg
"gampang,aman",5,2026-05-14 04:55:59,positif,gampangaman
"Gratis admin juga bisa byr tagihan lain, tapi knp FIF ga bisa..",5,2026-05-14 04:47:25,positif,gratis admin byr tagih knp fif ga
sangat mudah,5,2026-05-14 04:42:20,positif,mudah
keren,5,2026-05-14 04:38:27,positif,keren
"TF ke semua bank gratis,cepat,semua tak ada Kendala,pokonya mantap,terima kasih seabank sy sangat puas",5,2026-05-14 04:36:40,positif,tf bank gratiscepatsemua kendalapokonya mantapterima kasih seabank sy puas
bagusss🕊💐,5,2026-05-14 04:34:07,positif,bagusss
Alhamdulillah seabank bagus,5,2026-05-14 04:33:15,positif,alhamdulillah seabank bagus
gak jls,1,2026-05-14 04:32:08,negatif,gak jls
sangat bermanfaat sekali,5,2026-05-14 04:27:42,positif,manfaat
sangat membantu transaksi keuangan anda,5,2026-05-14 04:23:48,positif,bantu transaksi uang
sangat bagus,5,2026-05-14 04:21:48,positif,bagus
gratis admin dan proses cepat kadang ada maintenance tapi tidak jam kerja malam hari sangat bagus untuk pemilihan waktunya.,5,2026-05-14 04:13:42,positif,gratis admin proses cepat kadang maintenance jam kerja malam bagus pilih
transfer gratis,5,2026-05-14 04:10:33,positif,transfer gratis
tolong selesaikan pembukaan rekening saya di SEABANK dengan baik dan lancar,5,2026-05-14 04:08:19,positif,tolong selesai buka rekening seabank lancar
terbaik,5,2026-05-14 04:07:12,positif,baik
senang menggunakan SeaBank,5,2026-05-14 04:05:19,positif,senang seabank
mantap dan mudah di gunakan,5,2026-05-14 04:02:08,positif,mantap mudah
sangat mengasikan,5,2026-05-14 03:56:52,positif,asi
sangat mudah dan cepat digunakan untuk transaksi,5,2026-05-14 03:51:16,positif,mudah cepat transaksi
suka,5,2026-05-14 03:49:05,positif,suka
cukup mudah,5,2026-05-14 03:44:10,positif,mudah
mantappp,5,2026-05-14 03:43:59,positif,mantappp
mudah dan praktis,5,2026-05-14 03:42:10,positif,mudah praktis
Segala transaksi lebih mudah dan cepat,5,2026-05-14 03:38:06,positif,transaksi mudah cepat
Terbaik,5,2026-05-14 03:33:48,positif,baik
sngt bgus,5,2026-05-14 03:30:59,positif,sngt bgus
Bru pake aku kasi bintang 4 dulu,4,2026-05-14 03:24:40,positif,bru pake kasi bintang
sangat memuaskan,5,2026-05-14 03:22:29,positif,muas
"kenapa akhir2 ini aplikasinya sering lemot yaa, nge bug tiap kali dibuka",4,2026-05-14 03:21:00,positif,aplikasi lot yaa nge bug kali buka
Semoga transaksi gratis terus..,5,2026-05-14 03:15:31,positif,moga transaksi gratis
baguss,4,2026-05-14 03:12:03,positif,baguss
semngat dan praktis keren,5,2026-05-14 03:09:41,positif,semngat praktis keren
👍,5,2026-05-14 03:01:55,positif,
good jod,5,2026-05-14 02:57:19,positif,good jod
mantap aman dan terpercaya,5,2026-05-14 02:53:56,positif,mantap aman percaya
cepat...kalau bisa top up Dana jangan pake biaya admin yah😊,5,2026-05-14 02:50:40,positif,cepatkalau top up dana pake biaya admin yah
"bagus,cocok untuk metode pembayaran",5,2026-05-14 02:49:40,positif,baguscocok metode bayar
lancar top,5,2026-05-14 02:38:31,positif,lancar top
sea bank memang oke,5,2026-05-14 02:37:32,positif,sea bank oke
Lima jempol...,5,2026-05-14 02:28:50,positif,jempol
lebih simpel dan fitur nya lebih okelah,5,2026-05-14 02:26:25,positif,simpel fitur nya oke
Bagus,5,2026-05-14 02:25:23,positif,bagus
di permuda👍,5,2026-05-14 02:24:15,positif,muda
saya suka seabank mudah dan gratis transfernya 100x perbulan😍😍,5,2026-05-14 02:23:06,positif,suka seabank mudah gratis transfer x bulan
transaksi cepat dan bebas biaya admin,5,2026-05-14 02:18:31,positif,transaksi cepat bebas biaya admin
kode otp lama masukk sampah!!!,1,2026-05-14 02:14:56,negatif,kode otp masukk sampah
"katanya dapet bonus pas daftar, sampe skrg ga ada masuk saldonya nnti kalo sudah masuk saya tambah lg 🌟 nya",3,2026-05-14 02:00:25,netral,dapet bonus pas daftar sampe skrg ga masuk saldo nnti kalo masuk lg  nya
sangat bermanfaat,5,2026-05-14 01:51:16,positif,manfaat
keren dan proses transaksi cepat,2,2026-05-14 01:41:49,negatif,keren proses transaksi cepat
campaign promo tidak sesuai janji dan PHP. campaign banner masih ada di applikasi tapi ternyata kuota nya sudah habis. merasa dibohongi dengan campaign promo,1,2026-05-14 01:40:32,negatif,campaign promo sesuai janji php campaign banner applikasi kuota nya habis bohong campaign promo
oke,5,2026-05-14 01:37:27,positif,oke
sangat membatu,5,2026-05-14 01:27:47,positif,batu
mantapp,5,2026-05-14 01:21:41,positif,mantapp
sangat mudah dan aman👍,5,2026-05-14 01:20:55,positif,mudah aman
Bermanfaat,3,2026-05-14 01:19:24,netral,manfaat
mudah dan simpel,5,2026-05-14 01:19:20,positif,mudah simpel
sangat puas,5,2026-05-14 01:13:26,positif,puas
Bagus dan praktis,5,2026-05-14 01:12:44,positif,bagus praktis
cepat dan membantu,5,2026-05-14 01:07:22,positif,cepat bantu
jadi mudah transaksi,5,2026-05-14 01:02:45,positif,mudah transaksi
"tidak ada biaya admin, terimakasih",5,2026-05-14 00:59:13,positif,biaya admin terimakasih
"sangat puas,,",5,2026-05-14 00:53:41,positif,puas
baguss poll,5,2026-05-14 00:51:08,positif,baguss poll
bagus seklali,5,2026-05-14 00:45:13,positif,bagus seklali
OTP telat teros johh,1,2026-05-14 00:44:43,negatif,otp telat ros johh
tolong di update munculkan seabank pinjam nya,3,2026-05-14 00:36:02,netral,tolong update muncul seabank pinjam nya
cepat baik,4,2026-05-14 00:35:40,positif,cepat
puas,5,2026-05-14 00:28:25,positif,puas
"transfer bank gratis, dan bunga gila gilaaan 🫶🏻 Love sekebon",5,2026-05-14 00:23:46,positif,transfer bank gratis bunga gila gilaaan  love kebon
sangat membantu 👍,5,2026-05-14 00:18:19,positif,bantu 
this is amazing,5,2026-05-14 00:17:56,positif,this is amazing
sangat membantu sekali,5,2026-05-14 00:11:50,positif,bantu
bagus banget,5,2026-05-13 23:54:34,positif,bagus banget
mempermudah semua transaksi saya,5,2026-05-13 23:50:05,positif,mudah transaksi
mudah dan cepat,5,2026-05-13 23:44:42,positif,mudah cepat
sangat membantu dan memudahkan semua transaksi keuangan,5,2026-05-13 23:40:20,positif,bantu mudah transaksi uang
Good,5,2026-05-13 23:33:48,positif,good
"ternyata muda ya untuk byr tagihan spinjam dr seabank, kita taroh saldo tinggal byr deh ga perlu mesti k'alfa atau k'ATM, tinggal bayar kapan aja yg kita mau, trimakasih seabank, moga sukses selalu👍🙏😍",5,2026-05-13 23:29:24,positif,muda ya byr tagih spinjam dr seabank taroh saldo tinggal byr deh ga mesti kalfa katm tinggal bayar aja yg trimakasih seabank moga sukses selalu
sangat ok,5,2026-05-13 23:26:55,positif,ok
transaksi lebih hemat👍,5,2026-05-13 23:25:12,positif,transaksi hemat
trimakasih sangat membantu kami yg golongan menengahnya kebawah,5,2026-05-13 23:21:11,positif,trimakasih bantu yg golong tengah bawah
Gakada penyelesaian masalah akun gk bisa login. di oper²,1,2026-05-13 23:12:47,negatif,gakada selesai akun gk login oper
top sangat membantu,5,2026-05-13 23:11:28,positif,top bantu
cepat TF nya adminya juga murah,5,2026-05-13 23:08:28,positif,cepat tf nya adminya murah
"Aplikasinya mantap banget, cocok buat simpan uang, udah gitu ga ambil pajak, malahan untung 2,5% p.a",5,2026-05-13 23:05:54,positif,aplikasi mantap banget cocok simpan uang udah gitu ga ambil pajak untung pa
proses nya cepet dan enak kirim gratis,5,2026-05-13 22:38:56,positif,proses nya cepet enak kirim gratis
nyaman,5,2026-05-13 22:25:02,positif,nyaman
kelebihan seabank tranfer gratis,4,2026-05-13 22:23:05,positif,lebih seabank tranfer gratis
ko gabisa masuk ya,5,2026-05-13 22:17:42,positif,ko gabisa masuk ya
bagus banget gratis transfer kemana saja,4,2026-05-13 22:10:42,positif,bagus banget gratis transfer mana
terbaik_,5,2026-05-13 22:04:20,positif,baik
TOP,5,2026-05-13 22:02:11,positif,top
"bagus banget pindah total dari bank jadul,nabung makin semangat tdk ada admin,yg terpenting bunga gede bgt terbaik",5,2026-05-13 22:00:27,positif,bagus banget pindah total bank jadulnabung semangat tdk adminyg penting bunga gede bgt baik
Good bank,5,2026-05-13 21:38:11,positif,good bank
memudahkan segala transaksi,5,2026-05-13 21:26:27,positif,mudah transaksi
sangat baik untuk digunakan,5,2026-05-13 21:17:24,positif,
aplikasi nya simple bagus,5,2026-05-13 20:50:33,positif,aplikasi nya simple bagus
"aplikasi penyimpanan saldo yg sangat Bagus,perlindungan Hebat. cara mudah untuk bertransaksi ke bank manapun. seabank terus jaya dan Berikan pelayanan lebih baik lg dari hari ke hari.",5,2026-05-13 20:44:15,positif,aplikasi simpan saldo yg bagusperlindungan hebat mudah transaksi bank mana seabank jaya layan lg
sangat bagus dan cocok,5,2026-05-13 20:09:10,positif,bagus cocok
gimana caranya ne refund saldo seabank soalnya saldo saya tidak kembali padahal pengiriman gagal,2,2026-05-13 20:05:53,negatif,gimana ne refund saldo seabank saldo kirim gagal
"hebat bisa tr kemana, aja",5,2026-05-13 20:04:59,positif,hebat tr mana aja
sangat membantuh,5,2026-05-13 19:55:00,positif,membantuh
gud,5,2026-05-13 19:48:39,positif,gud
the best,5,2026-05-13 19:39:11,positif,the best
baru pake kita lihat selanjutnya,5,2026-05-13 19:21:50,positif,pake lihat
bagus si tapi sayang ga ada kartu debit masa iya si kalah sama bank sebelah,5,2026-05-13 18:26:57,positif,bagus si sayang ga kartu debit iya si kalah bank belah
mantaappppp...,5,2026-05-13 18:24:28,positif,mantaappppp
simpel...fast...flexibel,5,2026-05-13 18:23:46,positif,simpelfastflexibel
yang terbaik memang seabank,5,2026-05-13 18:18:14,positif,baik seabank
mudah digunakan,5,2026-05-13 18:14:56,positif,mudah
aplikasi mudah digunakan..,5,2026-05-13 18:12:42,positif,aplikasi mudah
memuaskan,5,2026-05-13 17:52:41,positif,muas
sngat oke,5,2026-05-13 17:47:50,positif,sngat oke
"Seabank terbaik lah pokoknya, tapi ada yg kurang nih Seabank pinjam di akun saya belum muncul, tapi gapapa saya kasih bintang 5. harapan saya sih Sesegera mungkin Seabank pinjam saya di munculin. Terimakasih",5,2026-05-13 17:41:40,positif,seabank baik pokok yg nih seabank pinjam akun muncul gapapa kasih bintang harap sih seabank pinjam munculin terimakasih
sangat efisien dan mudah dipakainya,5,2026-05-13 17:39:15,positif,efisien mudah pakai
"kenapa akun seabank ku terblokir,sedangkan tidak ad aktifitas mencurigakan",4,2026-05-13 17:37:14,positif,akun seabank ku terblokirsedangkan ad aktifitas curiga
Mantap sea,5,2026-05-13 17:27:33,positif,mantap sea
bagus transfer nya masih gratis. semoga makin luas makin sukses seabank kedepan nya,5,2026-05-13 17:25:32,positif,bagus transfer nya gratis moga luas sukses seabank depan nya
bnyk geratis admin,5,2026-05-13 17:16:00,positif,bnyk gerat admin
"sebanyak ini apk yang saya pakai, seabank lah yang paling the best 👍",5,2026-05-13 16:59:38,positif,apk pakai seabank the best 
mempermudah dalam transaksi,5,2026-05-13 16:56:56,positif,mudah transaksi
sangan mudah dan cepat,5,2026-05-13 16:48:32,positif,sangan mudah cepat
dipermudah... gratis ongkir dan gratis biaya tf,5,2026-05-13 16:43:53,positif,mudah gratis ongkir gratis biaya tf
Mau kirim aja Ribet,1,2026-05-13 16:30:59,negatif,kirim aja ribet
kenapa ngk bisa di tarik dan setiap mau ngirim ke DANA slalu gagal truss,1,2026-05-13 16:28:41,negatif,ngk tarik ngirim dana slalu gagal truss
"Saya sangat senang pake seabank, tidak ada kendala selama pake seabank, pokok nya,Bes banget",5,2026-05-13 16:25:48,positif,senang pake seabank kendala pake seabank pokok nyabes banget
sistem bekerja baik dan lancar mudah,5,2026-05-13 16:25:46,positif,sistem lancar mudah
kita coba dulu,5,2026-05-13 16:25:35,positif,coba
bank favorit saya,5,2026-05-13 16:25:22,positif,bank favorit
cukup membantu,5,2026-05-13 16:14:57,positif,bantu
seneng banget pakek seabank,5,2026-05-13 16:05:14,positif,neng banget pakek seabank
bagus dan cepat,5,2026-05-13 16:02:47,positif,bagus cepat
"Pokok e puas pakai seabank,transaksi lancar hitungan detik,,yg bikin jatuh cinta lagi tranfer ke semua bank gratiiss....",5,2026-05-13 16:01:23,positif,pokok e puas pakai seabanktransaksi lancar hitung detikyg bikin jatuh cinta tranfer bank gratiiss
mantapppppppp polll,5,2026-05-13 15:58:09,positif,mantapppppppp polll
"Tiba-tiba ada uang keluar 500ribu, komplen smpe 4 kali ganti cs tapi gak ada solusi nyata. masa harus buat laporan kepolisian dulu. saya butuh uang saya kembali, bukannya harus keluarkan uang lagi untuk laporan polisi",1,2026-05-13 15:55:55,negatif,tibatiba uang ribu komplen smpe kali ganti cs gak solusi nyata lapor polisi butuh uang keluar uang lapor polisi
"bagus,tapi biaya admin nya terlalu mahal",5,2026-05-13 15:51:49,positif,bagustapi biaya admin nya mahal
min ini kenapa seabank sy ga bisa login ya padahal pasword ny g sy ganti gmna dong gak bisa di buka,3,2026-05-13 15:45:58,netral,min seabank sy ga login ya pasword ny g sy ganti gmna gak buka
samgat membantu,4,2026-05-13 15:42:21,positif,samgat bantu
excellent 🥰,5,2026-05-13 15:38:52,positif,excellent 
ok baik,5,2026-05-13 15:37:07,positif,ok
ok mantap,5,2026-05-13 15:35:17,positif,ok mantap
"senang memakai seabank,biaya transfer ke bank lain gratis tanpa batas",5,2026-05-13 15:34:50,positif,senang pakai seabankbiaya transfer bank gratis batas
tanpa admin,5,2026-05-13 15:33:56,positif,admin
Kereeeen,5,2026-05-13 15:31:38,positif,kereeeen
"ALHAMDULILLAH, SAYA SENANG MENGGUNAKAN APLIKASI SEABANK, KARNA BERKAT BUNGA NYA BISA MEMBANTU KEBUTUHAN SAYA SEHARI-HARI, TERIMA KASIH BANYAK APLIKASI SEABANK,pokoknya mantap, keren dan The best....",5,2026-05-13 15:21:44,positif,alhamdulillah senang aplikasi seabank karna berkat bunga nya bantu butuh seharihari terima kasih aplikasi seabankpokoknya mantap keren the best
bagus cuma sering ada kendala kalo ngirim ke e walet,4,2026-05-13 15:21:40,positif,bagus kendala kalo ngirim e walet
sangat bagus lancar buat transaksi,5,2026-05-13 15:14:13,positif,bagus lancar transaksi
terlali banyak adminya,4,2026-05-13 15:09:52,positif,lali adminya
"susah, udah lama pake seabank tapi gaada fitur pinjaman",5,2026-05-13 15:08:18,positif,susah udah pake seabank gaada fitur pinjam
apk nya bagus ngak lelet bagus deh pokonya,5,2026-05-13 15:06:34,positif,apk nya bagus ngak lelet bagus deh poko
aman dan terpercaya,5,2026-05-13 15:05:28,positif,aman percaya
"seharusnya ini bintang 10,karena semua lancar tanpa macet sedikit pun😘😘😘apa lagi aplikasi ini memiliki pinjaman",5,2026-05-13 15:01:04,positif,bintang lancar macet pun apa aplikasi milik pinjam
kurang baik,2,2026-05-13 15:00:06,negatif,
baik dan membantu,5,2026-05-13 14:59:45,positif,bantu
"Saya kasih bintang 5,baru pake belum 1 bulan,blm ada masalah sih,mudah2 an aman uang saya di sini...💰💰💰",5,2026-05-13 14:57:46,positif,kasih bintang pake bulanblm sihmudah an aman uang sini
mantap aplikasih ini membantu buat orang yg gak punya rekening bank,5,2026-05-13 14:56:23,positif,mantap aplikasih bantu orang yg gak rekening bank
jos,3,2026-05-13 14:56:22,netral,jos
sangat suka,5,2026-05-13 14:56:15,positif,suka
sukaaa bangett jangan sampai bikin kecewa,5,2026-05-13 14:52:15,positif,sukaaa bangett bikin kecewa
sangat bgus,5,2026-05-13 14:44:01,positif,bgus
"terjamin,dan tidak banyak pitongan",5,2026-05-13 14:37:12,positif,terjamindan pitongan
sangat sangat membantu,5,2026-05-13 14:37:02,positif,bantu
"proses nya cepat, semoga apk ini aman sellu",5,2026-05-13 14:33:13,positif,proses nya cepat moga apk aman sellu
mantap 👍👍👍,5,2026-05-13 14:30:43,positif,mantap 
terbantu,5,2026-05-13 14:30:39,positif,bantu
"min ni kenapaa udh berapaa hari ini tidak bisa buka sea bank ,menunya tidak muncul ,jd mau lihat saldonya dll pun tdak bisa padahal ad duit saya d situ",5,2026-05-13 14:12:56,positif,min ni kenapaa udh berapaa buka sea bank menu muncul jd lihat saldo dll tdak ad duit d situ
cepat..praktis,5,2026-05-13 14:12:00,positif,cepatpraktis
oke jooossss,5,2026-05-13 14:10:13,positif,oke jooossss
goodjob,5,2026-05-13 14:07:29,positif,goodjob
mntap,5,2026-05-13 14:07:12,positif,mntap
gampang transfer nya,5,2026-05-13 14:02:49,positif,gampang transfer nya
SUKSES SLALU,5,2026-05-13 13:55:10,positif,sukses slalu
tf antar bank gratis,5,2026-05-13 13:51:34,positif,tf bank gratis
top lah,5,2026-05-13 13:50:53,positif,top
transaksi cepat,5,2026-05-13 13:49:39,positif,transaksi cepat
bagus bngt,5,2026-05-13 13:44:04,positif,bagus bngt
good lah pokonya,5,2026-05-13 13:39:24,positif,good poko
hebat,5,2026-05-13 13:37:42,positif,hebat
"terbaik ,👍👍👍👍",5,2026-05-13 13:26:19,positif,baik 
kl bs untuk top up jngn dikasih pilihan. kadang kita mau top up untuk bayar Shopee nanggung,5,2026-05-13 13:25:23,positif,kl bs top up jngn kasih pilih kadang top up bayar shopee nanggung
"sangat puas menggunakan seabank,",5,2026-05-13 13:23:24,positif,puas seabank
bagus terekomondasi,5,2026-05-13 13:21:56,positif,bagus terekomondasi
bagus👍👍,5,2026-05-13 13:20:40,positif,bagus
semoga aman selalu 🤗,5,2026-05-13 13:15:15,positif,moga aman 
cukup puas,5,2026-05-13 13:14:50,positif,puas
"mantaap dan mudah di gunakan, hanya saja sedikit kecewa sama kebohongan yang iming iming sldo gratis 200000 yg gak kunjung datang... knapa sih harus cara berbohong seperti itu??",4,2026-05-13 13:14:05,positif,mantaap mudah kecewa bohong iming iming sldo gratis yg gak kunjung knapa sih bohong
👍👍👍👍,5,2026-05-13 13:12:07,positif,
cepat dan praktis.,5,2026-05-13 13:11:49,positif,cepat praktis
bagus saya sukaaa cumn klo jaringan leg suruh verifikasi wajah,5,2026-05-13 13:09:15,positif,bagus sukaaa cumn klo jaring leg suruh verifikasi wajah
BAGUS BANGETT SUKAAAA!!!!,5,2026-05-13 13:06:50,positif,bagus bangett sukaaaa
sangat mudah di mengerti,4,2026-05-13 12:57:08,positif,mudah erti
terimakasih seabank sudah mempermudah saya untuk bertransaksi menu lengkap tur murah smoga lebih sukses,5,2026-05-13 12:49:27,positif,terimakasih seabank mudah transaksi menu lengkap tur murah smoga sukses
❤❤❤❤ untuk apk satu ini,5,2026-05-13 12:44:16,positif, apk
CS BAIK,5,2026-05-13 12:42:05,positif,cs
bagus tanpa admin cukup merakyat,5,2026-05-13 12:34:58,positif,bagus admin rakyat
sangat cepat dan terpercaya,5,2026-05-13 12:31:13,positif,cepat percaya
bisa di percaya,5,2026-05-13 12:28:58,positif,percaya
aku suka banget pakai seabank,5,2026-05-13 12:27:55,positif,suka banget pakai seabank
bagus dan akurat,5,2026-05-13 12:25:40,positif,bagus akurat
sangat baik dan cepat,5,2026-05-13 12:22:35,positif,cepat
bagus adminnya hanya 400 rupia,4,2026-05-13 12:19:58,positif,bagus adminnya rupia
🙏🫶,5,2026-05-13 12:17:55,positif,
hemat,5,2026-05-13 12:14:58,positif,hemat
bagus instan,5,2026-05-13 12:14:09,positif,bagus instan
lumayan membantu,4,2026-05-13 12:11:22,positif,lumayan bantu
ini gimana si kok ktp saya udah krdaftar padahal saya baru donlod apknya,1,2026-05-13 12:08:12,negatif,gimana si ktp udah krdaftar donlod apknya
mantap semoga semakin sukses🥰🥰,5,2026-05-13 12:06:33,positif,mantap moga sukses
terbaik pokoknya,5,2026-05-13 11:59:23,positif,baik pokok
lancar,5,2026-05-13 11:48:44,positif,lancar
sgat membantu dn sya bangga,5,2026-05-13 11:47:43,positif,sgat bantu dn sya bangga
tingkatkan terus pelayananya semakin baik lagi dari yang sekarang.,5,2026-05-13 11:46:35,positif,tingkat pelayananya
sangat puas sekali,5,2026-05-13 11:44:39,positif,puas
jadi terbantu masalah keuangan saya,5,2026-05-13 11:42:14,positif,bantu uang
seabank is the best👍🏼,5,2026-05-13 11:41:49,positif,seabank is the best
mantap gercep,5,2026-05-13 11:41:15,positif,mantap gercep
setiap suruh masukan nomor hp mau minta kode otp tapi gak masuk masuk pesan SMS,1,2026-05-13 11:38:31,negatif,suruh masuk nomor hp kode otp gak masuk masuk pesan sms
top Markotop,5,2026-05-13 11:37:49,positif,top markotop
Senang menggunakan Seabank,5,2026-05-13 11:36:37,positif,senang seabank
cukup baik,5,2026-05-13 11:34:12,positif,
bgus JD gmpang,5,2026-05-13 11:25:40,positif,bgus jd gmpang
mantap seabank gak ada admin ke semua bank,5,2026-05-13 11:19:01,positif,mantap seabank gak admin bank
good app,5,2026-05-13 11:18:43,positif,good app
terimakasih sea bank,5,2026-05-13 11:17:36,positif,terimakasih sea bank
Sangat senang hati,5,2026-05-13 11:16:50,positif,senang hati
senang sekali menggunakan seabank,5,2026-05-13 11:16:18,positif,senang seabank
mantap TDK ada biaya admin,5,2026-05-13 11:15:57,positif,mantap tdk biaya admin
LEMOTTT,1,2026-05-13 11:08:27,negatif,lemottt
"cepat , pengertian, joss membantu banget pokoknya SeaBank 👍🏻",5,2026-05-13 11:08:16,positif,cepat erti joss bantu banget pokok seabank 
simpel juga yah,5,2026-05-13 11:06:17,positif,simpel yah
bagus bang,5,2026-05-13 11:06:16,positif,bagus bang
smoga lancar terus mantap,5,2026-05-13 11:04:10,positif,smoga lancar mantap
Alhamdulillah mudah,5,2026-05-13 11:02:44,positif,alhamdulillah mudah
"jaringan saya bagus, kendala masuk yg ada cuma putih semua, apk gak jelas",1,2026-05-13 11:01:59,negatif,jaring bagus kendala masuk yg putih apk gak
bagus bgt,5,2026-05-13 10:58:41,positif,bagus bgt
pelayanan bagus saya suka,3,2026-05-13 10:58:38,netral,layan bagus suka
seneng suka dpt bunga dri seabank,5,2026-05-13 10:53:55,positif,neng suka dpt bunga dri seabank
layanan sangat membantu dan memuaskan,5,2026-05-13 10:52:25,positif,layan bantu muas
banknya masih ok,5,2026-05-13 10:42:50,positif,bank ok
Mantap,5,2026-05-13 10:42:14,positif,mantap
senang,5,2026-05-13 10:31:43,positif,senang
aplikasi nya sangat berguna,5,2026-05-13 10:28:07,positif,aplikasi nya guna
jos pokok nya deh,5,2026-05-13 10:22:45,positif,jos pokok nya deh
"mudah, murah... tanpa biaya admin",5,2026-05-13 10:16:01,positif,mudah murah biaya admin
jembot,1,2026-05-13 10:11:52,negatif,jembot
senang dan baik,5,2026-05-13 10:10:31,positif,senang
alhamdulilah sangat bagud,5,2026-05-13 10:09:44,positif,alhamdulilah bagud
sangat simple ran membantu,5,2026-05-13 10:05:58,positif,simple ran bantu
sangat puas dengan pelayanannya kirim uang gratis,5,2026-05-13 10:03:10,positif,puas layan kirim uang gratis
sangat bagus tpi pinjemanya tidak keluar2,3,2026-05-13 10:00:29,netral,bagus tpi pinjemanya
mantap semua serba gratis,5,2026-05-13 09:53:49,positif,mantap serba gratis
sudah jadi favorit saya,5,2026-05-13 09:53:01,positif,favorit
sangat2 bauk,5,2026-05-13 09:51:44,positif,bauk
nice,5,2026-05-13 09:47:36,positif,nice
"bagus tapi untuk sea bank pinjaman blm muncul pdhal aktif dalam bertransaksi, tolong pilih saya menjadi nasabah terpilih seapinjam",5,2026-05-13 09:43:30,positif,bagus sea bank pinjam blm muncul pdhal aktif transaksi tolong pilih nasabah pilih seapinjam
tolong perbaiki saya masuk. ga bisa,5,2026-05-13 09:42:39,positif,tolong baik masuk ga
mudah cepet,5,2026-05-13 09:40:59,positif,mudah cepet
suka sama seabank semoga kedepannya lebih puas y,5,2026-05-13 09:40:36,positif,suka seabank moga depan puas y
menyenang kan dan aman,5,2026-05-13 09:34:16,positif,senang aman
sangatembantu,5,2026-05-13 09:32:13,positif,sangatembantu
saya suka,5,2026-05-13 09:23:11,positif,suka
bagus 👍,5,2026-05-13 09:09:01,positif,bagus 
saya suka aplikasi nya,5,2026-05-13 09:08:02,positif,suka aplikasi nya
👌,5,2026-05-13 09:05:29,positif,
Alhamdulillah tidak kena administrasi nya,5,2026-05-13 09:00:31,positif,alhamdulillah kena administrasi nya
nyaman dan aman,5,2026-05-13 08:58:01,positif,nyaman aman
mudah sekali,5,2026-05-13 08:56:06,positif,mudah
"alhamdulillah, memudahkan sy transaksi walau dalam jumlah kecil",5,2026-05-13 08:53:57,positif,alhamdulillah mudah sy transaksi
👍👍👍,5,2026-05-13 08:50:50,positif,
is the best,5,2026-05-13 08:49:58,positif,is the best
"mantap, bank digital serba mudah",5,2026-05-13 08:47:37,positif,mantap bank digital serba mudah
keren bank ini appsnya banyak bunga tinggi❤❤❤,5,2026-05-13 08:43:27,positif,keren bank appsnya bunga tinggi
ini gimana kok jadi putih semua?,3,2026-05-13 08:42:24,netral,gimana putih
saya suka aplikasi nya sangat mudah dipahami,5,2026-05-13 08:34:55,positif,suka aplikasi nya mudah paham
sayangnya kalau transfer ke dana bayar 400 perak harusnya gratis,5,2026-05-13 08:31:45,positif,sayang transfer dana bayar perak gratis
sibeng apa ini kita kode paswoeror terus,5,2026-05-13 08:24:07,positif,sibeng kode paswoeror
ok banget,5,2026-05-13 08:22:29,positif,ok banget
"worth it buat yg buka usaha baik kecil maupun besar, termasuk juga menggeser anggaran jasa pengiriman barang juga... tidak ada potongan👍🏻",5,2026-05-13 08:16:24,positif,worth it yg buka usaha geser anggar jasa kirim barang potong
mantap dan lancar untuk transfer nya,5,2026-05-13 08:15:39,positif,mantap lancar transfer nya
useful,5,2026-05-13 08:14:33,positif,useful
Overall good,5,2026-05-13 08:02:47,positif,overall good
Prose pendaftaran mudah dan cepat..saat digunakan tidak ada kendala terimakasih sea bank,5,2026-05-13 08:01:38,positif,prose daftar mudah cepatsaat kendala terimakasih sea bank
suka karna ga ada admin nya..,5,2026-05-13 08:01:13,positif,suka karna ga admin nya
bagus bangetttttt,5,2026-05-13 07:59:05,positif,bagus bangetttttt
bagus 👍👍👍👍,5,2026-05-13 07:55:30,positif,bagus 
kenapa privasi otp tidak bisa lewat WhatsApp mohon bantuannya,1,2026-05-13 07:48:08,negatif,privasi otp whatsapp mohon bantu
mudah,5,2026-05-13 07:42:12,positif,mudah
melakukan pembayaran tanpa sepengetahuan pengguna🥲,1,2026-05-13 07:36:00,negatif,bayar tahu guna
happy,5,2026-05-13 07:24:16,positif,happy
puass sekali,5,2026-05-13 07:24:12,positif,puass
simple biaya transfer beda bank murah,5,2026-05-13 07:23:30,positif,simple biaya transfer beda bank murah
sangat membantu buak tf,5,2026-05-13 07:20:31,positif,bantu buak tf
enak,5,2026-05-13 07:11:06,positif,enak
bagus bangat,5,2026-05-13 07:09:52,positif,bagus bangat
bagus sekali,5,2026-05-13 07:08:18,positif,bagus
sangat menudahkan dlm transaksi dan cepat tidak pernah ada gangguan,5,2026-05-13 07:06:36,positif,menudahkan dlm transaksi cepat ganggu
transaksi mudah aman dan gratis buat transfer,5,2026-05-13 07:04:33,positif,transaksi mudah aman gratis transfer
senang sekali cepat transfernya.,5,2026-05-13 07:02:43,positif,senang cepat transfer
mudah banget,5,2026-05-13 06:53:57,positif,mudah banget
sampah,1,2026-05-13 06:50:05,negatif,sampah
seabank mudah di gunakan tidak ribet ada bunganya lagi semakin bayak kita nabung semakin besar bunganya pendapatan kita terima kasih seabank,5,2026-05-13 06:48:43,positif,seabank mudah ribet bunga bayak nabung bunga dapat terima kasih seabank
sangat suka dengan apk ini,5,2026-05-13 06:44:35,positif,suka apk
sangat membantu dan mudah di gunakan,5,2026-05-13 06:23:38,positif,bantu mudah
lanjutkan yang sudah bagus,5,2026-05-13 06:19:20,positif,lanjut bagus
sanggat bagus,5,2026-05-13 06:18:20,positif,sanggat bagus
tolong matikan verifikasi muka di akun saya karena yang mempunyai ktp sudah tiada dan ada saldo di akun saya jadi saya tidak bias login di akun nya karena verifikasi muka,1,2026-05-13 06:15:44,negatif,tolong mati verifikasi muka akun ktp tiada saldo akun bias login akun nya verifikasi muka
proses cepat,5,2026-05-13 06:11:33,positif,proses cepat
the best apk,5,2026-05-13 06:06:14,positif,the best apk
terimakasih banyak atas aplikasinya,5,2026-05-13 06:00:10,positif,terimakasih aplikasi
nomor verifikasi OTP nya kagak keluar keluar udah nunggu 10 menit pake 2 nomer kagak keluar keluar kata gw mahh tolong perbaiki!!! n,1,2026-05-13 05:54:09,negatif,nomor verifikasi otp nya kagak udah nunggu menit pake nomer kagak gw mahh tolong baik n
lebih enak kalau seabank,5,2026-05-13 05:53:41,positif,enak seabank
aplikasi nya sangat bagus dan mudah digunakan.,5,2026-05-13 05:46:02,positif,aplikasi nya bagus mudah
ntaps,5,2026-05-13 05:42:34,positif,ntaps
ist the best,5,2026-05-13 05:41:43,positif,ist the best
oke baik,5,2026-05-13 05:36:12,positif,oke
"suka pakai seabank, sangat praktis buat irt kaya saya, isi saldo hanya ke konter dekat rumah, ga perlu jauh2 cari ATM",5,2026-05-13 05:32:51,positif,suka pakai seabank praktis irt kaya isi saldo konter rumah ga cari atm
mantabz,5,2026-05-13 05:30:56,positif,mantabz
tidak puas dengan sistem tarik tunai hanya bisa di Indomaret itu pun kadang Indomaret menyediakan uang untuk tarik tunai aku paling besar 700 RB.,1,2026-05-13 05:29:09,negatif,puas sistem tarik tunai indomaret kadang indomaret sedia uang tarik tunai rb
mantappppp,5,2026-05-13 05:26:19,positif,mantappppp
semoga amanah n terpercaya,4,2026-05-13 05:22:50,positif,moga amanah n percaya
"sering transaksi di seabank sampe berjuta"" sampe nol saldo tapi gapernah muncul fitur pijaman seabank , pengguna lama tapi dikecewakan",5,2026-05-13 05:16:33,positif,transaksi seabank sampe juta sampe nol saldo gapernah muncul fitur pijaman seabank guna kecewa
susah ganti no rekening,3,2026-05-13 05:11:23,netral,susah ganti no rekening
"semenjak pakai seabank mudah transaksi dan selalu ada bunga harian jadi saldo selalu nambah , terimakasih seabank, dan sekarang ada seabank pinjam 😊 limit nya lumayan dan tenor nya panjang senang pokok nya pakai seabank😊",5,2026-05-13 05:10:47,positif,semenjak pakai seabank mudah transaksi bunga hari saldo nambah terimakasih seabank seabank pinjam  limit nya lumayan tenor nya senang pokok nya pakai seabank
josjis,5,2026-05-13 05:07:44,positif,josjis
"Mantap banget ya appsnya,mudah digunakan dan ngga ribet,bebas iklan bug ataupun lelet,cepat bila dijalankan dan mengakses semua menu2 nya,namun yang disayangkan pernah juga ketika dipakai terkadang agak2 sulit membukanya pas pada saat koneksi internet lagi kurang stabil dan malah hanya berputar2 saja,mungkin cuma itu sjaa hal yang biasa terjadi diappsnya dan yang lain2 sesuai pengalaman transaksi sukses ya.saran dan masukan tuk kedepanya agar yang eror segera dibenahi lagi ya.",5,2026-05-13 05:06:53,positif,mantap banget ya appsnyamudah ngga ribetbebas iklan bug leletcepat jalan akses menu nyanamun sayang pakai terkadang sulit buka pas koneksi internet stabil putar sajamungkin sjaa diappsnya sesuai alam transaksi sukses yasaran masuk tuk depa eror benah ya
transaksi pending,5,2026-05-13 05:01:42,positif,transaksi pending
simple n banyak gratis transfernya,5,2026-05-13 04:58:57,positif,simple n gratis transfer
aplikasi bagus transaksinya cepat,5,2026-05-13 04:58:49,positif,aplikasi bagus transaksi cepat
"terimakasih,sangat membantu",5,2026-05-13 04:54:14,positif,terimakasihsangat bantu
"mntp, proses ce pat tidak ribet",5,2026-05-13 04:51:27,positif,mntp proses ce pat ribet
siip,5,2026-05-13 04:46:17,positif,siip
udh ga aman pake seabank . di jam tidur tiba tiba nge TF sendiri.,1,2026-05-13 04:45:30,negatif,udh ga aman pake seabank jam tidur nge tf
"akun tiba tiba terblokir dengan alesan yang tidak tepat, bahkan ingin membuka pemblokiran saja dipersulit padahal saya sudah mengikuti semua langkah langkah yang diberikan oleh pihak seabank.",1,2026-05-13 04:40:52,negatif,akun blokir alesan buka blokir sulit ikut langkah langkah seabank
😎👍,5,2026-05-13 04:35:48,positif,
👍🏻👍🏻👍🏻👍🏻👍🏻,5,2026-05-13 04:29:22,positif,
aplikasinya gak ribett. dijamin indehoyy,5,2026-05-13 04:28:22,positif,aplikasi gak ribett jamin indehoyy
sangat bagus krna tidak biaya pengirimn,5,2026-05-13 04:25:01,positif,bagus krna biaya pengirimn
terlalu banyak tampil dan iklan,1,2026-05-13 04:24:34,negatif,tampil iklan
pengunaan baik,5,2026-05-13 04:20:48,positif,pengunaan
"good, lebih mudah",5,2026-05-13 04:13:52,positif,good mudah
jossjisss,5,2026-05-13 04:09:05,positif,jossjisss
best,5,2026-05-13 04:08:40,positif,best
"sangat mudah melakukan transfer atau penarikan dana, aman dan nyaman",5,2026-05-13 04:06:12,positif,mudah transfer tari dana aman nyaman
baguss kok,5,2026-05-13 04:01:49,positif,baguss
"Tolong pihak seabank diperbaiki, saya TF uang dari seabank, pengiriman gagal dan uangnya kepotong ga kembali lagii👎",1,2026-05-13 03:54:53,negatif,tolong seabank baik tf uang seabank kirim gagal uang potong ga lagi
bagus dan lancar,5,2026-05-13 03:51:52,positif,bagus lancar
bank yang baik,5,2026-05-13 03:49:38,positif,bank
kren,5,2026-05-13 03:45:12,positif,kren
cepet,5,2026-05-13 03:43:00,positif,cepet
mudah dan praktis 😀👍,5,2026-05-13 03:40:30,positif,mudah praktis 
"suka dgan fiturnya, cepat dan jelas, merasa lebih aman dan tenang uang berada di SEA bank.",5,2026-05-13 03:37:15,positif,suka dgan fiturnya cepat aman tenang uang sea bank
terbaik lha pokok nya,5,2026-05-13 03:36:52,positif,baik lha pokok nya
terimaksih selalu memberi kemudahan semoga tingkat keamanan & kepercayaan kita selalu terjaga hahaha,5,2026-05-13 03:34:15,positif,terimaksih mudah moga tingkat aman percaya jaga hahaha
mantap dari dana ke seabank terus ke shopee pay begitu mantap,5,2026-05-13 03:24:53,positif,mantap dana seabank shopee pay mantap
ENAK GAK RIBET,5,2026-05-13 03:17:04,positif,enak gak ribet
mantap 👍,4,2026-05-13 03:12:10,positif,mantap 
mudah da cepat transaksi .. aman,5,2026-05-13 02:59:12,positif,mudah da cepat transaksi aman
perfect,5,2026-05-13 02:54:12,positif,perfect
semoga sukses selalu,5,2026-05-13 02:51:52,positif,moga sukses
bank digital terbaik,5,2026-05-13 02:51:48,positif,bank digital baik
"Asli terbaik dan sangat puas ((VPDWDJ ))saat pertama kalian mendaftar guna mendapatkan bonus tambahan koin, hanya saja terkadang APBN agar sulit dibuka dan dioperasikan pas pada saat koneksi internet telegram stabil dan mudah hanya berputar-putar saja,mungkin cuma itu saja hal yang biasa terjadi di apps ini dan yang lain2 sesuai pengalaman transaksi sukses, cara gambar ikan cupang agar yang error segera dibenahi lagi ya.Terbaik dan sangat rekomended banget ya,agar kedepannya lbh baik lagi ya.",5,2026-05-13 02:49:11,positif,asli baik puas vpdwdj daftar bonus tambah koin terkadang apbn sulit buka operasi pas koneksi internet telegram stabil mudah berputarputar sajamungkin apps sesuai alam transaksi sukses gambar ikan cupang error benah yaterbaik rekomended banget yaagar depan lbh ya
bagus dan efisien,5,2026-05-13 02:38:49,positif,bagus efisien
mantappp terpercaya,5,2026-05-13 02:37:38,positif,mantappp percaya
sangat membantu dan biaya murah,5,2026-05-13 02:34:51,positif,bantu biaya murah
"suka dengan aplikasi ini,mempermudah buat transaksi apapun 🥰",5,2026-05-13 02:26:16,positif,suka aplikasi inimempermudah transaksi apa 
"Lebih praktis bayar shope dan bayar apapun,",5,2026-05-13 02:19:08,positif,praktis bayar shope bayar apa
ok sangat membantu,5,2026-05-13 02:17:44,positif,ok bantu
aplikasi ini yang sangat baik dan aman !!!!!!!!,5,2026-05-13 02:15:46,positif,aplikasi aman
"kenapa ketika ada kendala sea bank responya lambat? mau komunikasi dg CS nomer antrian gk berhenti² dan ketika nunggu lama, dan ketika layar hp mati antrian harus di ulang dari awal lagi?",1,2026-05-13 02:09:14,negatif,kendala sea bank responya lambat komunikasi dg cs nomer antri gk henti nunggu layar hp mati antri ulang
lumayan bagus apk nya,5,2026-05-13 02:07:40,positif,lumayan bagus apk nya
apk the best,5,2026-05-13 02:04:08,positif,apk the best
oke..mantap..,5,2026-05-13 01:57:53,positif,okemantap
mantab,5,2026-05-13 01:48:30,positif,mantab
proses transfer sangat cepat,5,2026-05-13 01:43:29,positif,proses transfer cepat
"pengiriman cepat dan terpercaya, makasih seabank🥰",5,2026-05-13 01:40:20,positif,kirim cepat percaya makasih seabank
bank digital yg jos pokonya aman transaksi bnyk yg gratis,5,2026-05-13 01:24:57,positif,bank digital yg jos poko aman transaksi bnyk yg gratis
like you,5,2026-05-13 01:10:05,positif,like you
sangat di sarankan bagus,5,2026-05-13 00:56:15,positif,saran bagus
semua y mudah,5,2026-05-13 00:55:58,positif,y mudah
"Terbaik, transaksinya mudah dan lancar",4,2026-05-13 00:52:13,positif,baik transaksi mudah lancar
mudah dan cepat transaksinya,5,2026-05-13 00:44:54,positif,mudah cepat transaksi
Aplikasi SeaBank Sangat Di percaya & mudah untuk slalu transfer,5,2026-05-13 00:41:35,positif,aplikasi seabank percaya mudah slalu transfer
Apps yang sangat mudah dan membantu sekali,5,2026-05-13 00:40:13,positif,apps mudah bantu
sangat membantu untuk bertransaksi tanpa biaya admin,4,2026-05-13 00:39:12,positif,bantu transaksi biaya admin
okee,5,2026-05-13 00:38:15,positif,okee
apk yang sangat mudah dan pintar💪💪💯💯,5,2026-05-13 00:35:07,positif,apk mudah pintar
fitur tidak komplit,2,2026-05-13 00:29:01,negatif,fitur komplit
Kenapa ya fitur pinjaman saya blm muncul 🙏🙏🙏,5,2026-05-13 00:24:15,positif,ya fitur pinjam blm muncul 
"Praktis oke juga harga,terjangkau.programnya & internalnya lebih bekerja dgn baik,bebas iklan,bug,ataupun lelet,cepatlah ketika dijalankan & mengakses smua menu2nya. Tapi di sayangkan sering ketika dipakai terkadang agak"" sulit membukanya pas saat koneksi lagi buruk / tidak stabil, terkadang loadingnya lambat banget dan cuma berputar-putar saja. mungkin cuma hal yang biasa terjadi di apps ini dan yang lain-lainnya coba sesuai pengalaman transaksi sukses,masukan tuk bagusnya dibenahi segalanya..",5,2026-05-13 00:22:42,positif,praktis oke hargaterjangkauprogramnya internal dgn baikbebas iklanbugataupun leletcepatlah jalan akses smua menu sayang pakai terkadang sulit buka pas koneksi buruk stabil terkadang loadingnya lambat banget berputarputar apps lainlainnya coba sesuai alam transaksi suksesmasukan tuk bagus benah
"sangat memberikan kemudahan buat costemer, yang paling hebat nya lagi tidak ada beban administrasi",5,2026-05-13 00:18:12,positif,mudah costemer hebat nya beban administrasi
"sangat bagus bangat., saya suka dengan seabank ini",5,2026-05-13 00:17:56,positif,bagus bangat suka seabank
lebih simpel dan cepat 👍,5,2026-05-13 00:17:32,positif,simpel cepat 
"cepat,dan gampang",5,2026-05-13 00:11:41,positif,cepatdan gampang
terpercaya,5,2026-05-13 00:05:17,positif,percaya
prosesnya sgt cept db mudah.... mksh seabank... 👍👍👍👍😄,5,2026-05-13 00:01:14,positif,proses sgt cept db mudah mksh seabank 
sangat mudah dan cepat,5,2026-05-12 23:42:08,positif,mudah cepat
kalau bisa gratis kalau mau transfer 🤭🙏,4,2026-05-12 23:39:17,positif,gratis transfer 
walau apk ini mau mirip bank lain pada umum nya Krn g pakai no tp punya no rekening nya,5,2026-05-12 23:33:59,positif,apk bank nya krn g pakai no tp no rekening nya
sangat bikin saya memuaskan karena dari itu saya kasih bintang 5,5,2026-05-12 23:32:29,positif,bikin muas kasih bintang
semoga lancar,3,2026-05-12 23:17:16,netral,moga lancar
mantul,5,2026-05-12 23:02:22,positif,mantul
msntap,5,2026-05-12 22:52:31,positif,msntap
sangat membantu untuk setiap transaksi,5,2026-05-12 22:50:47,positif,bantu transaksi
sangat memuaskan kan,5,2026-05-12 22:43:04,positif,muas
simple cepat jos jiis,5,2026-05-12 21:56:41,positif,simple cepat jos jiis
godjob,5,2026-05-12 21:55:31,positif,godjob
saya suka saya suke👌👌👌👌👌😘,5,2026-05-12 21:46:56,positif,suka suke
BURUK PENANGANAN CSNYA MUTER MUTER MASALAH TIDAK TERSELESAIKAN,1,2026-05-12 21:44:02,negatif,buruk tangan csnya muter muter selesai
"Bagus oke harga terjangkau,program & internalnya lebih mudah dipahami,bebas iklan,bug,ataupun lelet,enak ketika dijalankan & mengakses smua fitur2nya. Tapi di sayangkan sering ketika pakai terkadang agak"" sulit membukanya pas saat koneksi lagi buruk / tidak stabil,terkadang loadingnya lambat banget dan cuma berputar-putar saja. mungkin beberapa hal yang biasa terjadi di apps ini dan yang lain-lainnya sesuai pengalaman transaksi sukses,, masukan tuk bagusnya dibenahi tiap permasalahan -Nilum",5,2026-05-12 21:32:40,positif,bagus oke harga terjangkauprogram internal mudah dipahamibebas iklanbugataupun leletenak jalan akses smua fiturnya sayang pakai terkadang sulit buka pas koneksi buruk stabilterkadang loadingnya lambat banget berputarputar apps lainlainnya sesuai alam transaksi sukses masuk tuk bagus benah masalah nilum
bikin pinjam saldo,5,2026-05-12 21:25:40,positif,bikin pinjam saldo
Nice one,5,2026-05-12 21:06:55,positif,nice one
sangat membatu dalam pembayaran,5,2026-05-12 20:58:43,positif,batu bayar
suka puas,5,2026-05-12 20:50:47,positif,suka puas
kereeenn,5,2026-05-12 20:39:08,positif,kereeenn
simple dan sangat memuaskan,5,2026-05-12 20:34:34,positif,simple muas
seabank memang sangat membatu untuk transaksi yang sangat cepat dalam transaksi oke terimakasih Seabank,5,2026-05-12 20:27:15,positif,seabank batu transaksi cepat transaksi oke terimakasih seabank
"Tidak bisa buat transfer, tolong di perbaiki",1,2026-05-12 20:14:30,negatif,transfer tolong baik
sangat menarik,5,2026-05-12 20:00:03,positif,tarik
sangat baguss.. menguntungkan,5,2026-05-12 19:41:33,positif,baguss untung
kasi paylater dong,5,2026-05-12 19:35:29,positif,kasi paylater
terimakasih,5,2026-05-12 19:07:03,positif,terimakasih
acc dong spinjam saya,5,2026-05-12 18:52:54,positif,acc spinjam
membuat transaksi menjadi lebih mudah dalam dunia Digital,5,2026-05-12 18:45:31,positif,transaksi mudah dunia digital
good SeaBank,5,2026-05-12 18:36:07,positif,good seabank
aman dan cepat prossnya🥰,5,2026-05-12 18:35:56,positif,aman cepat prossnya
"mudah di gunakan,, sangat bermanfaat",5,2026-05-12 18:05:39,positif,mudah manfaat
penggunaan simpel keamanan sangat terjamin ada bonus tiap hari transaksi aman tidak ada gangguan..,5,2026-05-12 18:00:27,positif,guna simpel aman jamin bonus transaksi aman ganggu
ga merasa mengganti nomor tapi ketika transaksi VA ga bisa karena nomor di ganti ke......nmor baru,5,2026-05-12 17:55:11,positif,ga ganti nomor transaksi va ga nomor ganti kenmor
transaksi lebih mudah,5,2026-05-12 17:46:34,positif,transaksi mudah
mantep pol,5,2026-05-12 17:46:19,positif,mantep pol
"Luar Biasa,, Cara peMakaian, Gampang & Mudah di Mengerti 😁 🙏",5,2026-05-12 17:19:23,positif,pakai gampang mudah erti  
pokonya mantap,5,2026-05-12 17:18:16,positif,poko mantap
"Dana Saya terkurung, sudah lebih 1x24 jam.. lapor ke customer servis tidak ada tindakan",1,2026-05-12 17:13:27,negatif,dana kurung x jam lapor customer servis tindak
SEABANK sangat REKOMENDED dan RESPONSIF ketika di operasikan serta keamanannya terjamin.,5,2026-05-12 17:00:14,positif,seabank rekomended responsif operasi aman jamin
apa-apa serba sat set,5,2026-05-12 16:59:28,positif,apaapa serba sat set
open blocked is long! not responsible,3,2026-05-12 16:59:00,netral,open blocked is long not responsible
maju terusss,5,2026-05-12 16:53:08,positif,maju terusss
saya sangat terbantu,4,2026-05-12 16:22:25,positif,bantu
"mudah,cepat,banyak promonya ,saya sangat suka",5,2026-05-12 16:20:24,positif,mudahcepatbanyak promonya suka
"Semenjak ada biaya admin untuk metode pembayaran shopeePAY, Seabank jadi makin tidak berguna",1,2026-05-12 16:19:44,negatif,semenjak biaya admin metode bayar shopeepay seabank guna
on top,5,2026-05-12 16:15:45,positif,on top
transfer gak kena biayaya,5,2026-05-12 16:00:10,positif,transfer gak kena biayaya
mempermudah dalam proses pembayaran,5,2026-05-12 16:00:02,positif,mudah proses bayar
gak ada seabank pinjamnya,5,2026-05-12 15:56:19,positif,gak seabank pinjam
Amann terpercaya dan transfer cepat Amanah juga,5,2026-05-12 15:54:10,positif,amann percaya transfer cepat amanah
apk baik,5,2026-05-12 15:51:24,positif,apk
suka bangen mudah car nya,5,2026-05-12 15:51:02,positif,suka bangen mudah car nya
baik l,5,2026-05-12 15:44:50,positif,l
"sangat membantu dalam melakukan semua transaksi,",5,2026-05-12 15:32:40,positif,bantu transaksi
praktis,5,2026-05-12 15:29:23,positif,praktis
bagus skali,4,2026-05-12 15:16:01,positif,bagus skali
bagus proses cepat,5,2026-05-12 15:14:56,positif,bagus proses cepat
"bintang 3 dulu ya, sering transaksi di SEA bank, tapi belum dikasih pinjaman ny, sedikit kecewa sih",3,2026-05-12 15:12:51,netral,bintang ya transaksi sea bank kasih pinjam ny kecewa sih
senang menggunakan seabank gak ribet aman,5,2026-05-12 15:01:57,positif,senang seabank gak ribet aman
sangat Bagus,5,2026-05-12 15:01:25,positif,bagus
puas sekali,5,2026-05-12 15:01:14,positif,puas
praktis dan aman tentunya,5,2026-05-12 14:58:03,positif,praktis aman
mntap saya suka untuk transfer dan top up cept aplikasinya ringn untuk data,5,2026-05-12 14:56:40,positif,mntap suka transfer top up cept aplikasi ringn data
aplikai na sangat mudh,5,2026-05-12 14:47:24,positif,aplikai na mudh
gagall masuk terus kenapa yaa ?,5,2026-05-12 14:37:30,positif,gagall masuk yaa
BINTANG 5 TAPI KU BUKAN ANCAMAN,5,2026-05-12 14:36:44,positif,bintang ku ancam
Good job,4,2026-05-12 14:35:02,positif,good job
"transaksi cepat,selalu aktif,tp kenapa blm terpilih juga 🤣🤣,makanya saya kasih 🌟 4",4,2026-05-12 14:32:35,positif,transaksi cepatselalu aktiftp blm pilih makanya kasih 
susah di abdet,5,2026-05-12 14:26:23,positif,susah abdet
sangat membantu dan bisa di andalkan apalagi buat usaha TF antar bank,5,2026-05-12 14:23:27,positif,bantu andal usaha tf bank
baik dan baik,5,2026-05-12 14:20:15,positif,
semoga transaksi dan tabungan aman selamanya,4,2026-05-12 14:19:23,positif,moga transaksi tabung aman
sangat puas dgn layanan nya,5,2026-05-12 14:14:44,positif,puas dgn layan nya
cepat,5,2026-05-12 14:12:53,positif,cepat
seabank mantappp,5,2026-05-12 13:57:51,positif,seabank mantappp
guud,5,2026-05-12 13:50:46,positif,guud
puas bgt,5,2026-05-12 13:50:36,positif,puas bgt
apa bener ada hadiah bonus 200 ribu. tapi saya buat akun nya seabank ga ada yang masuk tuh,5,2026-05-12 13:47:32,positif,bener hadiah bonus ribu akun nya seabank ga masuk tuh
"mantap , bnyk gratisnya",5,2026-05-12 13:46:47,positif,mantap bnyk gratis
"seneng banget pake seabank, soalnya kalo nabung duitnya nambah bukan ngurang I Love SeaBank🥰🥰",5,2026-05-12 13:35:27,positif,neng banget pake seabank kalo nabung duit nambah ngurang i love seabank
simple dan bagus,5,2026-05-12 13:27:35,positif,simple bagus
"saya sudah menggunakan seabank transaksi tiap hari tetapi fitur seabank pinjam tidak muncul""",1,2026-05-12 13:27:04,negatif,seabank transaksi fitur seabank pinjam muncul
𝑏𝑒𝑙𝑢𝑚 𝑡𝑢 𝑏𝑎𝑔𝑢𝑠 𝑎𝑝𝑎 𝑔𝑎 𝑛𝑦𝑎 𝑏𝑟𝑢 𝑝𝑒𝑟𝑡𝑎𝑚𝑎 𝑘𝑙𝑖 𝑛𝑦𝑜𝑏𝑎,3,2026-05-12 13:26:41,netral,         
"Terbaik seabank. suka mengagumkan. program & internalnya lebih flexible du pakainya. bebas iklan.bug dan lelet cepat bila dijalankan & mengakses semua menunya. tapi sangat disayangkan pernah juga di pakai terkadang agak"" sulit membukanya dalam keadaan koneksi tidak stabil terkadang perputaran sedikit lelet & cuma berputar-putar saja. mungkin hanya bisa terjadi di app ini dan yang lainnya sesuai pengalaman tran saksi berhasil. baiknya tuk perkembangan di perbaiki semua. thx",5,2026-05-12 13:25:02,positif,baik seabank suka kagum program internal flexible du pakai bebas iklanbug lelet cepat jalan akses menu sayang pakai terkadang sulit buka koneksi stabil terkadang putar lelet berputarputar app sesuai alam tran saksi hasil baik tuk kembang baik thx
membantu bgt,5,2026-05-12 13:24:41,positif,bantu bgt
"buka rekening gampang, dapat kuota nol biaya transfer beda bank. Semoga bisa dipercaya dan tidak merugikan",5,2026-05-12 13:24:21,positif,buka rekening gampang kuota nol biaya transfer beda bank moga percaya rugi
bahagia bukan senang lagi,5,2026-05-12 13:19:22,positif,bahagia senang
okee bagus,4,2026-05-12 13:17:05,positif,okee bagus
bagus bangget mudah cepat dan GK ribet,5,2026-05-12 13:16:04,positif,bagus bangget mudah cepat gk ribet
ok bgt,5,2026-05-12 13:13:11,positif,ok bgt
seabank its ok,5,2026-05-12 13:12:38,positif,seabank its ok
good 👍,5,2026-05-12 13:11:35,positif,good 
Alhamdulillah Bermanfa'at Sekali Pakai SeaBank,5,2026-05-12 13:10:36,positif,alhamdulillah manfaat pakai seabank
"mudah, tidak ada biaya admin transfer ke rekening bank lain sampai 100 kuota, bunga bank tinggi, tiap hari ada bunganya tingkatkan kemudahannya supaya semakin banyak yg pakai seabank",5,2026-05-12 13:09:40,positif,mudah biaya admin transfer rekening bank kuota bunga bank bunga tingkat mudah yg pakai seabank
semoga aman,5,2026-05-12 13:06:01,positif,moga aman
ok banget puas lah,4,2026-05-12 13:02:24,positif,ok banget puas
bebas biaya admin,5,2026-05-12 13:00:44,positif,bebas biaya admin
bagus apk nya,5,2026-05-12 12:58:14,positif,bagus apk nya
aplikasi yang mudah untuk di gunakan,5,2026-05-12 12:54:33,positif,aplikasi mudah
very good,5,2026-05-12 12:52:55,positif,very good
Di riwayat transaksi di sebutkan transaksi berhasil.tapi dana tidak masuk ke rekening penerima.bagaimana ini solusinya??cuma di suruh menunggu,3,2026-05-12 12:41:12,netral,riwayat transaksi sebut transaksi berhasiltapi dana masuk rekening penerimabagaimana solusinyacuma suruh tunggu
mantap cokkkk,5,2026-05-12 12:40:00,positif,mantap cokkkk
Baik dan cepat transaksi,5,2026-05-12 12:36:13,positif,cepat transaksi
mantap sea bank,5,2026-05-12 12:32:52,positif,mantap sea bank
mantaap transfer kesemua bank dgn gratis adm.tp utk pembelian token adminnya tinggi x.,5,2026-05-12 12:26:21,positif,mantaap transfer semua bank dgn gratis admtp utk beli token adminnya x
transaksi cepat good,5,2026-05-12 12:25:38,positif,transaksi cepat good
lumayan,5,2026-05-12 12:25:06,positif,lumayan
"aku suka pake seabank easy,",5,2026-05-12 12:25:03,positif,suka pake seabank easy
bagus lancar ga ribet,5,2026-05-12 12:24:19,positif,bagus lancar ga ribet
mudah digunakan dan ga ada biaya adm..suka suka suka,5,2026-05-12 12:22:27,positif,mudah ga biaya admsuka suka suka
"pelayanan cs nya jelek, jelas"" saya kirim bukti qris itu dari online. Masih aja tanya ""bapak melakukan transaksi qris offline/online?"" gajelas, makanya kerja tuh totalitas, di liat baik"" customer itu ngirim screenshot an apa.",3,2026-05-12 12:18:17,netral,layan cs nya jelek kirim bukti qris online aja transaksi qris offlineonline gajelas kerja tuh totalitas liat customer ngirim screenshot an
sangat mudah di gunakan dan cocok buat transfer,5,2026-05-12 12:14:58,positif,mudah cocok transfer
lancarr,3,2026-05-12 12:13:47,netral,lancarr
sangat puas. katanya buka rec seabank bisa dapat bonus 200rb. kenapa saya ga dapat 😢,5,2026-05-12 12:12:59,positif,puas buka rec seabank bonus rb ga 
mantap sangat membantu,5,2026-05-12 12:03:47,positif,mantap bantu
KEREN POKOKNYA TOP BANK!! Please jangan berubah sistem nya ya,5,2026-05-12 12:02:27,positif,keren pokok top bank please ubah sistem nya ya
abis pembaruan kenapa suka ga kluar malh jdi layar putih terus ya,3,2026-05-12 11:55:37,netral,abis baru suka ga kluar malh jdi layar putih ya
kirim ke dana kena potongan,1,2026-05-12 11:54:42,negatif,kirim dana kena potong
cpat,5,2026-05-12 11:54:34,positif,cpat
transfer dan terima sangat cepat,5,2026-05-12 11:52:09,positif,transfer terima cepat
Tidak ada biaya transfer,5,2026-05-12 11:50:26,positif,biaya transfer
aman amanah,5,2026-05-12 11:49:13,positif,aman amanah
mempermudah transaksi,5,2026-05-12 11:44:05,positif,mudah transaksi
knpa akun saya di blokir tdk bisa trasaksi,1,2026-05-12 11:40:43,negatif,knpa akun blokir tdk trasaksi
.mantap,4,2026-05-12 11:32:11,positif,mantap
BAGUS DN CPAT SYA SUKA,5,2026-05-12 11:24:14,positif,bagus dn cpat sya suka
Transaksi sangat memuaskan,5,2026-05-12 11:18:11,positif,transaksi muas
cepat buat transaksi dan gratis admin,5,2026-05-12 11:09:43,positif,cepat transaksi gratis admin
bagus sangat membantu,5,2026-05-12 11:08:25,positif,bagus bantu
"sip mantul,,,proses cepat dan aman,,👍",5,2026-05-12 11:08:24,positif,sip mantulproses cepat aman
"ASli sangat praktis,program dan internalnya lebih memadai dipakai,bebas iklan,bug,ataupun lelet,cepat bila dijalankan dan mengakses semua menunya. Namun disayangkan pernah juga di pakai terkadang agak"" sulit membukanya pas saat koneksi lagi buruk/kurang bagus,terkadang perputarannya lambat banget dan cuma berputar - putar saja. Mungkin cuma hal yang biasa terjadi di apps ini & yang lain lainnya sesuai pengalaman transaksi berhasil,masukan untuk pengembangan nya dibenahi semua eror-",5,2026-05-12 11:00:41,positif,asli praktisprogram internal pada dipakaibebas iklanbugataupun leletcepat jalan akses menu sayang pakai terkadang sulit buka pas koneksi burukkurang bagusterkadang putar lambat banget putar putar apps sesuai alam transaksi berhasilmasukan kembang nya benah eror
saya merasa puas dengan pelayanan aplikasi seabank,5,2026-05-12 10:56:18,positif,puas layan aplikasi seabank
sangat bagus dan cepat trimaksih,5,2026-05-12 10:53:21,positif,bagus cepat trimaksih
sangat recommended,5,2026-05-12 10:48:57,positif,recommended
mantap transaksi cepat,5,2026-05-12 10:48:05,positif,mantap transaksi cepat
suka dengan gratis transfer an nya,5,2026-05-12 10:43:05,positif,suka gratis transfer an nya
jos ok,3,2026-05-12 10:41:56,netral,jos ok
😀👍,4,2026-05-12 10:41:08,positif,
aman terkendali,5,2026-05-12 10:39:38,positif,aman kendali
woi admin gimna ni kok tiba² uang saya ke kirim SUSNIA seabank sedangkan saya tidak ada memperstujui transaksi gimna ni,1,2026-05-12 10:37:53,negatif,woi admin gimna ni tiba uang kirim susnia seabank memperstujui transaksi gimna ni
sangat baik sea bank membantu dgn cepat. trimakasih,5,2026-05-12 10:37:12,positif,sea bank bantu dgn cepat trimakasih
cepat transaksi nya,5,2026-05-12 10:36:34,positif,cepat transaksi nya
"mantap.mantap mantaaap,sangat puas",5,2026-05-12 10:31:15,positif,mantapmantap mantaaapsangat puas
ke dana kok gak bisa boss,5,2026-05-12 10:28:51,positif,dana gak boss
"top terbaik mudah dipakai dan ga ribet, bebas iklan, bug, ataupun lelet, cepat bila dijalankan dan mengakses semua menu2nya, tapi yang disayangkan pernah juga ketika dipakai terkadang agak sulit membukanya pada saat koneksi internet lagi kurang stabil, dan malah hanya berputar-putar saja, mungkin cuman itu saja hal yang biasa terjadi di apps-nya dan yang lain sesuai pengalaman transaksi sukses, saran dan masukan untuk kedepannya agar yang error segera dibenahi lagi agar lebih maximal saat dipake",5,2026-05-12 10:27:45,positif,top baik mudah pakai ga ribet bebas iklan bug lelet cepat jalan akses menu sayang pakai terkadang sulit buka koneksi internet stabil berputarputar cuman appsnya sesuai alam transaksi sukses saran masuk depan error benah maximal dipake
fitur kurang lengkap,1,2026-05-12 10:26:24,negatif,fitur lengkap
maksimal,5,2026-05-12 10:25:41,positif,maksimal
apk sangat membantu,5,2026-05-12 10:23:17,positif,apk bantu
selamat sore untuk aplikasi bagus.. semuanya menarik simpel nanti update lagi ya,3,2026-05-12 10:20:17,netral,selamat sore aplikasi bagus tarik simpel update ya
mantappp sebank,5,2026-05-12 10:18:32,positif,mantappp bank
"mudah ga ribet ,,MANTAB",5,2026-05-12 10:17:11,positif,mudah ga ribet mantab
"ASli sangat praktis,program dan internalnya lebih memadai dipakai,bebas iklan,bug,ataupun lelet,cepat bila dijalankan dan mengakses semua menunya. Namun disayangkan pernah juga di pakai terkadang agak"" sulit membukanya pas saat koneksi lagi buruk/kurang bagus,terkadang perputarannya lambat banget dan cuma berputar - putar saja. Mungkin cuma hal yang biasa terjadi di apps ini & yang lain lainnya sesuai pengalaman transaksi berhasil,masukan untuk pengembangan nya dibenahi semua eror -smk",5,2026-05-12 10:14:09,positif,asli praktisprogram internal pada dipakaibebas iklanbugataupun leletcepat jalan akses menu sayang pakai terkadang sulit buka pas koneksi burukkurang bagusterkadang putar lambat banget putar putar apps sesuai alam transaksi berhasilmasukan kembang nya benah eror smk
NICE,5,2026-05-12 10:11:11,positif,nice
𝐨𝐤 𝐛𝐚𝐢𝐤 𝐬𝐞𝐤𝐚𝐥𝐢 𝐭𝐚𝐩𝐢 𝐡𝐚𝐫𝐢 𝐡𝐚𝐫𝐢 𝐢𝐧𝐢 𝐝𝐢 𝐡𝐩 𝐬𝐞𝐫𝐢𝐧𝐠 𝐧𝐠𝐞𝐥𝐞𝐤𝐛 𝐬𝐞𝐧𝐝𝐢𝐫𝐢 𝐚𝐩𝐤 𝐢𝐧𝐢... 𝐭𝐚𝐤 𝐧𝐠𝐤 𝐩𝐚𝐩𝐚 𝐭𝐚𝐩𝐢 𝐥𝐚𝐧𝐜𝐚𝐫 𝐛𝐮𝐚𝐭 𝐛𝐲𝐚𝐫 𝐝𝐢 𝐰𝐚𝐫𝐮𝐧𝐠 𝐤𝐥𝐨𝐧𝐲𝐨𝐧𝐠,5,2026-05-12 10:10:31,positif,                       
"Setor tunai dan tarik tunai di Indomaret tidak ada biaya alias gratis. Tlng ditambahi fitur tarik tunai dan setor tunai di alfamart ya, trima kasih",4,2026-05-12 10:07:44,positif,setor tunai tarik tunai indomaret biaya alias gratis tlng tambah fitur tarik tunai setor tunai alfamart ya trima kasih
bagus membantu banget,5,2026-05-12 10:05:51,positif,bagus bantu banget
simpel dan sangat membantu,5,2026-05-12 10:04:34,positif,simpel bantu
oke dan sangat cepat trf,5,2026-05-12 10:01:03,positif,oke cepat trf
makasih,5,2026-05-12 09:47:24,positif,makasih
jos jisss,5,2026-05-12 09:45:40,positif,jos jisss
Proses cepat & sangat membantu,5,2026-05-12 09:45:12,positif,proses cepat bantu
tidak ada dana kaget atau dana talangan,5,2026-05-12 09:22:20,positif,dana kaget dana talang
enaken parah buat transfer,5,2026-05-12 09:20:58,positif,enaken parah transfer
bagus cepat respon,5,2026-05-12 09:19:34,positif,bagus cepat respon
Simple dan Mumpuni Aplikasinya.🫰👍,5,2026-05-12 09:17:00,positif,simple mumpuni aplikasi
"sangat membantu, sea bank terbaik",5,2026-05-12 09:13:44,positif,bantu sea bank baik
"mudah,cepat,efisiendan Hemat tdk ada admin😍😘",5,2026-05-12 09:06:23,positif,mudahcepatefisiendan hemat tdk admin
very usefull and and easy use,5,2026-05-12 09:05:37,positif,very usefull and and easy use
Karena mudah da hemat,5,2026-05-12 08:59:33,positif,mudah da hemat
biarkan bintang yang berbicara,5,2026-05-12 08:51:02,positif,biar bintang bicara
"proses pengiriman lama, refund dananya lama harus nunggu 5 hari, tidak bisa membatalkan pengiriman, buruk. tolong di tindak segera.",2,2026-05-12 08:50:40,negatif,proses kirim refund dana nunggu batal kirim buruk tolong tindak
good service,5,2026-05-12 08:50:40,positif,good service
"mantap dan banyak untungnya punya saldo atau tabungan di sea bank ini..buat apa2..bayar ini itu lancarrr,g ada mslh..biaya atau admin murah bahkan ad yg gratis",5,2026-05-12 08:48:32,positif,mantap untung saldo tabung sea bank inibuat apabayar lancarrrg mslhbiaya admin murah ad yg gratis
sangat bagus dan membantu,5,2026-05-12 08:47:52,positif,bagus bantu
"aplikasi mobile yg amanah, dan di jamin keamanannya",5,2026-05-12 08:47:45,positif,aplikasi mobile yg amanah jamin aman
amazing,5,2026-05-12 08:42:20,positif,amazing
"Terbaik dan sangat rekomended banget ya apps nya,mudah dipakai dan ngga ribet dan sangat nyaman ketika menjelajjahi setiap detail menu2 yang terdapat didalamnya,simpel dan sangat konsisten dipakai dengan berbagai fitur2 yg terdapat didalamnya,hanya saja terkadang appsnya agak sulit dibuka dan dioperasikan pas pada saat koneksi internet lagi kurang stabil dan malah hanya berputar2 saja,mungkin cuma itu sja hal yang biasa terjadi di appsnya,dan yang lain2 sesuai pengalaman sukses ya.",5,2026-05-12 08:41:55,positif,baik rekomended banget ya apps nyamudah pakai ngga ribet nyaman menjelajjahi detail menu didalamnyasimpel konsisten pakai fitur yg didalamnyahanya terkadang appsnya sulit buka operasi pas koneksi internet stabil putar sajamungkin sja appsnyadan sesuai alam sukses ya
suka bangetty,5,2026-05-12 08:36:15,positif,suka bangetty
bagus banget apk ini,5,2026-05-12 08:29:56,positif,bagus banget apk
senang karna lancar dn biaya admin yg murah bebas admin ke lain bank,5,2026-05-12 08:26:01,positif,senang karna lancar dn biaya admin yg murah bebas admin bank
sangat memudahkan saat bertransaksi digital,5,2026-05-12 08:16:25,positif,mudah transaksi digital
proses cepat.lancar..dan gak ribet..,5,2026-05-12 08:14:48,positif,proses cepatlancardan gak ribet
keren aman terpercaya,5,2026-05-12 07:57:06,positif,keren aman percaya
saya baru ini pake seabank bagus untuk transaksi dan pembelian pulsa dan token listrik sangat murah trimakasih sea bank🙏,5,2026-05-12 07:49:07,positif,pake seabank bagus transaksi beli pulsa token listrik murah trimakasih sea bank
layak untuk dapat bintang 4.,4,2026-05-12 07:42:53,positif,layak bintang
kenapa ketika saya buka aplikasi seabank tampilannya tidak ada menu nya layar HP saya putih semua.bagaimana cara solusinya.,5,2026-05-12 07:35:03,positif,buka aplikasi seabank tampil menu nya layar hp putih semuabagaimana solusi
satset mudah,5,2026-05-12 07:33:40,positif,satset mudah
puass banget,5,2026-05-12 07:13:02,positif,puass banget
saya suka banget dengan aplikasi ini semoga enggak ada kendala apa²,5,2026-05-12 07:12:33,positif,suka banget aplikasi moga kendala apa
"Sangat recommended apps ini program & internalnya lebih fleksibel dipakai,bebas iklan,bug,ataupun lelet,cepat bila dijalankan & mengakses smua menu2nya. Tapi di sayangkan pernah juga dipakai terkadang agak"" sulit membukanya pas saat koneksi lagi buruk / tidak stabil,terkadang perputarannya lambat banget dan cuma berputar-putar saja. mungkin cuma hal yang biasa terjadi di apps ini dan yang lain-lainnya sesuai pengalaman transaksi sukses,,masukan tuk perkembangannya dibenahi segalanya_",5,2026-05-12 07:09:08,positif,recommended apps program internal fleksibel dipakaibebas iklanbugataupun leletcepat jalan akses smua menu sayang pakai terkadang sulit buka pas koneksi buruk stabilterkadang putar lambat banget berputarputar apps lainlainnya sesuai alam transaksi suksesmasukan tuk kembang benah
"baru menggunakan seabank pertama kali, tf pertama blm gratis",5,2026-05-12 07:08:02,positif,seabank kali tf blm gratis
biarkan bintang yang bicara,5,2026-05-12 07:06:21,positif,biar bintang bicara
"Sukses Dan Jaya Selalu.. "" SeaBank """,5,2026-05-12 06:54:57,positif,sukses jaya seabank
sangat mudah digunakan,5,2026-05-12 06:53:43,positif,mudah
mantaaap,5,2026-05-12 06:51:07,positif,mantaaap
bintang segini dulu ya udah mantap,4,2026-05-12 06:50:22,positif,bintang gin ya udah mantap
enak nyaman dalam bertransaksi 👍,5,2026-05-12 06:46:35,positif,enak nyaman transaksi 
sangat membantu dan mudah menggunakannya,5,2026-05-12 06:40:33,positif,bantu mudah guna
keamanan nya mohon di tingkatkan lagi,3,2026-05-12 06:38:26,netral,aman nya mohon tingkat
gimana ini kok punya saya ngeblank gabisa dibukaa,3,2026-05-12 06:38:21,netral,gimana ngeblank gabisa dibukaa
memudahkan transaksi sangat membantu,5,2026-05-12 06:38:12,positif,mudah transaksi bantu
Wort it parahh,4,2026-05-12 06:34:51,positif,wort it parahh
gilasih,5,2026-05-12 06:32:49,positif,gilasih
Bismillah,5,2026-05-12 06:32:46,positif,bismillah
oke . well done,5,2026-05-12 06:31:29,positif,oke well done
terima & transfer lebih mudah & menyenangkan,5,2026-05-12 06:31:28,positif,terima transfer mudah senang
"Integrasi Luas. mantab, memuaskan pokoknya",5,2026-05-12 06:26:47,positif,integrasi luas mantab muas pokok
mantapppp,5,2026-05-12 06:26:18,positif,mantapppp
sangat membantu dan bermanfaat,5,2026-05-12 06:23:44,positif,bantu manfaat
seabank mantap,5,2026-05-12 06:20:41,positif,seabank mantap
👍👍👍 lncr dan aman,5,2026-05-12 06:10:53,positif, lncr aman
sejak pake sea bank beli apa aja d shopee lebih mudah,5,2026-05-12 06:03:51,positif,pake sea bank beli aja d shopee mudah
"keren ini seabank, bebas biaya transfer antar bank.. pinjaman ga pake ribet dan bunganya sangat rendah..",5,2026-05-12 06:02:20,positif,keren seabank bebas biaya transfer bank pinjam ga pake ribet bunga rendah
mantapp kali,5,2026-05-12 05:55:51,positif,mantapp kali
seabank sangat mudah,5,2026-05-12 05:54:36,positif,seabank mudah
semoga wd,5,2026-05-12 05:47:24,positif,moga wd
"aman, cepet dan gampang",5,2026-05-12 05:45:35,positif,aman cepet gampang
sangat membatu ibu rumah tangga,5,2026-05-12 05:41:39,positif,batu rumah tangga
Is the Best Digital Bank...,5,2026-05-12 05:41:11,positif,is the best digital bank
masih di perbarui kok ada ngeblank ya kadang putih doang kaya gaada Singal? apakah ada bug?,5,2026-05-12 05:39:10,positif,baru ngeblank ya kadang putih doang kaya gaada singal bug
sangat bagus dan aman,5,2026-05-12 05:36:21,positif,bagus aman
sangat oke,4,2026-05-12 05:32:06,positif,oke
saya puas pake rekening seabank,5,2026-05-12 05:29:49,positif,puas pake rekening seabank
Mantap dan Sempurna,5,2026-05-12 05:29:30,positif,mantap sempurna
sangat mudah simpel dan praktis terimakasih seabank,5,2026-05-12 05:23:41,positif,mudah simpel praktis terimakasih seabank
transaksi mudah dan cepat,1,2026-05-12 05:14:15,negatif,transaksi mudah cepat
sangat mudah dan transaksi mudah dan cepat,5,2026-05-12 05:07:19,positif,mudah transaksi mudah cepat
gacor,5,2026-05-12 05:06:53,positif,gacor
sangat mudah menggunakan seabank 🥰😍,5,2026-05-12 04:56:46,positif,mudah seabank 
sangat membantu proses setiap transasi d lapangan,4,2026-05-12 04:52:24,positif,bantu proses transasi d lapang
sangat bangus,5,2026-05-12 04:49:00,positif,bangus
Sanjay membantu,5,2026-05-12 04:44:07,positif,sanjay bantu
Mudah dan membantu,5,2026-05-12 04:38:03,positif,mudah bantu
alhamdulillah bisa bertransaksi dengan baik ..terima kasih deplover 🙌,4,2026-05-12 04:25:13,positif,alhamdulillah transaksi terima kasih deplover 
praktisss tanpa ribet apapun🤪✌🏻,5,2026-05-12 04:20:35,positif,praktisss ribet apa
baikk,4,2026-05-12 04:13:38,positif,baikk
keren saya suka,5,2026-05-12 03:57:22,positif,keren suka
puas skali menggukan seabank. gercap penangananx joss sukses sllu seabank luv luv ❤😘,5,2026-05-12 03:55:42,positif,puas skali menggukan seabank gercap penangananx joss sukses sllu seabank luv luv 
"Bagus, aplikasinya mudah dipahami👍👍👍👍👍",5,2026-05-12 03:45:52,positif,bagus aplikasi mudah paham
cepat dan memuaskan,5,2026-05-12 03:44:33,positif,cepat muas
saya udah sering pakai seabank untuk transaksi. tapi belum pernah muncul seabank pinjam agak disayangkan aja,3,2026-05-12 03:32:33,netral,udah pakai seabank transaksi muncul seabank pinjam sayang aja
"Pengiriman mudah dn cepat,gratis admin k smua bank,dn admin kecil cuma 400 perak k dana",5,2026-05-12 03:29:56,positif,kirim mudah dn cepatgratis admin k smua bankdn admin perak k dana
mantep,4,2026-05-12 03:29:46,positif,mantep
Sangat mudah untuk transfer ke sesama bank,5,2026-05-12 03:28:12,positif,mudah transfer bank
aplikasi bagus dan sngt cepat.pokoknya sngt puas sy ♥️♥️♥️,5,2026-05-12 03:25:56,positif,aplikasi bagus sngt cepatpokoknya sngt puas sy 
mantap bgtttt,4,2026-05-12 03:24:28,positif,mantap bgtttt
menyenangkan,5,2026-05-12 03:22:55,positif,senang
gampang dan aman,5,2026-05-12 03:21:43,positif,gampang aman
"sejauh ini oke, dan bisa diandalkan",5,2026-05-12 03:21:07,positif,oke andal
aplikasi ini bagus gamapang untuk digunakan,5,2026-05-12 03:20:18,positif,aplikasi bagus gamapang
masih dicoba sejauh ini,4,2026-05-12 03:19:11,positif,coba
respon mantap,5,2026-05-12 03:12:46,positif,respon mantap
cool,5,2026-05-12 03:12:02,positif,cool
aplikasi yang sangat bagus,1,2026-05-12 03:10:47,negatif,aplikasi bagus
aplikasi bagus sekali tidak ribet dalam pemakaian nya sukses selalu,5,2026-05-12 03:04:44,positif,aplikasi bagus ribet pakai nya sukses
"terimakasih karna sudah membuat apk ini sangat sangat membantu untuk saya, sangat bermanfaat,, sukses dan tetap jaga keamanahan",5,2026-05-12 03:03:55,positif,terimakasih karna apk bantu manfaat sukses jaga amanah
sukses selalu,5,2026-05-12 03:00:01,positif,sukses
apk mantap,5,2026-05-12 02:57:24,positif,apk mantap
masih ok,3,2026-05-12 02:56:46,netral,ok
aplikasi seaback bagus praktis cmn KLO TF harus ada admin KLO bisa gratis TF ke gopay sama ke dana ya minn 🙏,5,2026-05-12 02:54:50,positif,aplikasi seaback bagus praktis cmn klo tf admin klo gratis tf gopay dana ya minn 
sangat 🅑🅐🅖🅤🅢,5,2026-05-12 02:53:04,positif,
goood,5,2026-05-12 02:49:19,positif,goood
saya kecewa transfer dalam proses terus-menerus Sedangkan uang saldo sudah terpotong menghubungi customer servicenya . malah suruh nunggu 5 hari kerja baru kali ini saya mengalami trf seperti ini.. hanya di seabank. parah banyak banget gangguannya,1,2026-05-12 02:47:21,negatif,kecewa transfer proses terusmenerus uang saldo potong hubung customer servicenya suruh nunggu kerja kali alami trf seabank parah banget ganggu
kenapa selalu gagal dalam verivikasi wajah padahal udah sesuai dengan gambar nya,2,2026-05-12 02:39:31,negatif,gagal verivikasi wajah udah sesuai gambar nya
"asli terbaik sangat membantu program dan internalnya bekerja dengan lebih maksimal, bebas iklan buka telepon lelet cepat bila dijalankan dan mengakses semua menu-menunya, tapi yang disayangkan pernah juga ketika dipakai terkadang agak sulit membukanya pas pada saat koneksi internet lagi kurang stabil dan malah hanya berputar-putar saja, mungkin cuman itu saja hal yang biasa terjadi di atas di sini dan yang lain-lain sesuai pengalaman transaksi sukses, saran kedepannya yang error di benahi lagi.",5,2026-05-12 02:37:06,positif,asli baik bantu program internal maksimal bebas iklan buka telepon lelet cepat jalan akses menumenunya sayang pakai terkadang sulit buka pas koneksi internet stabil berputarputar cuman lainlain sesuai alam transaksi sukses saran depan error benah
sangat membantu dan sangat bagus,5,2026-05-12 02:34:08,positif,bantu bagus
seabank aplikasi terpercaya dan berpengalaman saya suka aplikasi ini,5,2026-05-12 02:29:36,positif,seabank aplikasi percaya alam suka aplikasi
bank gen z banget,5,2026-05-12 02:25:26,positif,bank gen z banget
👍👍,5,2026-05-12 02:25:02,positif,
"apk ini sangat bagus. kemudahan akses. cepat. tdk rbet, sllu terupdate terus.",5,2026-05-12 02:24:27,positif,apk bagus mudah akses cepat tdk rbet sllu terupdate
Sangat membantu,5,2026-05-12 02:12:24,positif,bantu
sayangat bagus,5,2026-05-12 02:03:30,positif,sayangat bagus
kadang gangguan lama sekali gak bisa ke buka,3,2026-05-12 01:59:44,netral,kadang ganggu gak buka
"asli sangat bermanfaat, mudah dipakai dan gak ribet, bebas iklan buka ataupun lele cepat bila dijalankan dan mengakses semua menu2nya, tapi yang disayangkan pernah juga ketika dipakai terkadang agak sulit membukanya, Ya itu pas pada saat koneksi internet lagi kurang stabil dan malah hanya berputar-putar saja, mungkin cuman itu saja hal yang biasa terjadi di apps sini dan yang lain-lain sesuai pengalaman transaksi sukses, saran dan masukan untuk kedepan yang error di benahi lagi ya kawan.",5,2026-05-12 01:55:31,positif,asli manfaat mudah pakai gak ribet bebas iklan buka lele cepat jalan akses menu sayang pakai terkadang sulit buka ya pas koneksi internet stabil berputarputar cuman apps lainlain sesuai alam transaksi sukses saran masuk depan error benah ya kawan
mantap kak mudah n cepat,5,2026-05-12 01:49:45,positif,mantap kak mudah n cepat
sangat memuaskan saat pakai seabank,5,2026-05-12 01:43:50,positif,muas pakai seabank
MANTAP NYOOO 😲,5,2026-05-12 01:41:41,positif,mantap nyooo 
"sangat cocok untuk saya, mungkin jg dgn anda dan yg lainnya.",5,2026-05-12 01:38:16,positif,cocok jg dgn yg
ok semoga selalu berkah dan sukses,5,2026-05-12 01:33:43,positif,ok moga berkah sukses
sangat membantu dalam transaksi,5,2026-05-12 01:32:28,positif,bantu transaksi
"cepat dan akurat, sangat melindungi nasabah",5,2026-05-12 01:27:33,positif,cepat akurat lindung nasabah
semoga keamanan uang nasabah tidak bisa kecolongan,5,2026-05-12 01:25:43,positif,moga aman uang nasabah colong
"aplikasinya bagus,dan banyak fitur lainnya tapi kenapa ya suka tiba tiba error ketika mau masuk aplikasi,dan itu sering terjadi",4,2026-05-12 01:24:18,positif,aplikasi bagusdan fitur ya suka error masuk aplikasidan
aplikasi terbaik,5,2026-05-12 01:16:28,positif,aplikasi baik
sangat bermanfaat dam berguna,5,2026-05-12 01:15:02,positif,manfaat dam guna
jos jos,4,2026-05-12 01:13:34,positif,jos jos
aplikasi ini sangat Membantu saya Terimakasih 🙏🏽😊,5,2026-05-12 01:01:12,positif,aplikasi bantu terimakasih 
bagus mudah banyak bonus tf,5,2026-05-12 00:58:44,positif,bagus mudah bonus tf
senang sekali transaksi cepat mudah,5,2026-05-12 00:56:41,positif,senang transaksi cepat mudah
Nice...,4,2026-05-12 00:51:09,positif,nice
pelayanan nya cepat sangat bagus,5,2026-05-12 00:46:27,positif,layan nya cepat bagus
cpet prosesnya,5,2026-05-12 00:35:11,positif,cpet proses
"akun saya tidak bisa login tolong di perbaiki segera , karena akan di pakai transaksi , trima kasih",4,2026-05-12 00:33:41,positif,akun login tolong baik pakai transaksi trima kasih
Sangat bagus,5,2026-05-12 00:32:07,positif,bagus
bagus dan keren sekali mengunakan seabank,5,2026-05-12 00:31:21,positif,bagus keren mengunakan seabank
untuk aplikasi bagus cumn di perbaiki lagi pas mau buka aplikasi aga lmbat,5,2026-05-12 00:14:38,positif,aplikasi bagus cumn baik pas buka aplikasi aga lmbat
kenapa fitur seabank pinjam saya tidak ada ya?,3,2026-05-12 00:14:11,netral,fitur seabank pinjam ya
aplikasi yang sangat bagus dan mudah,5,2026-05-12 00:13:35,positif,aplikasi bagus mudah
"special banget program dan internalnya bekerja dengan lebih baik, bebas iklan book ataupun lelet cepat bila dijalankan mengakses semua menu-menunya, tapi yang disayangkan pernah juga ketika dipakai terkadang agak sulit membukanya yaitu pas pada saat koneksi internet lagi kurang stabil, dan malah hanya berputar-putar saja, mungkin cuman itu saja hal yang biasa terjadi di apps ini dan yang lain-lain sesuai pengalaman transaksi sukses, saran dan masukan untuk kedepannya agar yang error dibenahi.",5,2026-05-12 00:10:07,positif,special banget program internal bebas iklan book lelet cepat jalan akses menumenunya sayang pakai terkadang sulit buka pas koneksi internet stabil berputarputar cuman apps lainlain sesuai alam transaksi sukses saran masuk depan error benah
Mudah dan cepat menggunakannya,5,2026-05-12 00:08:33,positif,mudah cepat guna
"Mudah, cepat dan minim biaya tanpa ribet",5,2026-05-12 00:07:53,positif,mudah cepat minim biaya ribet
mudah penggunaannya,5,2026-05-11 23:58:57,positif,mudah guna
cepat dan bagus,5,2026-05-11 23:57:03,positif,cepat bagus
pertahankan tranfer gratis tanpa admin👍🏻 seabank sangat aman slama ini sya gak ada kendala.. makasih yaa,5,2026-05-11 23:56:13,positif,tahan tranfer gratis admin seabank aman slama sya gak kendala makasih yaa
memang bagus dan terpercaya,5,2026-05-11 23:52:37,positif,bagus percaya
mudah tf ga pake admin,5,2026-05-11 23:43:22,positif,mudah tf ga pake admin
"ini aplikasi Seabank sekarang2 ini kenapa sulit sekali untuk dibuka padahal saya ada keperluan mendesak yg saya harus bayar & transfer, jaringan internet di HP saya bagus dan paket data HP jg msh banyak, tolong pihak Seabank untuk memperhatikan hal ini klu begini terus sy akan berhenti menggunakan Seabank",3,2026-05-11 23:37:36,netral,aplikasi seabank sulit buka perlu desak yg bayar transfer jaring internet hp bagus paket data hp jg msh tolong seabank perhati klu sy henti seabank
"aplikasi yg memudahkan kita transaksi, transfer kebank ,atau pun e wallet lain secara mudah dan praktis secara online 👍👍👍",5,2026-05-11 23:30:56,positif,aplikasi yg mudah transaksi transfer bank e wallet mudah praktis online 
Josssss,5,2026-05-11 23:23:28,positif,josssss
"kirim sesama bank gratis, rekomen bangettt😎",5,2026-05-11 23:20:23,positif,kirim bank gratis rekomen bangettt
sangat bagus sekali. kirim uang cepat gk ribet,5,2026-05-11 23:12:26,positif,bagus kirim uang cepat gk ribet
mudah dan enak punya gratisan 100 transaksi ke semua bank tiap bulan nya,5,2026-05-11 23:08:48,positif,mudah enak gratis transaksi bank nya
gratis tf sana sini,5,2026-05-11 22:56:55,positif,gratis tf
Sangat puas,5,2026-05-11 22:51:00,positif,puas
Cinta banget sama Seabank 🥹,5,2026-05-11 22:50:16,positif,cinta banget seabank 
semoga akun saya lekas di kasih seabank pinjam,5,2026-05-11 22:47:18,positif,moga akun lekas kasih seabank pinjam
"Sangat lancar semuanya, SeaBank mantappp",5,2026-05-11 22:41:46,positif,lancar seabank mantappp
cepat praktis mudah di gunakan,5,2026-05-11 22:39:13,positif,cepat praktis mudah
"umumnya kan diaplikasi lain ada menu ""aplikasi yg terhubung"", nah disitu bs melepas aplikasi yg tersambung, dmn ini letaknya?.. ada error sambungan antara shopee dan seabank, ada keterangan dilepas dl.",3,2026-05-11 22:37:15,netral,aplikasi menu aplikasi yg hubung situ bs lepas aplikasi yg sambung dmn letak error sambung shopee seabank terang lepas dl
sangat membantu saya,5,2026-05-11 22:32:30,positif,bantu
belum coba sih..,5,2026-05-11 22:31:36,positif,coba sih
bismilah,5,2026-05-11 22:19:05,positif,bismilah
sangat rahmah dan fast respond,5,2026-05-11 22:12:58,positif,rahmah fast respond
saya suka pakai sea bank buat transaksi tetapi kenapa saya ngak di kasih sea bank pinjam ya 😁,5,2026-05-11 22:10:08,positif,suka pakai sea bank transaksi ngak kasih sea bank pinjam ya 
MANTAP...,5,2026-05-11 22:08:05,positif,mantap
sat set sat set .,5,2026-05-11 22:05:25,positif,sat set sat set
terima kasih palayanan sangat baik ini dari pak Muhamad Riyansyah saya janji akan kasih bintang 5 kalo seabank saya sudah bisa di pake lagi,5,2026-05-11 21:46:47,positif,terima kasih palayanan muhamad riyansyah janji kasih bintang kalo seabank pake
sangat nyaman,4,2026-05-11 21:38:28,positif,nyaman
TF cepat,5,2026-05-11 21:28:04,positif,tf cepat
sangat bermanfaat dan simple dalam menggunakan,5,2026-05-11 20:53:52,positif,manfaat simple
mantqp,5,2026-05-11 20:40:30,positif,mantqp
top dah ga lemot,5,2026-05-11 20:32:09,positif,top dah ga lot
sangat puas mudah,5,2026-05-11 20:25:56,positif,puas mudah
"sejak awal daftar SEABANK juga tidak pernah dapat 200ribu,, mana iklannya katanya daftar pengguna baru SEABANK dapat 200ribu, saya belum pernah dapat bonus 200ribu dari awal sampai sekarang juga.",5,2026-05-11 20:20:20,positif,daftar seabank ribu iklan daftar guna seabank ribu bonus ribu
kenapa seabank akhir2 ini susah banget login nya,4,2026-05-11 20:13:37,positif,seabank susah banget login nya
katanya dapat saldo 200 kalau buka akun kok ga ada,5,2026-05-11 19:54:04,positif,saldo buka akun ga
"baik,,dan aman",5,2026-05-11 19:46:51,positif,baikdan aman
transaksi saya masih dalam proses udh lebih sari1×24 jam dan tdak ada tindak lanjutan,1,2026-05-11 19:44:04,negatif,transaksi proses udh sari jam tdak tindak lanjut
seabank kamu terbaik❤️❤️❤️,5,2026-05-11 19:39:08,positif,seabank baik
"Barusan instal, sementara bagus. tinggal menunggu fitur pinjaman keluar tidak.",4,2026-05-11 19:37:45,positif,barusan instal bagus tinggal tunggu fitur pinjam
bagus sangat mudah pengiriman nya,5,2026-05-11 19:24:32,positif,bagus mudah kirim nya
enak bener pake apk seabank gratis transfer ke bank mana pun,5,2026-05-11 19:23:48,positif,enak bener pake apk seabank gratis transfer bank
iya sangat benar benar membantu terimakasih,1,2026-05-11 19:03:14,negatif,iya bantu terimakasih
Tidak mendukung w ganti pasword baru gagal trus,1,2026-05-11 18:55:44,negatif,dukung w ganti pasword gagal trus
sangat puas mudah di gunakan,5,2026-05-11 18:50:58,positif,puas mudah
sangat membantu dalam bertransaksu,5,2026-05-11 18:42:35,positif,bantu bertransaksu
"baru mau mulai pake seabank lagi setelah beberapa tahun gk pernh di pake, semoga gak ada kendala aamiin",5,2026-05-11 18:38:08,positif,pake seabank gk pernh pake moga gak kendala aamiin
sangat cocok untuk digunakan,5,2026-05-11 18:34:26,positif,cocok
saya senang mempunyai sebenk,5,2026-05-11 18:04:47,positif,senang sebenk
aplikasinya Bagus...mudah digunakan..Terimakasih,4,2026-05-11 18:01:30,positif,aplikasi bagusmudah digunakanterimakasih
lumayanlah,4,2026-05-11 17:46:17,positif,lumayan
aman digunakan,5,2026-05-11 17:45:48,positif,aman
cuma aplikasi buat transfer doang,3,2026-05-11 17:32:36,netral,aplikasi transfer doang
jos pokoke,5,2026-05-11 17:15:48,positif,jos pokoke
Alhamdulillah,5,2026-05-11 17:12:08,positif,alhamdulillah
Aplikasi mudah dipahami dan semoga tidak ada masalah kedepanNya👍🏻,5,2026-05-11 17:10:17,positif,aplikasi mudah paham moga depan
"sangat praktis mudah digunakan dan tanpa kepotong admin, joss pokok e 👍🏻",5,2026-05-11 17:09:42,positif,praktis mudah potong admin joss pokok e 
cepat dan tepat,5,2026-05-11 17:06:16,positif,cepat
"aplikasi ini sangat membantu,untuk urusan keuangan jadi LBH mudah dan yg pling penting,,gratis admin tiap bulannya....",5,2026-05-11 17:06:08,positif,aplikasi membantuuntuk urus uang lbh mudah yg pling pentinggratis admin bulan
"akun lama nya ngga bisa kembali, udah lapor cs buat ganti nomer sma email, tetep gak bisa, kecewa",1,2026-05-11 17:06:07,negatif,akun nya ngga udah lapor cs ganti nomer sma email tetep gak kecewa
mana saldonya,2,2026-05-11 17:04:02,negatif,saldo
sangat puas dan 👍,5,2026-05-11 16:51:14,positif,puas 
seabank mudah dah cepat,5,2026-05-11 16:35:44,positif,seabank mudah dah cepat
praktis simple,5,2026-05-11 16:29:20,positif,praktis simple
mantappp bangettttt,5,2026-05-11 16:07:14,positif,mantappp bangettttt
good proses cpt,4,2026-05-11 16:02:10,positif,good proses cpt
sangat luar biasa dan baik,5,2026-05-11 16:01:26,positif,
mantap ga ada ribet nyah makasihh amanah terus ya,5,2026-05-11 15:45:32,positif,mantap ga ribet nyah makasihh amanah ya
saya senang menggunakan seabank,5,2026-05-11 15:41:32,positif,senang seabank
nice app,5,2026-05-11 15:39:43,positif,nice app
"thank's sistem dan keamanan sudah baik dan mohon di tingkatkan lagi lebih profesional agar data dan keamanan bank bisa baik dan bagus. lalu, sistem dan tampilan background nya tolong di tingkatkan kualitasnya. lalu, saya berharap data dan keuangannya tolong lebih maksimalkan lagi peningkatan pelayanan dan jaminan keamanan data, agar data dapat terlindungi lebih baik kedepannya...",4,2026-05-11 15:39:22,positif,thanks sistem aman mohon tingkat profesional data aman bank bagus sistem tampil background nya tolong tingkat kualitas harap data uang tolong maksimal tingkat layan jamin aman data data lindung depan
dapett promo dari seabank🥹🥺🤍,5,2026-05-11 15:26:59,positif,dapett promo seabank
"kenapa saldo saya di tahan sama pihak seabank. jujur bikin kecewa pake seabank tolong buka saldo saya jangan di tahan , uang harus ya buat beli makan malah di tahan",2,2026-05-11 15:25:57,negatif,saldo tahan seabank jujur bikin kecewa pake seabank tolong buka saldo tahan uang ya beli makan tahan
top,4,2026-05-11 15:06:18,positif,top
ini sangat bagus transfer tanpa potongan,5,2026-05-11 15:02:43,positif,bagus transfer potong
mantap Krn sering gratis biaya transaksi,5,2026-05-11 14:53:26,positif,mantap krn gratis biaya transaksi
semoga selalu amanah,5,2026-05-11 14:52:01,positif,moga amanah
banyak gratis tranfser nya,5,2026-05-11 14:47:59,positif,gratis tranfser nya
membantu sekali buat umkm,5,2026-05-11 14:45:08,positif,bantu umkm
sangat senang sekali,5,2026-05-11 14:31:43,positif,senang
"transfer makin gampang ,tabungan bertambah ..",5,2026-05-11 14:30:22,positif,transfer gampang tabung tambah
kemren guys apk nya,5,2026-05-11 14:29:49,positif,kemren guys apk nya
pokoknya jos bintang 10,5,2026-05-11 14:24:20,positif,pokok jos bintang
sangat baik untuk transaksi dan tabungan,5,2026-05-11 14:21:42,positif,transaksi tabung
"saya sangat puas menggunakan Apk SEABANK, karena memudahkan saya untuk transaksi ke bank lain atau pun e walet. Trimakasih SEABANK 🙏, Sukses selalu.",5,2026-05-11 14:17:24,positif,puas apk seabank mudah transaksi bank e walet trimakasih seabank  sukses
transfernya gratis + ada depositnya,5,2026-05-11 14:15:44,positif,transfer gratis deposit
kode tidak dapat masuk,1,2026-05-11 14:15:42,negatif,kode masuk
"Suka eror sih agak kese, tapi gapapa",5,2026-05-11 14:12:55,positif,suka eror sih kese gapapa
enak lah,3,2026-05-11 14:08:07,netral,enak
sangat membantu dan mudah digunakan,5,2026-05-11 14:04:12,positif,bantu mudah
sangat mudah dan bagus,5,2026-05-11 14:02:52,positif,mudah bagus
"saya kira seabank dompet elektronik yang abal2,, ternyata SAYA SALAH BESAR,,, SANGAT SANGAT AMAT SANGAT SAYA REKOMENDASIKAN UNTUK BUAT AKUN DI SEABANK . JANGAN RAGU GAS KAN. TERUS TUNGGU APA LAGI.",5,2026-05-11 13:59:10,positif,seabank dompet elektronik abal salah rekomendasi akun seabank ragu gas tunggu
"bagus, mudah untuk bertransaksi",5,2026-05-11 13:58:25,positif,bagus mudah transaksi
sangat bagus sangat puas dengan layanan seabank,5,2026-05-11 13:57:58,positif,bagus puas layan seabank
aman betul,5,2026-05-11 13:57:18,positif,aman
sangat praktis memudahkan untuk bertransaksi,5,2026-05-11 13:54:10,positif,praktis mudah transaksi
transaksi lebih lancar dan cepat,5,2026-05-11 13:53:51,positif,transaksi lancar cepat
"praktis, dan sangat membantu",5,2026-05-11 13:48:56,positif,praktis bantu
"saya baru aja instal seabank dan saya coba TF ke bank lain dan tidak ada biaya admin, sampai detik ini blm ada kendala sama sekali. semoga kedepannya tetap seperti itu",4,2026-05-11 13:38:16,positif,aja instal seabank coba tf bank biaya admin detik blm kendala moga depan
"enak, nggak ada biaya admin",5,2026-05-11 13:29:24,positif,enak nggak biaya admin
sangat muda,4,2026-05-11 13:28:30,positif,muda
bagus pokoknya,5,2026-05-11 13:24:05,positif,bagus pokok
luar biasan,5,2026-05-11 13:20:03,positif,bias
"daftar dengan mudah, GK perlu repot-repot datang ke bank , thank you seabank",5,2026-05-11 13:13:45,positif,daftar mudah gk repotrepot bank thank you seabank
bguss,5,2026-05-11 13:10:50,positif,bguss
sangat membantu bebas biaya admin,5,2026-05-11 13:07:50,positif,bantu bebas biaya admin
ga lulus,5,2026-05-11 13:06:59,positif,ga lulus
sangat mntp,5,2026-05-11 13:04:19,positif,mntp
"makin kesini makin males pake ini,seabank pinjam ga nongol2 padahal udah pakai seabank 5 tahun",1,2026-05-11 13:03:11,negatif,kesini males pake iniseabank pinjam ga nongol udah pakai seabank
"aplikasi nya sudah bagus tapi ada yang kurang, coba tabahkan qris tap biar lebih mantap lagi dan untuk tarik tunai nya gak cuma di indomart, tolong tambahin alfamart sama di ATM juga",4,2026-05-11 13:01:54,positif,aplikasi nya bagus coba tabah qris tap biar mantap tarik tunai nya gak indomart tolong tambahin alfamart atm
Sangat Membantu Untuk mulai Investasi,5,2026-05-11 12:58:48,positif,bantu investasi
mudah dan cepat. yang pastinya gratis,5,2026-05-11 12:57:21,positif,mudah cepat pasti gratis
mantaff,5,2026-05-11 12:53:51,positif,mantaff
"seabank sangat bagus buat transaksi,semua transaksi oke mantap lah seabank.",5,2026-05-11 12:52:33,positif,seabank bagus transaksisemua transaksi oke mantap seabank
semoga lebih baik lagi..,5,2026-05-11 12:52:04,positif,moga
senang sekali,5,2026-05-11 12:48:07,positif,senang
seabank the best lah...,5,2026-05-11 12:47:15,positif,seabank the best
bagusss sekalii,5,2026-05-11 12:44:09,positif,bagusss sekali
"proses cepat dan atmin sangat rendah,, terus menjadi mitra yang mempermudah nasabah atau suplayer",5,2026-05-11 12:43:53,positif,proses cepat atmin rendah mitra mudah nasabah suplayer
lancar jarang gangguan,5,2026-05-11 12:43:11,positif,lancar jarang ganggu
biaya transfer gratis,5,2026-05-11 12:40:23,positif,biaya transfer gratis
pengerjaan cepat,5,2026-05-11 12:38:24,positif,kerja cepat
good transaction,4,2026-05-11 12:38:22,positif,good transaction
ya senang,5,2026-05-11 12:36:38,positif,ya senang
baik mantap,5,2026-05-11 12:33:06,positif,mantap
bagus dan mudah digunakan fitur nya yg mantap gratis transfer 100x terimakasih seabank telah menjadi bank Digital terbaik yg pernah ada,5,2026-05-11 12:32:06,positif,bagus mudah fitur nya yg mantap gratis transfer x terimakasih seabank bank digital baik yg
aplikasi memuaskan,5,2026-05-11 12:25:21,positif,aplikasi muas
sy senang pakai SEABANK karna mudah dan gampang,5,2026-05-11 12:24:28,positif,sy senang pakai seabank karna mudah gampang
baguuus,5,2026-05-11 12:19:10,positif,baguuus
lebih baik lagi,4,2026-05-11 12:17:58,positif,
BAGUS NYAMAN DI SEABANK,5,2026-05-11 12:14:02,positif,bagus nyaman seabank
Transaksi cepat,5,2026-05-11 12:08:55,positif,transaksi cepat
semoga sukses selamanya seabank,5,2026-05-11 12:08:32,positif,moga sukses seabank
apik,5,2026-05-11 12:07:32,positif,apik
ok sihh.tapi ada adminnya,4,2026-05-11 12:05:42,positif,ok sihhtapi adminnya
"kalo bisa jangan dikasih admin, biar tambah gancor",4,2026-05-11 12:05:23,positif,kalo kasih admin biar gancor
pelayanan nya bagus,5,2026-05-11 12:03:59,positif,layan nya bagus
seabank paling simpel masih memberi hadiah ngajak teman dan banyak yg lainya,5,2026-05-11 11:56:34,positif,seabank simpel hadiah ngajak teman yg lai
cepat dan gratis TF ke beda bank saat ini.,5,2026-05-11 11:55:16,positif,cepat gratis tf beda bank
"bgus, cuma dlu gak byr admin skrg mlah byar admin",5,2026-05-11 11:52:53,positif,bgus dlu gak byr admin skrg mlah byar admin
good lah,5,2026-05-11 11:51:41,positif,good
bebas biaya admin cukup membantu,5,2026-05-11 11:48:39,positif,bebas biaya admin bantu
saya suka banget pakai seabank,5,2026-05-11 11:46:38,positif,suka banget pakai seabank
Kalo bisa ada SeaBank Pinjam dong,5,2026-05-11 11:37:13,positif,kalo seabank pinjam
TF ke bank mana aja gratis sampe 100x,5,2026-05-11 11:37:13,positif,tf bank aja gratis sampe x
gampang ngirim uang,5,2026-05-11 11:36:32,positif,gampang ngirim uang
seru,5,2026-05-11 11:24:10,positif,seru
belum ada fitur pinjamanya ka padahal pemakaian sudah lama sering bertransaksi...,3,2026-05-11 11:21:56,netral,fitur pinjamanya ka pakai transaksi
pas transfer gratis ke bqnk mana aja,5,2026-05-11 11:21:40,positif,pas transfer gratis bqnk aja
lebih mudah dan cepat,5,2026-05-11 11:21:25,positif,mudah cepat
alhamdulillah baik,4,2026-05-11 11:18:23,positif,alhamdulillah
good👍,5,2026-05-11 11:18:06,positif,good
"bener""sangat membantu saat bertrangsaksi sangat mudah di gunakan",5,2026-05-11 11:15:46,positif,benersangat bantu bertrangsaksi mudah
sangat memuaskan🙏🙏,5,2026-05-11 11:12:00,positif,muas
DIMINTAIN TOLONG BUAT BANTU HAPUS PERMANEN RIBETTT .KARNA NMR LAMANYA HILANG BESERTA HPNYA NIAT MAU BUKA AKUN BARU SEABANK ..GA JADI KAYANYA,1,2026-05-11 11:01:45,negatif,dimintain tolong bantu hapus permanen ribettt karna nmr hilang serta hpnya niat buka akun seabank ga kaya
saya puas dgn layanan seabank,5,2026-05-11 10:55:03,positif,puas dgn layan seabank
saya pengguna baru.. sementara ini sih bagus.👍,5,2026-05-11 10:54:06,positif,guna sih bagus
limit gratis transfer ditambah,5,2026-05-11 10:51:12,positif,limit gratis transfer tambah
saldo terjamin aman,5,2026-05-11 10:50:21,positif,saldo jamin aman
trimakasih seabank,5,2026-05-11 10:43:11,positif,trimakasih seabank
terimasih sudah mempermudah transaksi kami dan semoga bisa d pake d hp yg ram nya d bawah 2GB🙏😅,5,2026-05-11 10:32:20,positif,terimasih mudah transaksi moga d pake d hp yg ram nya d gb
suka dg seabank krn bs tf ke smu bank tnpa biaya admin..,5,2026-05-11 10:28:55,positif,suka dg seabank krn bs tf smu bank tnpa biaya admin
ok lh,5,2026-05-11 10:20:42,positif,ok lh
Aplikasi bagus..tingkatkan TF gratisnya,5,2026-05-11 10:15:31,positif,aplikasi bagustingkatkan tf gratis
kalau ada fitur pinjaman lebih bagus,5,2026-05-11 10:07:29,positif,fitur pinjam bagus
sy suka,5,2026-05-11 09:57:11,positif,sy suka
sangat baguss,5,2026-05-11 09:48:53,positif,baguss
sangat cepat dan mudah dalam pelayanan,5,2026-05-11 09:47:15,positif,cepat mudah layan
"sangat mudah kita guna kan seaBank ,untuk mentransfer dan menerima transfer ..dan juga bisa di tabung atau di pesito..terimakasih seaBank...",5,2026-05-11 09:43:19,positif,mudah seabank transfer terima transfer tabung pesitoterimakasih seabank
sangat mudah di gunakan saka suka,5,2026-05-11 09:37:54,positif,mudah saka suka
memakai seabank sangat Mudah & simple,5,2026-05-11 09:25:39,positif,pakai seabank mudah simple
puass pakai seabank,5,2026-05-11 09:21:36,positif,puass pakai seabank
"seabank bagus transaksi cepet, dan untung juga😍",5,2026-05-11 09:20:35,positif,seabank bagus transaksi cepet untung juga
bagus bgt sih cpt cair juga ko untuk modal awal UMKM,5,2026-05-11 09:20:23,positif,bagus bgt sih cpt cair ko modal umkm
"sy baru aktivasi seabank 2 hari... ini bonus 200k pengguna baru kok gak ada ya, gmn cara dapat nya... dana msh sy endepin.",3,2026-05-11 09:19:38,netral,sy aktivasi seabank bonus k guna gak ya gmn nya dana msh sy endepin
goog,5,2026-05-11 09:15:34,positif,goog
"jelek aplikasi nya, mau masuk login pengguna lama banget dapet kode otp nya",3,2026-05-11 09:15:31,netral,jelek aplikasi nya masuk login guna banget dapet kode otp nya
kenapa sekarang akun saya kalau di buka suka nge bug putih,4,2026-05-11 09:03:13,positif,akun buka suka nge bug putih
"lancar tidak pernah ada kendala,pokoknya sangat membantu",5,2026-05-11 08:59:14,positif,lancar kendalapokoknya bantu
Seabank akan Jadi faforitku,5,2026-05-11 08:47:21,positif,seabank faforitku
mantap sayang s pijam blm ada,5,2026-05-11 08:39:53,positif,mantap sayang s pijam blm
bagusssss,5,2026-05-11 08:38:33,positif,bagusssss
"saya senang menggunakan seaBank biyaya transfer/transaksi murah, kalau bisa sih gratis. oh ya seaBank kenapa ga bisa transfer atau di transfer dari luar negeri ya?",5,2026-05-11 08:32:39,positif,senang seabank biyaya transfertransaksi murah sih gratis oh ya seabank ga transfer transfer negeri ya
cukup lumayan bagus utk kemudahan transaksinya...good👍,4,2026-05-11 08:32:00,positif,lumayan bagus utk mudah transaksinyagood
bagus banget apknya,5,2026-05-11 08:28:44,positif,bagus banget apknya
mantap pokoknya,5,2026-05-11 08:17:04,positif,mantap pokok
kerren,3,2026-05-11 08:04:37,netral,kerren
"Alhamdulillah,setelah pakai aplikasi ini,ngebantu bangat biaya admin gratis,ngak pending2,pokoknya is the best dehh,suka bngeeeet",5,2026-05-11 08:03:19,positif,alhamdulillahsetelah pakai aplikasi iningebantu bangat biaya admin gratisngak pendingpokoknya is the best dehhsuka bngeeeet
Sangat membantu transaksi secara online dan mudah prosesnya,5,2026-05-11 08:02:55,positif,bantu transaksi online mudah proses
aplikasi sangat membantu,5,2026-05-11 08:01:43,positif,aplikasi bantu
kerenn top,5,2026-05-11 07:59:14,positif,kerenn top
terimakasih sangat membantu,5,2026-05-11 07:56:15,positif,terimakasih bantu
sngat membantu,5,2026-05-11 07:51:01,positif,sngat bantu
"proses cepat, admin love bgt",5,2026-05-11 07:50:06,positif,proses cepat admin love bgt
mudah dalam TF ke rek manapun tanpa ada biaya admin,5,2026-05-11 07:45:41,positif,mudah tf rek mana biaya admin
"proses pendaftaran lama, harusnya lebih dipercepat saya kehilangan banyak uang gara"" pendaftaran lama aplikasi sangat buruk",1,2026-05-11 07:45:38,negatif,proses daftar cepat hilang uang gara daftar aplikasi buruk
"sangat baik dan aman di gunakan, gratis biaya adminnya",4,2026-05-11 07:37:12,positif,aman gratis biaya adminnya
transaksi mudah,5,2026-05-11 07:32:55,positif,transaksi mudah
sanggat baik,5,2026-05-11 07:20:15,positif,sanggat
cukup baik transaksi nya,4,2026-05-11 07:19:33,positif,transaksi nya
membantu sekali dan bermanfaat,5,2026-05-11 07:05:41,positif,bantu manfaat
bagus nyaman kenyamanan terjamin,5,2026-05-11 07:01:41,positif,bagus nyaman nyaman jamin
simple n good,5,2026-05-11 07:01:21,positif,simple n good
"akhir akhir ini kalo di buka blank aplikasinya, bukan force close, tapi ngga ata tampilannya putih kosong aja",3,2026-05-11 06:50:01,netral,kalo buka blank aplikasi force close ngga ata tampil putih kosong aja
Sea bank oke,5,2026-05-11 06:37:47,positif,sea bank oke
good jop untuk seabank ⭐⭐⭐⭐⭐,5,2026-05-11 06:30:57,positif,good jop seabank 
sangat senang membatu sekalih walu kadang suka ada elor sedikit,5,2026-05-11 06:23:18,positif,senang batu kalih walu kadang suka elor
dapet limit gede tp ga bs dicairin buat apa 👎🏻,1,2026-05-11 06:22:57,negatif,dapet limit gede tp ga bs dicairin 
"Simpel, aman dan nyaman",5,2026-05-11 06:21:51,positif,simpel aman nyaman
Tiada hari tanpa Sea bank❤ sat set tanpa ribet,5,2026-05-11 06:21:14,positif,tiada sea bank sat set ribet
aplikasinya sangat membantu,5,2026-05-11 06:20:17,positif,aplikasi bantu
njir,3,2026-05-11 06:18:16,netral,njir
sangat membantu saya.,5,2026-05-11 06:17:02,positif,bantu
Boong,1,2026-05-11 06:12:14,negatif,boong
cepat dlm proses tranfer kmna aj tnpa ad fending,5,2026-05-11 06:05:57,positif,cepat dlm proses tranfer kmna aj tnpa ad fending
"mudah,amat dan",5,2026-05-11 05:46:40,positif,mudahamat
sangat puas mempermudah transaksi,4,2026-05-11 05:43:33,positif,puas mudah transaksi
sangat rekomendasi,5,2026-05-11 05:42:15,positif,rekomendasi
"bagus, cepat, mantap pokoknya..",5,2026-05-11 05:39:55,positif,bagus cepat mantap pokok
cepat kilat,5,2026-05-11 05:39:46,positif,cepat kilat
"Mantap banget program dan internalnya lebih pleksibel dipakai,bebas iklan bug ataupun lelet,cepat bila dijalankan dan mengakses semua menu2nya,hanya saja terkadang appsnya agak sulit dibuka ya pas pada saat koneksi internet lagi kurang stabil dan malah hanya berputar2 saja,mungkin cuma itu saja hal yang biasa terjadi diappsnya dan yang lain2 sesuai pengalaman transaksi sukses,saran dan masukan tuk kedepannya agar yang eror tolong dibenahi lagi ya kawan kawan agar lebih baik lagi kedepannya.",5,2026-05-11 05:37:26,positif,mantap banget program internal pleksibel dipakaibebas iklan bug leletcepat jalan akses menunyahanya terkadang appsnya sulit buka ya pas koneksi internet stabil putar sajamungkin diappsnya sesuai alam transaksi suksessaran masuk tuk depan eror tolong benah ya kawan kawan depan
saya belum mendapatkan seabank extra,5,2026-05-11 05:34:48,positif,seabank extra
mantaaap dn brmanfaat🙏👍👍👍👍,5,2026-05-11 05:33:32,positif,mantaaap dn brmanfaat
sy suka prosesnya instan,5,2026-05-11 05:15:38,positif,sy suka proses instan
sea bank is the best,5,2026-05-11 05:13:45,positif,sea bank is the best
goodd,5,2026-05-11 05:11:47,positif,goodd
kalo bisa aktifkan Seabank paylater,4,2026-05-11 05:11:23,positif,kalo aktif seabank paylater
gimana sih seabank kok gabisa login lagi,2,2026-05-11 05:11:01,negatif,gimana sih seabank gabisa login
sangat cepat,5,2026-05-11 05:08:51,positif,cepat
sip aplikasinya bagus enteng,5,2026-05-11 05:07:57,positif,sip aplikasi bagus enteng
gratis tf k bank lain,5,2026-05-11 05:05:42,positif,gratis tf k bank
"ini kenapa ya,saya sudah bayar dan percaya melalui aplikasi ini tapi udah nunggu 1x72 jam belum ada respon mengenai pembayaran nya sudah di proses atau belum",1,2026-05-11 05:05:34,negatif,yasaya bayar percaya aplikasi udah nunggu x jam respon bayar nya proses
Keren,5,2026-05-11 05:04:00,positif,keren
aplikasi sampah jgn mau mendownload nya ini apk penipu untuk undian pemenang nya di pilih jir bukan di undi,1,2026-05-11 04:51:13,negatif,aplikasi sampah jgn mendownload nya apk tipu undi menang nya pilih jir undi
aman dan senang,5,2026-05-11 04:49:37,positif,aman senang
dengan adanya seabank sangat membantu banget,5,2026-05-11 04:48:08,positif,seabank bantu banget
"Nyaman, simpel dan mudah untuk melakukan transaksi",5,2026-05-11 04:45:14,positif,nyaman simpel mudah transaksi
suka banget sama seabank,5,2026-05-11 04:42:58,positif,suka banget seabank
"seabank aman dan nyaman di pakai,fiturnya komplit 👍",5,2026-05-11 04:42:32,positif,seabank aman nyaman pakaifiturnya komplit 
sangat simple,5,2026-05-11 04:41:26,positif,simple
pokoknya mantep lah,5,2026-05-11 04:39:49,positif,pokok mantep
mantap...!!,5,2026-05-11 04:38:09,positif,mantap
semoga hadiah dapet,5,2026-05-11 04:32:51,positif,moga hadiah dapet
sangat mudah dan cepat ..,5,2026-05-11 04:28:04,positif,mudah cepat
memudahankan saya buat mentransefer uang tidak perlu ke bank keatm cukup lewat hp saja ...,5,2026-05-11 04:26:32,positif,memudahankan mentransefer uang bank keatm hp
sayang biayanya admin terlau besar,5,2026-05-11 04:19:07,positif,sayang biaya admin terlau
lebih mudah bertransaksi,4,2026-05-11 04:17:45,positif,mudah transaksi
sangat Bagus👍🏻,5,2026-05-11 04:07:14,positif,bagus
error mulu mau login padahal siang hari weekday mau transfer jadi ga bisaa,1,2026-05-11 04:06:33,negatif,error mulu login siang weekday transfer ga bisaa
mantapppp semoga sukses selalu,5,2026-05-11 04:04:30,positif,mantapppp moga sukses
sangat bermanfaat sekali untuk saya pribadi terimakasih,5,2026-05-11 04:04:06,positif,manfaat pribadi terimakasih
cukup bagus,4,2026-05-11 04:01:06,positif,bagus
bagusss,5,2026-05-11 03:57:05,positif,bagusss
bagus praktis bank nya,5,2026-05-11 03:54:20,positif,bagus praktis bank nya
tidak ribet,5,2026-05-11 03:53:58,positif,ribet
"kenpa akhir2 ini sering ngelag dibukanya app sea bank ini, tlg dong kak diperhatikan",5,2026-05-11 03:53:42,positif,kenpa ngelag buka app sea bank tlg kak perhati
cepat dan akhirnya bisa kirim kirim kemana aja.saya masukin otp salah terus padahal waktu yang diberikan lumayan lama.mohon bantuannya,4,2026-05-11 03:48:20,positif,cepat kirim kirim mana ajasaya masukin otp salah lumayan lamamohon bantu
sangat cepat dan praktis,5,2026-05-11 03:31:32,positif,cepat praktis
sangat bermanpaat,5,2026-05-11 03:31:30,positif,bermanpaat
nyaman dan aman dan cepat dlm proses.,5,2026-05-11 03:18:22,positif,nyaman aman cepat dlm proses
Selalu Mendapatkan Suku Bunga yang Terbaik Sangat membantu dan mudah dalam bertransaksi Dimanapun Dengan Segudang manfaat yang luar biasa,5,2026-05-11 03:17:01,positif,suku bunga baik bantu mudah transaksi mana gudang manfaat
suka banget pakek seabank,5,2026-05-11 03:13:39,positif,suka banget pakek seabank
aplikasi yg sangat membantu,5,2026-05-11 03:12:08,positif,aplikasi yg bantu
lebih mudah,5,2026-05-11 03:11:06,positif,mudah
sangat membantu dan lumayan bagus,4,2026-05-11 03:05:00,positif,bantu lumayan bagus
mudah dan cepat transaksi nya,5,2026-05-11 03:04:58,positif,mudah cepat transaksi nya
👌👌👌Baik,5,2026-05-11 03:04:01,positif,baik
ok bangan mudah untuk bertransaksi,5,2026-05-11 02:56:20,positif,ok bangan mudah transaksi
kalau bisa pinjaman nasabah ditanggal berbeda maka cicilan atau jatuh tempo ditanggal berbeda juga biar tidak memberatkan nasabah,5,2026-05-11 02:54:11,positif,pinjam nasabah tanggal beda cicil jatuh tempo tanggal beda biar berat nasabah
sangat bagus aplikasi ini o,5,2026-05-11 02:49:10,positif,bagus aplikasi o
👍👌👌,5,2026-05-11 02:44:12,positif,
masi di proses,3,2026-05-11 02:35:35,netral,mas proses
"cepat, aman, terpercaya....",5,2026-05-11 02:35:20,positif,cepat aman percaya
cpt dan puas banget pakai seabank,5,2026-05-11 02:30:46,positif,cpt puas banget pakai seabank
bagus tpi sayang sudah hampir 1 tahun tpi gak ada fitur pinjaman nya.,5,2026-05-11 02:29:14,positif,bagus tpi sayang tpi gak fitur pinjam nya
menarik,5,2026-05-11 02:28:54,positif,tarik
pembukaan baru semoga lancar,5,2026-05-11 02:28:20,positif,buka moga lancar
senang memakai seabank,5,2026-05-11 02:26:45,positif,senang pakai seabank
bagus bisa tranfer kemana mana,5,2026-05-11 02:25:09,positif,bagus tranfer mana
bebas biaya cuma ada bunga,5,2026-05-11 02:13:46,positif,bebas biaya bunga
memudahkan transaksi,5,2026-05-11 02:08:55,positif,mudah transaksi
menu simpel prosesnya cepat mantaf,5,2026-05-11 02:02:33,positif,menu simpel proses cepat mantaf
terbaiklah,5,2026-05-11 02:00:52,positif,baik
"mudah , dan cepatt .",5,2026-05-11 01:56:31,positif,mudah cepatt
Selain biaya admin yang gratis menabung di seabank juga dapat bunga,5,2026-05-11 01:48:19,positif,biaya admin gratis tabung seabank bunga
Pertahankan dan tingkatkan performa aplikasi dan jangan lupa sesekali beri kami door prize. hehe...,5,2026-05-11 01:47:37,positif,tahan tingkat performa aplikasi lupa door prize hehe
mantaapp,5,2026-05-11 01:45:55,positif,mantaapp
"mempermudah transaksi online, tanpa harus pergi ke Bank",5,2026-05-11 01:43:46,positif,mudah transaksi online pergi bank
sangat senang puas,4,2026-05-11 01:38:14,positif,senang puas
"memuaskan,,,tapi sayang blom ada pinjaman",5,2026-05-11 01:26:40,positif,memuaskantapi sayang blom pinjam
"sangat memudahkan saya dalam melakukan transaksi, dan pendaftaran jauh lebih mudah... terimakasih seabank",5,2026-05-11 01:24:29,positif,mudah transaksi daftar mudah terimakasih seabank
sangat enak pake seabenk isi saldo gratis sayang nyah gak ada pitir pinjaman,5,2026-05-11 01:20:54,positif,enak pake seabenk isi saldo gratis sayang nyah gak pitir pinjam
"Banyak uang tambah istri, cuma mimpi buat pria yang takut sama istrinya",5,2026-05-11 01:20:54,positif,uang istri mimpi pria takut istri
jadi mudah,5,2026-05-11 01:20:50,positif,mudah
sangat membantu buat belanja² kalau bisa tambah untuk investasi SBN Ritel yaa di bagian Investasi,5,2026-05-11 01:15:57,positif,bantu belanja investasi sbn ritel yaa investasi
kereen,5,2026-05-11 01:13:48,positif,kereen
"no ribet""",4,2026-05-11 01:12:03,positif,no ribet
Transfer gratis ke semua bank.,5,2026-05-11 01:08:22,positif,transfer gratis bank
"percuma katanya habis instal ada saldo bonus rp200.000 malah 0,0",1,2026-05-11 01:00:43,negatif,habis instal saldo bonus rp
layan aman b,5,2026-05-11 00:51:31,positif,layan aman b
Sangat mudah untuk digunakan,5,2026-05-11 00:47:32,positif,mudah
sea bank transfernya cepat,5,2026-05-11 00:41:59,positif,sea bank transfer cepat
Enak untuk pembayaran shopee.,4,2026-05-11 00:41:20,positif,enak bayar shopee
gak ribet cepat gak ada gangguan transaksi,5,2026-05-11 00:26:38,positif,gak ribet cepat gak ganggu transaksi
mantap sangat puas.,5,2026-05-11 00:17:56,positif,mantap puas
mantap lncar jaya,5,2026-05-11 00:13:53,positif,mantap lncar jaya
seabank terbaik amanah juga,5,2026-05-11 00:12:45,positif,seabank baik amanah
"atlet terbaik KPPS nya interface banyak manfaatnya, jadi sangat nyaman ketika menjelajahi sikap detail menemani yang terdapat di dalamnya, apalagi aplikasi yang bebas iklan buka telepon lelet cepat bila dijalankan dan mengakses semua menu-menu yang terdapat di dalamnya, hanya saja terkadang sulit dibuka dan dioperasikan, pas pada saat koneksi internet lagi kurang stabil dan malah hanya berputar-putar saja, mungkin cuman itu saja hal yang biasa terjadi di aplikasi ini dan yang lain-lain sukses.",5,2026-05-11 00:09:05,positif,atlet baik kpps nya interface manfaat nyaman jajah sikap detail tani dalam aplikasi bebas iklan buka telepon lelet cepat jalan akses menumenu dalam terkadang sulit buka operasi pas koneksi internet stabil berputarputar cuman aplikasi lainlain sukses
Woilah enak,5,2026-05-11 00:06:57,positif,woilah enak
I like it,5,2026-05-11 00:00:44,positif,i like it
semangat memuaskan,5,2026-05-10 23:34:14,positif,semangat muas
mantap keren,5,2026-05-10 23:11:06,positif,mantap keren
"undang teman sekantor 3 org, saya sendiri yg proses daftarkan, sampe saya top up.kan jg nitip saldo saya sendiri supaya memastikan saldo ditahan seminggu (tdk dipakai),tp yg diklaim hanya 1 org. yg 2 org gtau datanya kmn 😌 hub cs g guna juga malah ribet harus temen yg diundang yg menghubungi utk konf. yah perkara 50k msa iy hrus serepot itu. jd yaudalah gpp, tp gakan lg saya ajak org² utk daftar sbank",1,2026-05-10 22:56:42,negatif,undang teman kantor org yg proses daftar sampe top upkan jg nitip saldo saldo tahan minggu tdk dipakaitp yg klaim org yg org gtau data kmn  hub cs g ribet temen yg undang yg hubung utk konf yah perkara k msa iy hrus repot jd yaudalah gpp tp gakan lg ajak org utk daftar sbank
sea bank kesemua bank grtis,5,2026-05-10 22:53:21,positif,sea bank semua bank grtis
bagus aplikasi nya,5,2026-05-10 22:49:46,positif,bagus aplikasi nya
"mantap, lebih mudah mau byr apa aja lwt seabank",5,2026-05-10 22:45:59,positif,mantap mudah byr aja lwt seabank
"spesial banget interface mudah dipakai dan gak ribet, bebas iklan book ataupun lelet cepat mudah dijalankan dan mengakses semua menunya, tapi yang disayangkan pernah juga ketika dipakai terkadang agak sedikit membukanya yaitu pas pada saat koneksi internet lagi kurang stabil, dan malah hanya berputar-putar saja, mungkin cuman itu saja hal yang biasa terjadi diabetesnya dan yang lain-lain sesuai pengalaman transaksi sukses, saran dan masukan untuk kedepannya jaringan error segera dibenahi lagi..",5,2026-05-10 22:15:11,positif,spesial banget interface mudah pakai gak ribet bebas iklan book lelet cepat mudah jalan akses menu sayang pakai terkadang buka pas koneksi internet stabil berputarputar cuman diabetes lainlain sesuai alam transaksi sukses saran masuk depan jaring error benah
cukup bagus dan memuaskan,5,2026-05-10 22:10:17,positif,bagus muas
senang & mudah tanpa biaya,5,2026-05-10 22:08:21,positif,senang mudah biaya
Mantappp,5,2026-05-10 22:05:52,positif,mantappp
ok punya,5,2026-05-10 21:49:14,positif,ok
aku kok gak ada fitur pinjaman di seabank ??,5,2026-05-10 21:48:07,positif,gak fitur pinjam seabank
"aku sangat suka, selain mudah dan cepat, sea bank juga gratis transaksi",5,2026-05-10 21:44:31,positif,suka mudah cepat sea bank gratis transaksi
gampang ni apk,5,2026-05-10 21:26:41,positif,gampang ni apk
sangat praktis dan mudah saat melakukan transaksi,4,2026-05-10 21:02:08,positif,praktis mudah transaksi
👍🏾,5,2026-05-10 20:45:03,positif,
transaksi jadi lebih mudah dengan sea bank,5,2026-05-10 20:31:58,positif,transaksi mudah sea bank
proses cepat dan tidak ribet,5,2026-05-10 20:17:37,positif,proses cepat ribet
mantaaaaaappp fulll,5,2026-05-10 20:09:13,positif,mantaaaaaappp fulll
kereeeenn app yg bantu keuangan jadi mudah dan hemat berkat fitur gratis tf,5,2026-05-10 20:01:37,positif,kereeeenn app yg bantu uang mudah hemat berkat fitur gratis tf
"sangat di sayangkan, padahal setiap hari ada riwayat kluar masuk nya saldo, tp belum dapat fitur seabank pinjam 🥺🥺",5,2026-05-10 19:59:04,positif,sayang riwayat kluar masuk nya saldo tp fitur seabank pinjam 
sangatlah membantu,5,2026-05-10 19:30:14,positif,bantu
cepat proses nya,5,2026-05-10 19:26:13,positif,cepat proses nya
mantap dah bagus,5,2026-05-10 19:24:24,positif,mantap dah bagus
seabank isdebes,5,2026-05-10 19:14:13,positif,seabank isdebes
sangat bagus Untuk Menabung,5,2026-05-10 19:13:43,positif,bagus tabung
sangat membantu dan sangat bermanfaat,5,2026-05-10 19:05:01,positif,bantu manfaat
bank yang bagus,5,2026-05-10 19:00:16,positif,bank bagus
coba ga pakai ADM kaya DANA,3,2026-05-10 18:55:31,netral,coba ga pakai adm kaya dana
mantul👍,5,2026-05-10 18:48:28,positif,mantul
senang sekali ..,5,2026-05-10 18:47:15,positif,senang
siiiipppp,5,2026-05-10 18:42:02,positif,siiiipppp
bagus ngirim ke sesama ngak pake admin🙏🙏🤗🤗,5,2026-05-10 18:29:23,positif,bagus ngirim ngak pake admin
bagus terpercaya 💯,5,2026-05-10 18:16:24,positif,bagus percaya 
mantapppppp,5,2026-05-10 18:13:07,positif,mantapppppp
Sangat mudah dan aman,5,2026-05-10 18:11:33,positif,mudah aman
pelayanan y bagus 👍👍,4,2026-05-10 17:59:51,positif,layan y bagus 
mantap jiwa,5,2026-05-10 17:55:28,positif,mantap jiwa
Aplikasi yg sangat bagus,5,2026-05-10 17:43:36,positif,aplikasi yg bagus
harusnya gratis ongkir dong buat k semua bank,5,2026-05-10 17:41:27,positif,gratis ongkir k bank
aman dan cepat,5,2026-05-10 17:24:59,positif,aman cepat
🔥🔥,5,2026-05-10 17:10:53,positif,
muantap jiwa,5,2026-05-10 16:52:57,positif,muantap jiwa
terbaik🔥🥰😘,5,2026-05-10 16:46:18,positif,baik
ok pokoknya.. semoga selalu yang terbaik,5,2026-05-10 16:45:49,positif,ok pokok moga baik
saya sangat puas,5,2026-05-10 16:37:34,positif,puas
sangat lah baik,5,2026-05-10 16:28:26,positif,
bagusp,5,2026-05-10 16:25:49,positif,bagusp
makasih banyak seabank saya suka aplikasi seabank ini limit nya besar,5,2026-05-10 16:20:44,positif,makasih seabank suka aplikasi seabank limit nya
sangat sangat keren dan bagus seanBank ini😍,5,2026-05-10 16:17:26,positif,keren bagus seanbank ini
akun baru saya keblokir saya akan coba ulang lagi tolong jangan di persulit yah,2,2026-05-10 16:07:00,negatif,akun blokir coba ulang tolong sulit yah
maksi,5,2026-05-10 15:59:29,positif,maksi
biar bintang yg bicara,5,2026-05-10 15:47:06,positif,biar bintang yg bicara
membantu banget,5,2026-05-10 15:45:16,positif,bantu banget
"sangat memuaskan, yg terbaik seabank",5,2026-05-10 15:42:54,positif,muas yg baik seabank
fitur qris cepat aplikasi nyaman dipakai dan ringan bunga berjalan dengan baik respon cs juga cepat seabank the best,5,2026-05-10 15:39:16,positif,fitur qris cepat aplikasi nyaman pakai ringan bunga jalan respon cs cepat seabank the best
kerenn C,5,2026-05-10 15:38:12,positif,kerenn c
ok 👌,5,2026-05-10 15:33:29,positif,ok 
kalau tf ke ewalet kok ada adminnya ya...?,5,2026-05-10 15:21:24,positif,tf ewalet adminnya ya
"asli sangat praktis, program dan internal yang lebih memadai dipakai bebas iklan buka telepon lelet, cepat bila dijalankan dan mengakses semua menu2nya,tapi yang disiarkan pengajuan ketika dipakai terkadang agak sulit membukanya pada saat koneksi internet sekali dan hanya berputar-putar saja, mungkin cuman hal seperti ini yang biasa terjadi di Afrika Selatan yang lalai sesuai pengalaman transaksi sukses, saran dan masukan untuk kedepannya agar yang error segera dibenahi lagi,terima kasih.",5,2026-05-10 15:21:16,positif,asli praktis program internal pada pakai bebas iklan buka telepon lelet cepat jalan akses menunyatapi siar aju pakai terkadang sulit buka koneksi internet berputarputar cuman afrika selatan lalai sesuai alam transaksi sukses saran masuk depan error benah lagiterima kasih
"Sangat Memuaskan, simpel dan Ringan untuk penggunaan semua jaringan internet.",5,2026-05-10 15:11:40,positif,muas simpel ringan guna jaring internet
pokok nya sangat good dpt bunga setiap hari.,5,2026-05-10 15:11:29,positif,pokok nya good dpt bunga
💸👍,5,2026-05-10 15:05:15,positif,
SeaBank emang TOP 👍,5,2026-05-10 14:59:57,positif,seabank emang top 
sangat,5,2026-05-10 14:58:50,positif,
cukup aman untuk menyimpan uang dari pada apk sebelah,5,2026-05-10 14:47:31,positif,aman simpan uang apk belah
sangat mudah dan membantu,4,2026-05-10 14:39:02,positif,mudah bantu
mantap suka dpt casback,5,2026-05-10 14:37:20,positif,mantap suka dpt casback
aku suka... Terima kasih sudah buat seabank untuk kita yaa 😁,5,2026-05-10 14:32:51,positif,suka terima kasih seabank yaa 
mudah dan transaksi cepat,5,2026-05-10 14:32:00,positif,mudah transaksi cepat
"udah lama jadi pengguna seabank dan setiap hari bertransaksi, tapi saya tidak dapat fitur seabank pinjam, whay?",4,2026-05-10 14:31:00,positif,udah guna seabank transaksi fitur seabank pinjam whay
senanng,5,2026-05-10 14:28:31,positif,senanng
Joss ga pake ribet sat set,5,2026-05-10 14:28:25,positif,joss ga pake ribet sat set
sangat luas,5,2026-05-10 14:27:16,positif,luas
cepat dan lebih mudah dalam bertransaksi,5,2026-05-10 14:26:20,positif,cepat mudah transaksi
good job,5,2026-05-10 14:20:16,positif,good job
sangatt bagusss,5,2026-05-10 14:16:14,positif,sangatt bagusss
"mudah, praktis",5,2026-05-10 14:09:56,positif,mudah praktis
Make it transaction simply!!!,5,2026-05-10 14:07:58,positif,make it transaction simply
Undian bersifat fiktif,1,2026-05-10 14:06:07,negatif,undi sifat fiktif
thanks atas kerjasamanya bapak dan ibu dan staff2 yang saya hormati 🙏,5,2026-05-10 14:00:00,positif,thanks kerjasamanya staff hormat 
"bagus, transaksi cepat",5,2026-05-10 13:58:20,positif,bagus transaksi cepat
sangat mudah dan efesien untuk segala jenis transaksi,5,2026-05-10 13:55:37,positif,mudah efesien jenis transaksi
mantapp.. sangat membantu..,5,2026-05-10 13:53:23,positif,mantapp bantu
sea bank sangat membantu,5,2026-05-10 13:51:43,positif,sea bank bantu
aneh kenapa saya sering bertransaksi tapi masih belum muncul seabank pinjam nya tolong harus di perbaiki lagi,5,2026-05-10 13:46:50,positif,aneh transaksi muncul seabank pinjam nya tolong baik
Apk yang sangat bagus sekali. Apk ini sangat membantu saya sekali untuk melakukan segala macam transaksi. Semoga sukses selalu Seabank. Terimakasih 🙏,5,2026-05-10 13:44:12,positif,apk bagus apk bantu transaksi moga sukses seabank terimakasih 
puas senang sekali,5,2026-05-10 13:42:37,positif,puas senang
"sangat bags memakai aplikasi seabank ini engk ada potongan setiap bulannya,",5,2026-05-10 13:40:11,positif,bags pakai aplikasi seabank engk potong bulan
Alhamdulillah membantu,5,2026-05-10 13:36:43,positif,alhamdulillah bantu
sea Benk aku di tipu sama nasabah anda gimana cara nglaporinya aku ada nomer rekening ya apakah bisa di bantu,5,2026-05-10 13:34:33,positif,sea benk tipu nasabah gimana nglaporinya nomer rekening ya bantu
enak gaada biyaya admin.tapi skrg knp ya kalau kirim ke dana ada biyaya admin meskipun 400 perak 😭🙏,5,2026-05-10 13:34:32,positif,enak gaada biyaya admintapi skrg knp ya kirim dana biyaya admin perak 
"alhamdulillah,,, sangat puas atas menu-menu yang di sediakan",5,2026-05-10 13:34:05,positif,alhamdulillah puas menumenu sedia
Seabank is the Best,5,2026-05-10 13:34:00,positif,seabank is the best
Semoga lebih 👍👌,5,2026-05-10 13:32:51,positif,moga 
rekomended,5,2026-05-10 13:32:13,positif,rekomended
asik sekali,5,2026-05-10 13:28:43,positif,asik
mudah di gunakan tidak ribet untuk daftar nyh,5,2026-05-10 13:24:47,positif,mudah ribet daftar nyh
sering menggunakan seabank krn transfer ke rekening bank dpt banyak kuota gratis. transfer ke shopeepay jg gratis jd banyak membantu,5,2026-05-10 13:23:21,positif,seabank krn transfer rekening bank dpt kuota gratis transfer shopeepay jg gratis jd bantu
"nyimpan uang jadi aman dan ada bunganya juga tapi kadang sistem nya suka eror kenapa ya,, dan kurang enak nya kalau to up ke dana ada admin nya🤭😂",5,2026-05-10 13:14:21,positif,nyimpan uang aman bunga kadang sistem nya suka eror ya enak nya to up dana admin nya
ok good,5,2026-05-10 13:10:22,positif,ok good
sangat membantu... terimakasih seabank.. mantap...,5,2026-05-10 13:10:08,positif,bantu terimakasih seabank mantap
"sangat membantu dan profitable, recomendasi bagi yang belum punya rekening segera buka",5,2026-05-10 13:03:54,positif,bantu profitable recomendasi rekening buka
transaksi di seabank sangat mudah dan terpercaya,5,2026-05-10 13:01:59,positif,transaksi seabank mudah percaya
tabungan tanpa potongan semoga amanah,4,2026-05-10 13:01:42,positif,tabung potong moga amanah
membantu,4,2026-05-10 13:01:12,positif,bantu
terima kasi atas pelayanan terbaik nya,5,2026-05-10 12:59:36,positif,terima kasi layan baik nya
ok mudah dan gratis admin banyak bangt,5,2026-05-10 12:58:04,positif,ok mudah gratis admin bangt
sat set,5,2026-05-10 12:55:35,positif,sat set
sangat baik semoga aku bisa nabung tiap bulan biarpun bulan ini harus ke ambil karena kebutuhan mendesak terimakasih,5,2026-05-10 12:54:53,positif,moga nabung biarpun ambil butuh desak terimakasih
otp lama👎,4,2026-05-10 12:44:46,positif,otp lama
"saya kasih bintang 2 meskipun saya pengguna seabank, krna saya kecewa ,saya melakukan pembayaran QRIS status berhasil namun penerima belom menerima saldo tersebut, dan tidak ada kebijakan dari seaBank,padahal sudah mengisi formulir",2,2026-05-10 12:44:43,negatif,kasih bintang guna seabank krna kecewa bayar qris status hasil terima bom terima saldo bijak seabankpadahal isi formulir
"aplikasinya satset, daftar tanpa ribet, 100% anti pending",5,2026-05-10 12:42:29,positif,aplikasi satset daftar ribet anti pending
pake seabank aman terpercaya,5,2026-05-10 12:42:12,positif,pake seabank aman percaya
simpel,5,2026-05-10 12:38:56,positif,simpel
lumayan sih,5,2026-05-10 12:34:39,positif,lumayan sih
pokoknya sukaaa,5,2026-05-10 12:26:41,positif,pokok sukaaa
sangat membantu banget,5,2026-05-10 12:20:39,positif,bantu banget
selama aku memakai baik2 aja sampe sekarang,4,2026-05-10 12:18:07,positif,pakai aja sampe
sangat puas dan aman,5,2026-05-10 12:16:41,positif,puas aman
puas dengan layanan nya,5,2026-05-10 12:10:08,positif,puas layan nya
gokil,5,2026-05-10 12:06:49,positif,gokil
baiik,4,2026-05-10 12:00:24,positif,baiik
sanget membantu,4,2026-05-10 11:59:30,positif,sanget bantu
mantaf lebih mudah,5,2026-05-10 11:57:47,positif,mantaf mudah
nice suka,5,2026-05-10 11:51:04,positif,nice suka
ada adminya,2,2026-05-10 11:48:33,negatif,adminya
saya masuk ke aplikassi,5,2026-05-10 11:46:45,positif,masuk aplikassi
keren❤️,5,2026-05-10 11:43:34,positif,keren
sangat mudah tranvernya,5,2026-05-10 11:42:33,positif,mudah tranvernya
"Suka berguna banget apps nya mudah dipakai dan ngga ribet,bebas iklan bug ataupun lelet, bebas iklan buka toko lele cepat bilang jalankan dan mengakses , semua menu-menunya,tapi yang djsayangkan pernah juga ketika dipakai terkadang agak2 sulit membukanya yaitu pas pada saat koneksi internet lagi kurang stabil dan malah hanya berputar2 saja,mungkin cuma itu saja hal yang biasa terjadi diappsnya dan yang lain sesuai penglaman transaksi sukses,saran dan masukan tuk kedepannya agar yg eror dibenahi.",5,2026-05-10 11:38:18,positif,suka guna banget apps nya mudah pakai ngga ribetbebas iklan bug lelet bebas iklan buka toko lele cepat bilang jalan akses menumenunyatapi djsayangkan pakai terkadang sulit buka pas koneksi internet stabil putar sajamungkin diappsnya sesuai lam transaksi suksessaran masuk tuk depan yg eror benah
gampang enak praktis,5,2026-05-10 11:31:31,positif,gampang enak praktis
mantap kompkit layananya,5,2026-05-10 11:29:46,positif,mantap kompkit layananya
sangat bagus saya suka menggunakan seabank,5,2026-05-10 11:24:34,positif,bagus suka seabank
dari tgl 9 mei 2026 smpe skrg tidak bisa dibukak,1,2026-05-10 11:17:23,negatif,tgl mei smpe skrg dibukak
sangat membantu dan ada bunga tabungan pula setiap harinya 👍👍👍,5,2026-05-10 11:13:29,positif,bantu bunga tabung hari 
sangat menarik untuk urusan keuangan,5,2026-05-10 11:12:56,positif,tarik urus uang
kenapa mau masukin pasword salah terus,2,2026-05-10 11:11:43,negatif,masukin pasword salah
memudahkan,5,2026-05-10 11:10:58,positif,mudah
pengiriman cepat,5,2026-05-10 11:08:49,positif,kirim cepat
"gratis admin, dapat tambahan uang. kurang enak apa lagi",5,2026-05-10 11:04:54,positif,gratis admin tambah uang enak
makasih sangat bermanfaat.....,5,2026-05-10 11:03:13,positif,makasih manfaat
sangat mudah gak ribet,4,2026-05-10 11:02:28,positif,mudah gak ribet
Love Seabank😘,5,2026-05-10 10:53:01,positif,love seabank
bagus & aman,5,2026-05-10 10:43:25,positif,bagus aman
gratis dan bunganya ituloo,5,2026-05-10 10:40:36,positif,gratis bunga ituloo
keren seabank,5,2026-05-10 10:38:23,positif,keren seabank
❤️,5,2026-05-10 10:29:14,positif,
bagus pengiriman cepat,2,2026-05-10 10:28:11,negatif,bagus kirim cepat
sering gagal login.keterangan gangguan jaringan.padahal sinyal full,1,2026-05-10 10:28:00,negatif,gagal loginketerangan ganggu jaringanpadahal sinyal full
semoga bisa bantu,4,2026-05-10 10:25:01,positif,moga bantu
"aplikasi bagus,buat nabung saya puas",5,2026-05-10 10:14:09,positif,aplikasi bagusbuat nabung puas
mudah dimengerti,5,2026-05-10 10:12:07,positif,mudah erti
mantap mudah,5,2026-05-10 10:09:45,positif,mantap mudah
mudah dan cepat...,5,2026-05-10 10:07:45,positif,mudah cepat
bagus sesuai harapan,5,2026-05-10 10:01:15,positif,bagus sesuai harap
mantap dan keren,5,2026-05-10 09:59:52,positif,mantap keren
mudah dan gratis biaya transfer,5,2026-05-10 09:54:03,positif,mudah gratis biaya transfer
apa apa jadi mudah,5,2026-05-10 09:53:54,positif,mudah
membantu sekali,5,2026-05-10 09:53:46,positif,bantu
mantap sangat membantu..,5,2026-05-10 09:51:14,positif,mantap bantu
saya berharap sea bank pinjam bisa di gunakan dan saya sudah pakai sea bank ini hampir 1 tahun ..kenapa sea bank pinjam saya tidak bisa ...tolong min bantu saya cairkan sea bank pinjam ini,5,2026-05-10 09:48:48,positif,harap sea bank pinjam pakai sea bank sea bank pinjam tolong min bantu cair sea bank pinjam
buat rekening bisa di lakukan di rumah tidak ribet lagi ...maju terus seabank,5,2026-05-10 09:47:24,positif,rekening laku rumah ribet maju seabank
lancar danoktimal.semoga kedepannya lebih lancar seterusnya.ok bosQ.,4,2026-05-10 09:44:26,positif,lancar danoktimalsemoga depan lancar seterusnyaok bosq
aplikasi mantap,5,2026-05-10 09:43:45,positif,aplikasi mantap
Sangat Membantu,5,2026-05-10 09:43:10,positif,bantu
mantap mantap,5,2026-05-10 09:38:18,positif,mantap mantap
cpet mudah,5,2026-05-10 09:27:53,positif,cpet mudah
bagus tpi skrg dah ada 400 setiap transaksi😭,5,2026-05-10 09:20:28,positif,bagus tpi skrg dah transaksi
"spesial harga terjangkau, produsen tawarkan juga sangat berkualitas bebas iklan buka ataupun lelet, enak ketika dijalankan dan mengakses semua menu-menunya, tapi yang disayangkan pernah juga ketika dipakai,terkadang agak2 sulit membukanya pas pada saat koneksi internet lagi kurang stabil dan malah hanya berputar2 saja, mungkin cuman itu saja hal yang biasa terjadi di apps ini dan yang lain sesuai pengalaman transaksi sukses, saran dan masukan untuk kedepannya agar yang error selalu dibenahi lagi",5,2026-05-10 09:18:16,positif,spesial harga jangkau produsen tawar kualitas bebas iklan buka lelet enak jalan akses menumenunya sayang dipakaiterkadang sulit buka pas koneksi internet stabil putar cuman apps sesuai alam transaksi sukses saran masuk depan error benah
Sangat menyenangkan 👍👍,5,2026-05-10 09:14:29,positif,senang 
Kenapa saya Blum Mendapatkan S Pinjam,5,2026-05-10 09:04:48,positif,blum s pinjam
lebih mudah apapun itu sesuai kebutuhan,5,2026-05-10 08:56:48,positif,mudah apa sesuai butuh
segala sesuatu nya lebih mudah..,5,2026-05-10 08:56:29,positif,nya mudah
aktivin sea bank pinjam dong,5,2026-05-10 08:55:39,positif,aktivin sea bank pinjam
mudh di gunakan,5,2026-05-10 08:51:38,positif,mudh
gacorrrr,5,2026-05-10 08:43:29,positif,gacorrrr
sangat aman dan amanah,5,2026-05-10 08:43:00,positif,aman amanah
"sering transaksi dan simpan uang kenapa ga muncul"" ya paylaternya.",4,2026-05-10 08:36:37,positif,transaksi simpan uang ga muncul ya paylaternya
Sangat cepat dan mudah,5,2026-05-10 08:35:11,positif,cepat mudah
CPT dan memuaskan,5,2026-05-10 08:32:09,positif,cpt muas
tidak ada seabenk pinjaman diaplikasi saya,3,2026-05-10 08:31:37,netral,seabenk pinjam aplikasi
bagus tf ke bank apa saja gratis,5,2026-05-10 08:19:09,positif,bagus tf bank gratis
jos jis pokoknya,5,2026-05-10 08:13:41,positif,jos jis pokok
"spesial banget, apps-nya sangat bagus berkualitas bebas iklan bug ataupun lelet, cepat bila dijalankan dan mengakses semua menu2nya, hanya saja terkadang aku ke sini agak sulit dibuka dan dioperasikan, Ya itu pas pada saat koneksi internet lebih kurang stabil dan menahannya berputar-putar saja, mungkin cuman hal seperti ini yang biasa terjadi di apps-nya dan yang lain-lain sesuai pengalaman transaksi sukses, saran dan masukan untuk pengembangnya agar dibenahi setiap yang error agr lebih baik lg.",5,2026-05-10 08:12:21,positif,spesial banget appsnya bagus kualitas bebas iklan bug lelet cepat jalan akses menu terkadang sulit buka operasi ya pas koneksi internet stabil tahan berputarputar cuman appsnya lainlain sesuai alam transaksi sukses saran masuk kembang benah error agr lg
sangat efisien,5,2026-05-10 07:58:07,positif,efisien
jossss,5,2026-05-10 07:50:56,positif,jossss
Masya Allah... sangat mudah daftar seabank dan transaksi sangat mudah dan cepat + lancar. makasih banyak ya seabank😃🙏🫶,5,2026-05-10 07:48:00,positif,masya allah mudah daftar seabank transaksi mudah cepat lancar makasih ya seabank
masih banyak bug seperti apk macet,5,2026-05-10 07:46:58,positif,bug apk macet
Transaksi menjadi lebih mudah dan murah.,5,2026-05-10 07:46:26,positif,transaksi mudah murah
sangat 👍👍,5,2026-05-10 07:45:56,positif,
"cepet transaksi, sama kyk bank2 lainya",5,2026-05-10 07:45:39,positif,cepet transaksi kyk bank lai
saya gak pernah di ACC pinjam seabank nya,4,2026-05-10 07:41:07,positif,gak acc pinjam seabank nya
pokonya segala transaksi mudah dan juga simpan uang bisa d andalkan,5,2026-05-10 07:38:23,positif,poko transaksi mudah simpan uang d andal
pengunaan seabank cukup baik,5,2026-05-10 07:35:33,positif,pengunaan seabank
sangat membantu untuk transaksi trimksh 🤗🤗,5,2026-05-10 07:27:34,positif,bantu transaksi trimksh 
puas bgt mempermudah,5,2026-05-10 07:18:46,positif,puas bgt mudah
"gak ribet, mudah dimngerti",5,2026-05-10 07:18:05,positif,gak ribet mudah dimngerti
"mudah daftarnya, mudah transfer sana sini okey bgt..",5,2026-05-10 07:16:58,positif,mudah daftar mudah transfer okey bgt
good sangat membantu mudahan bisa bermanfaat,5,2026-05-10 07:15:28,positif,good bantu mudah manfaat
kurang paham bossku,5,2026-05-10 06:59:11,positif,paham bossku
baik dan terpercaya,5,2026-05-10 06:57:09,positif,percaya
mantaappp,5,2026-05-10 06:56:06,positif,mantaappp
"praktis, gratis kirim, recommended pokoknya",5,2026-05-10 06:55:51,positif,praktis gratis kirim recommended pokok
"apknya bagus dan cepet sekali,",5,2026-05-10 06:49:42,positif,apknya bagus cepet
mantap tap tap tap ... memudahkan semua transaksi,5,2026-05-10 06:45:44,positif,mantap tap tap tap mudah transaksi
mamtap,5,2026-05-10 06:44:02,positif,mamtap
sangat membantu dalam bertransaksi lebih mudah dan aman,5,2026-05-10 06:37:43,positif,bantu transaksi mudah aman
"topup dana udh gak gratis lagi, saya turunin bintangnya 🫪",3,2026-05-10 06:29:17,netral,topup dana udh gak gratis turunin bintang 
"Mudah, berguna",5,2026-05-10 06:24:05,positif,mudah guna
gak ada menu pinjam,5,2026-05-10 06:21:43,positif,gak menu pinjam
sangat jelek saya udah bener pasword nya selalu di salahkan rating bintang 1,1,2026-05-10 06:18:18,negatif,jelek udah bener pasword nya salah rating bintang
sangat membantu dan tidak ribet😊,5,2026-05-10 06:14:59,positif,bantu ribet
sangat buruk,1,2026-05-10 06:06:27,negatif,buruk
"memang aplikasi sangat membantu sekali, bagi yang belum mencoba ..ini rekomendasi bnget untuk di pakai kebutuhan sehari hari teman teman... pelayanan cepet , customer service nya gampang sekali di hubungi, beda dengan aplikasi sebelah.. pokoknya mantap..",5,2026-05-10 06:04:41,positif,aplikasi bantu coba rekomendasi bnget pakai butuh hari teman teman layan cepet customer service nya gampang hubung beda aplikasi belah pokok mantap
"bagus,, semoga pesenannya nambah lebih gede pagi ya 😄",5,2026-05-10 05:41:03,positif,bagus moga sen nambah gede pagi ya 
pemberitauan buka rek SeaBank dpt 200 rb Gratis mana sy buka rek SeaBànk tdk dpt 200 rb,1,2026-05-10 05:38:55,negatif,pemberitauan buka rek seabank dpt rb gratis sy buka rek seab nk tdk dpt rb
Spinjam gagal terus,5,2026-05-10 05:34:43,positif,spinjam gagal
mantap seabank smg tnpa kendala,5,2026-05-10 05:34:21,positif,mantap seabank smg tnpa kendala
okey bosh,5,2026-05-10 05:33:10,positif,okey bosh
Senang sekali ada kemudahan dalam membuat rekening bank secara online tidak perlu datang ke kantor bank.,5,2026-05-10 05:31:54,positif,senang mudah rekening bank online kantor bank
oke seabank muantab,2,2026-05-10 05:29:07,negatif,oke seabank muantab
mudah bnget,5,2026-05-10 05:27:43,positif,mudah bnget
sangat mudah untuk digunakan,5,2026-05-10 05:25:05,positif,mudah
baik sekali mudah2 an ada seabank pay later,4,2026-05-10 05:23:26,positif,mudah an seabank pay later
simple,5,2026-05-10 05:19:06,positif,simple
"Makiinn Serruu pakaii Akunn SEABANK jadii Makiinn untungg ,,,,,,,,",5,2026-05-10 05:13:52,positif,makiinn serruu pakai akunn seabank jadi makiinn untungg
sebank pijam aktifin di akan saya,5,2026-05-10 05:02:56,positif,bank pijam aktifin
cepat tepat.,5,2026-05-10 04:57:00,positif,cepat
Sangat baik,3,2026-05-10 04:52:58,netral,
sea bank mudah,5,2026-05-10 04:48:53,positif,sea bank mudah
suku bunganya wowww,4,2026-05-10 04:39:29,positif,suku bunga wowww
sanget mambantu,5,2026-05-10 04:37:52,positif,sanget mambantu
Mantap Pokoknya,5,2026-05-10 04:36:52,positif,mantap pokok
bagus dan kerjasama dan gratis admin lansung aja download seabank mantap banget kaka😄😄,5,2026-05-10 04:32:38,positif,bagus kerjasama gratis admin lansung aja download seabank mantap banget kaka
Barusan habis tf tp knpa hrs login lg dan udah berulang di login malah di blokir sementara cepet dong perbaiki lg,3,2026-05-10 04:28:23,netral,barusan habis tf tp knpa hrs login lg udah ulang login blokir cepet baik lg
senang dg aplikasi seabank,5,2026-05-10 04:28:21,positif,senang dg aplikasi seabank
The best pokok nya,5,2026-05-10 04:25:44,positif,the best pokok nya
mantabbbb,5,2026-05-10 04:17:37,positif,mantabbbb
aman mudah dan terpercaya,5,2026-05-10 03:56:15,positif,aman mudah percaya
sangat membamtu,5,2026-05-10 03:47:43,positif,membamtu
kerenn,5,2026-05-10 03:45:15,positif,kerenn
respon cepat,5,2026-05-10 03:42:23,positif,respon cepat
.::👌🏻(⁠•⁠‿⁠•⁠)👍🏻::.,4,2026-05-10 03:42:00,positif,
terimakasihhh puassd bgtt aku tuhh,5,2026-05-10 03:28:12,positif,terimakasihhh puassd bgtt tuhh
sangat bagus dan sangat bermanfaat,5,2026-05-10 03:17:06,positif,bagus manfaat
Mantap 👍,5,2026-05-10 03:14:54,positif,mantap 
keren dan luar biasa,5,2026-05-10 03:08:13,positif,keren
"akhir-akhir buka seabank susah, sudah update juga tapi tetap layar putih gitu. ada yang sama kah?",3,2026-05-10 03:04:40,netral,akhirakhir buka seabank susah update layar putih gitu kah
kekurangan nya susah untuk mengambil uang di desa,4,2026-05-10 03:02:56,positif,kurang nya susah ambil uang desa
dana motong gak jelas.. tiba2 ada transaksi yg gak tau dari mana asalnya.. mau komplain atau ngurus nya susah.. gak ada kantor cabang secara fisik..,1,2026-05-10 02:54:56,negatif,dana motong gak transaksi yg gak tau asal komplain ngurus nya susah gak kantor cabang fisik
ko sya ga dpt fitur,5,2026-05-10 02:51:32,positif,ko sya ga dpt fitur
"free transfer, praktis, cepat,",5,2026-05-10 02:51:20,positif,free transfer praktis cepat
antappppppppp,5,2026-05-10 02:50:36,positif,antappppppppp
cepat prosesnya,5,2026-05-10 02:50:23,positif,cepat proses
baru isi ke seaBank tidak masuk ke rekening saya,1,2026-05-10 02:49:23,negatif,isi seabank masuk rekening
sangat berguna,5,2026-05-10 02:46:22,positif,guna
"intinya puas bangt pake seabank, mudah dan aman. sejauh ini ga ada kendala apa"" si, cma kl bisa ditambah lagi jatah tariktunai gratisnya",5,2026-05-10 02:45:09,positif,inti puas bangt pake seabank mudah aman ga kendala si cma kl tambah jatah tariktunai gratis
iya bagus 👍🙏,5,2026-05-10 02:30:26,positif,iya bagus 
Terimakasih sangat membantu,5,2026-05-10 02:29:05,positif,terimakasih bantu
gratis biaya trf meskipun beda bank,5,2026-05-10 02:14:21,positif,gratis biaya trf beda bank
mantap seabank,5,2026-05-10 02:14:14,positif,mantap seabank
bagus . mantap transfer nya,5,2026-05-10 01:55:30,positif,bagus mantap transfer nya
in the best recomended. Gratis Tf lagi,5,2026-05-10 01:50:43,positif,in the best recomended gratis tf
Mudah untuk di gunakan dan aman tapi untuk qiuris nya agak eror dikit saat membayar pinjol saya,5,2026-05-10 01:45:08,positif,mudah aman qiuris nya eror dikit bayar pinjol
puya kami belum bisa. kirim lewat HP / di keris. belum bisa untuk teran saksi,1,2026-05-10 01:34:36,negatif,puya kirim hp keris teran saksi
cepat proses nya 👍,5,2026-05-10 01:30:23,positif,cepat proses nya 
sangat cepatt,5,2026-05-10 01:27:21,positif,cepatt
Transaksi mudah dan cepat😀,5,2026-05-10 01:20:46,positif,transaksi mudah cepat
"mana bonus 200k nya katanya kalo daftar langsung dapet saldo 200k, bohong banget",1,2026-05-10 01:18:22,negatif,bonus k nya kalo daftar langsung dapet saldo k bohong banget
mana uangnya katanya cair,5,2026-05-10 01:13:19,positif,uang cair
aman dan terjamin,5,2026-05-10 01:11:42,positif,aman jamin
"sangat puas, tolong dong fitur pinjaman nyah, padahal udah lama pakai",5,2026-05-10 01:01:14,positif,puas tolong fitur pinjam nyah udah pakai
senangnya hatiku banyak transfer gratis,5,2026-05-10 00:44:09,positif,senang hati transfer gratis
rekomen pisan,5,2026-05-10 00:36:20,positif,rekomen pis
terbaik dan nyaman,5,2026-05-10 00:34:30,positif,baik nyaman
tabungan yang sangat bagus,5,2026-05-10 00:26:46,positif,tabung bagus
sangattt baguss,5,2026-05-10 00:18:53,positif,sangattt baguss
"sangat membantu,dan membermudah transaksi",5,2026-05-10 00:15:53,positif,membantudan mudah transaksi
mantab pokoknya,5,2026-05-10 00:12:28,positif,mantab pokok
bru buka buat nabung ternyata klo uang gak d ambil maka akan bertambah dan kirim ke bank mana aj gak ad potongan 🙂,5,2026-05-09 23:57:32,positif,bru buka nabung klo uang gak d ambil tambah kirim bank aj gak ad potong 
cepat dan praktis,5,2026-05-09 23:55:01,positif,cepat praktis
semoga selalu menjaga amanah nasabah. terbaik 👍,5,2026-05-09 23:52:36,positif,moga jaga amanah nasabah baik 
mudah dan cepat buat transfer,5,2026-05-09 23:47:19,positif,mudah cepat transfer
"udh bagus bgttt cuman saran, bikin kantong tabungan dong biar bisa dipisah-pisah 🥲 sama satu lagi, bikin fitur yg bisa buat goals gitu",5,2026-05-09 23:32:36,positif,udh bagus bgttt cuman saran bikin kantong tabung biar dipisahpisah  bikin fitur yg goals gitu
bru pertamq buka alhqmdulillh mudah daftarnya,5,2026-05-09 23:27:25,positif,bru pertamq buka alhqmdulillh mudah daftar
Oke banget,5,2026-05-09 23:17:13,positif,oke banget
"Mudah, aman lancar sentosa",5,2026-05-09 23:17:06,positif,mudah aman lancar sentosa
istimewa,5,2026-05-09 23:06:08,positif,istimewa
sangat membabtu,5,2026-05-09 22:48:21,positif,membabtu
seabank bagus . transfer ke bank lain mudah dan cepat,5,2026-05-09 22:35:12,positif,seabank bagus transfer bank mudah cepat
mudah sekali disaat melakukan transaksi,5,2026-05-09 22:30:44,positif,mudah saat transaksi
"sangat puas dgn fitur & gratis transfernya tapi masih ada bug di xiaomi renot 8,layar putih semua di menu awal",2,2026-05-09 22:04:48,negatif,puas dgn fitur gratis transfer bug xiaomi renot layar putih menu
pelayanan nya sangat baik dan cepat.the besth Poko y,5,2026-05-09 22:03:31,positif,layan nya cepatthe besth poko y
mudah dan tidak ribet,5,2026-05-09 21:59:24,positif,mudah ribet
sangat membantu dan mudah untuk digunakan.,5,2026-05-09 21:52:06,positif,bantu mudah
"enak, mudah dan cepat",5,2026-05-09 21:15:48,positif,enak mudah cepat
lebih mudah bertransaksi lebih murah tanpa biaya admin,5,2026-05-09 20:42:08,positif,mudah transaksi murah biaya admin
di aplikasi saya tidak ada pinjaman nyaa,3,2026-05-09 20:36:45,netral,aplikasi pinjam nyaa
Mantaappp,5,2026-05-09 20:36:08,positif,mantaappp
di awali dengan bismillah,5,2026-05-09 20:32:03,positif,awal bismillah
sangat membantu masalh kirim uang,5,2026-05-09 20:21:04,positif,bantu masalh kirim uang
mantap jiwa cepat aman,5,2026-05-09 20:04:28,positif,mantap jiwa cepat aman
sangat baik dan membantu,5,2026-05-09 19:50:43,positif,bantu
mantap banget,4,2026-05-09 19:45:32,positif,mantap banget
senang bisa menggunakan seaBank transaksi cepat tidak ribet.,5,2026-05-09 19:40:13,positif,senang seabank transaksi cepat ribet
nayaman sekali,3,2026-05-09 19:37:59,netral,nayam
baik sekali apk ini,5,2026-05-09 19:35:14,positif,apk
mantab sea bank,5,2026-05-09 19:32:24,positif,mantab sea bank
cepat dan mudah,5,2026-05-09 19:31:33,positif,cepat mudah
"mantap tanpa ribet,tnpa potongan semua bank",5,2026-05-09 18:59:08,positif,mantap ribettnpa potong bank
"uninstall aja ah, berpa kali saya, bolak balik infut data. ga bisa login juga.. saya lupa password nya. kemudian di arahkan untuk isi data, sampai 6x login menggunakan KTP tetap juga tidak bisa. akhirnya kesabaran saya habis.. saya uninstall deh",1,2026-05-09 18:56:55,negatif,uninstall aja ah berpa kali bolak infut data ga login lupa password nya arah isi data x login ktp sabar habis uninstall deh
bagus +nyaman,5,2026-05-09 18:42:43,positif,bagus nyaman
cocok untuk menabung,5,2026-05-09 18:40:59,positif,cocok tabung
ok bngt,5,2026-05-09 18:28:19,positif,ok bngt
rekening tidak masuk ke sea bank,3,2026-05-09 18:12:21,netral,rekening masuk sea bank
bagus tanpa admin,5,2026-05-09 17:54:04,positif,bagus admin
ini kenapa transferan udah berhasil tapi belum masuk kerja rekening seabank!!,1,2026-05-09 17:45:58,negatif,transfer udah hasil masuk kerja rekening seabank
miris seabank nya pas gua login langsung layar putih tolong berikan terbaik untuk pengguna seabank agar semua pengguna merasa aman,1,2026-05-09 17:45:51,negatif,miris seabank nya pas gua login langsung layar putih tolong baik guna seabank guna aman
"4 Mei dapat transferan , mutasinya sudah diterima tapi dana tetap tertahan tulisannya dan sampai sekrang tanggal 10mei belum bisa ditarik , CS ditelp 4x jawaban tetap sama suruh menunggu pesan by gmail dan telpon , tapi sampai sekrang nihill. MENGECEWAKAN GAK AMAN BUAT NYIMPEN UANG",1,2026-05-09 17:45:08,negatif,mei transfer mutasi terima dana tahan tulis sekrang tanggal mei tarik cs ditelp x suruh tunggu pesan by gmail telpon sekrang nihill kecewa gak aman nyimpen uang
Seabank makin kesini makin mantap tapi trkadang masih ada bug mungkin jaringan saya kali kurang Stabil selebihnya oke,5,2026-05-09 17:38:34,positif,seabank kesini mantap trkadang bug jaring kali stabil lebih oke
mudh lancar,5,2026-05-09 17:37:10,positif,mudh lancar
"PELAYANAN DARI CS NYA SANGAT BAIK DAN SANGAT SABAR HUHUU, TERIMAKASIH YAAA🫂🫂💗💗💗💗",5,2026-05-09 17:34:46,positif,layan cs nya sabar huhuu terimakasih yaaa
Saya ingin menggunakan aplikasi ini,1,2026-05-09 17:31:30,negatif,aplikasi
bank nya sangat membantu proses cepat,5,2026-05-09 17:31:12,positif,bank nya bantu proses cepat
okk banget bosss...,5,2026-05-09 17:21:04,positif,okk banget bosss
sangat membanth,5,2026-05-09 17:19:19,positif,membanth
GHOOD,5,2026-05-09 17:02:37,positif,ghood
Sanga membuat sekali,5,2026-05-09 16:58:46,positif,sanga
Gampang digunakan,5,2026-05-09 16:58:15,positif,gampang
aplikasi bagus sangat recommended,5,2026-05-09 16:49:44,positif,aplikasi bagus recommended
aplikasi gatel gk bisa di buka cok,1,2026-05-09 16:45:42,negatif,aplikasi gatel gk buka cok
mantap lancar,5,2026-05-09 16:42:20,positif,mantap lancar
🤙,4,2026-05-09 16:40:14,positif,
Seabank apaan uang masuk aja sampe nggk ada nongol uang saya suruh levchat tapi mnh kli nggk bisa chat² suruh tlepon tapi harus pake pulsa kn sialan nih seabank,1,2026-05-09 16:36:28,negatif,seabank uang masuk aja sampe nggk nongol uang suruh levchat mnh kli nggk chat suruh tlepon pake pulsa kn sial nih seabank
cpt dan tepat,5,2026-05-09 16:35:45,positif,cpt
mantab seabank lebih mantap lg kalaw ada pitur pinjamannya,5,2026-05-09 16:32:18,positif,mantab seabank mantap lg kalaw pitur pinjam
saya senang menggunakan sea bank,5,2026-05-09 16:23:47,positif,senang sea bank
"Terima kasih karna telah berbeda dengan bank lain nya yg harus sisakan 25.000 yg gabisa di tarik, seabank emang paling terbaik",5,2026-05-09 16:17:13,positif,terima kasih karna beda bank nya yg sisa yg gabisa tarik seabank emang baik
bagus sekali biaya admin murah,5,2026-05-09 16:16:39,positif,bagus biaya admin murah
mnyenangkan,5,2026-05-09 16:08:26,positif,mnyenangkan
Sangat nyaman digunakan,5,2026-05-09 16:02:26,positif,nyaman
sampai saat ini blum ada kendala,4,2026-05-09 15:58:06,positif,blum kendala
layan bagus,5,2026-05-09 15:54:06,positif,layan bagus
enak .. lancarkan lagii,5,2026-05-09 15:45:17,positif,enak lancar lagi
ini apk bank yg sangat worth udah terdaftar OJK jadi aman dalam menyimpan uang dalam skala besar.,5,2026-05-09 15:31:17,positif,apk bank yg worth udah daftar ojk aman simpan uang skala
JOSSJISS,5,2026-05-09 15:29:58,positif,jossjiss
okeee,5,2026-05-09 15:19:56,positif,okeee
apk bobrok,1,2026-05-09 15:17:09,negatif,apk bobrok
"cepat aman ,",2,2026-05-09 15:16:37,negatif,cepat aman
sangat puas dengan pelayanan seabank .. di saat ada kesulitan costumer seabank membantu dengan memuaskan sampai tertuntaskan masalah nya,5,2026-05-09 15:13:20,positif,puas layan seabank sulit costumer seabank bantu muas tuntas nya
bgus Skali,5,2026-05-09 15:03:17,positif,bgus skali
sangat bagus dan prosesnya cepat,5,2026-05-09 14:57:45,positif,bagus proses cepat
sanagt terbantu,5,2026-05-09 14:53:47,positif,sanagt bantu
kenapa setiap saya melakukan witdraw di game selalu hilang saldo saya,2,2026-05-09 14:47:40,negatif,witdraw game hilang saldo
keren banget,5,2026-05-09 14:40:07,positif,keren banget
"good job, easy buat tranfer via bank maupun ewallet,,pertahankan,, lain kali klo bisa di uprgerd jgn ada admin buat tf ke dana, soalnya sama2 ewallet seabank jugaa. tapi scara keseluruhan,,no komen best for seabank👍",5,2026-05-09 14:30:21,positif,good job easy tranfer via bank ewalletpertahankan kali klo uprgerd jgn admin tf dana ewallet seabank jugaa scara keseluruhanno komen best for seabank
senang karna admin nya gratis,5,2026-05-09 14:28:02,positif,senang karna admin nya gratis
mudah di operasi kan...,5,2026-05-09 14:22:44,positif,mudah operasi
yes i like.. sangat berguna dan membatu sekali semoga slalu bermanfaat selamanya...,5,2026-05-09 14:19:44,positif,yes i like guna batu moga slalu manfaat
TF mudah dan cepet,5,2026-05-09 14:13:13,positif,tf mudah cepet
"setelah masukin pin, tampilan hanya putih kosong pada halam dengan navigation button! perbaiki bug ini internet dengan wifi dan data kecepatan 8 Mbps / perangkat ram 12 512 GB AnTuTu 1,5 juta",1,2026-05-09 14:10:57,negatif,masukin pin tampil putih kosong halam navigation button baik bug internet wifi data cepat mbps perangkat ram gb antutu juta
top bgt......,5,2026-05-09 14:08:45,positif,top bgt
setelah di update jadi lelet buat masuk,3,2026-05-09 14:06:23,netral,update lelet masuk
segala ny kini mode praktis dalam menabung dan pembayaran lainnya,5,2026-05-09 14:01:13,positif,ny mode praktis tabung bayar
mohon admin seabank kenapa setiap malam hari top up ke ewallet dana selalu bermasalah. mohon di atasi masalah ini rugi saya kalo setiap malam selalu gangguan...... trimakasih,3,2026-05-09 13:58:06,netral,mohon admin seabank malam top up ewallet dana masalah mohon atas rugi kalo malam ganggu trimakasih
sangat mudah buat transaksi tanpa bawa dompet,5,2026-05-09 13:51:27,positif,mudah transaksi bawa dompet
"aneh banget seabank ini, aku mau login lagi ke akunku gabisa, muter muter di halaman login terus, di suruh login dengan nomor yang terdaftar, login udah nih, bisa, masukin pin juga bisa benar pinnya, tapi setelah masukan pin malah di suruh verifikasi ktp, bukannya verifikasi apa tapi verifikasi pembuatan akun seabank, kan aneh, akunku itu sudah terdaftar woi ngapain disuruh verifikasi ktp lagi, sampe emosi muter muter di situ terus, tolonglah berpaiki, aneh banget ini males banget pakenya",1,2026-05-09 13:50:10,negatif,aneh banget seabank login akun gabisa muter muter halaman login suruh login nomor daftar login udah nih masukin pin pin masuk pin suruh verifikasi ktp verifikasi verifikasi buat akun seabank aneh akun daftar woi ngapain suruh verifikasi ktp sampe emosi muter muter situ tolong berpaiki aneh banget males banget pakenya
"kenapa aplikasi seabank malam ini susah untuk dibuka, apakah lagi ada gangguan",5,2026-05-09 13:48:42,positif,aplikasi seabank malam susah buka ganggu
"mantap kali wak, cuma scan qr tarik tunainya agak bermasalah dikit",5,2026-05-09 13:44:32,positif,mantap kali wak scan qr tarik tunai masalah dikit
siipp,5,2026-05-09 13:44:10,positif,siipp
sangat suka aplikasinya,5,2026-05-09 13:43:22,positif,suka aplikasi
membatu untuk tansaksi,5,2026-05-09 13:43:18,positif,batu tansaksi
godd,5,2026-05-09 13:41:10,positif,godd
"mudah,cepat dn murah..",5,2026-05-09 13:40:44,positif,mudahcepat dn murah
suka banget pke seeabank,5,2026-05-09 13:39:08,positif,suka banget pke seeabank
murah,5,2026-05-09 13:34:46,positif,murah
bikin emosi semenjak update ngeblack kalo di pake transaksi,2,2026-05-09 13:32:52,negatif,bikin emosi semenjak update ngeblack kalo pake transaksi
seneng,5,2026-05-09 13:32:07,positif,neng
aman terpercaya,5,2026-05-09 13:31:59,positif,aman percaya
"pokoknya bagus,tidak lelet...👍🏻👍🏻👍🏻",5,2026-05-09 13:31:48,positif,pokok bagustidak lelet
"mudah dan tidak ribet, saya sangat puas menggunakannya",5,2026-05-09 13:29:46,positif,mudah ribet puas guna
love,5,2026-05-09 13:25:41,positif,love
nyaman dan aman sejauh ini,5,2026-05-09 13:24:32,positif,nyaman aman
terima kasih dan sangat membantu,5,2026-05-09 13:24:01,positif,terima kasih bantu
hoax..gue udah menuhin syarat nya..kalo gini mah uninstal aja..tadi nya mau gue pake,1,2026-05-09 13:20:17,negatif,hoaxgue udah menuhin syarat nyakalo gin mah uninstal ajatadi nya gue pake
gampang dan cepat,5,2026-05-09 13:18:39,positif,gampang cepat
terbaikk,4,2026-05-09 13:16:02,positif,terbaikk
mending pake seabank dari pada ewalleg,5,2026-05-09 13:14:15,positif,mending pake seabank ewalleg
uji coba,3,2026-05-09 13:04:41,netral,uji coba
bagus dan mantap maximal.. 👍👍,4,2026-05-09 13:04:13,positif,bagus mantap maximal 
My bank 💵,5,2026-05-09 13:01:55,positif,my bank 
cukup bagus aplikasi seabank memuaskan,5,2026-05-09 13:00:12,positif,bagus aplikasi seabank muas
"layanan memuaskan, cuma bagi hasilnya kurang memuaskan",5,2026-05-09 12:58:38,positif,layan muas hasil muas
"cepet, praktis dan aman",5,2026-05-09 12:55:59,positif,cepet praktis aman
kok malah banyak bug. sudah login tapi tidak ada.tampilan apa2. gimana neh...mana buru buru mau transaksi,1,2026-05-09 12:55:14,negatif,bug login adatampilan gimana nehmana buru buru transaksi
Ok,4,2026-05-09 12:54:01,positif,ok
memudahkan hidup anyir. tapi sekarang ada pajak bunganya Ama adm top up ewalet.,5,2026-05-09 12:52:16,positif,mudah hidup anyir pajak bunga ama adm top up ewalet
lumayan asik lah nyaman siiiip,3,2026-05-09 12:47:53,netral,lumayan asik nyaman siiiip
waw,5,2026-05-09 12:31:31,positif,waw
cukup mudah dan aman,5,2026-05-09 12:23:02,positif,mudah aman
jadilah yg terbaik untuk selamanya,5,2026-05-09 12:12:07,positif,yg baik
JOSS GANDOSS,5,2026-05-09 12:07:52,positif,joss gandoss
mantap bagus pelayanannya,5,2026-05-09 12:07:49,positif,mantap bagus layan
proses mudah dan simpel,5,2026-05-09 12:07:03,positif,proses mudah simpel
seabank memang mantap,5,2026-05-09 12:06:15,positif,seabank mantap
alhamdulilah membantu bgt,5,2026-05-09 11:56:02,positif,alhamdulilah bantu bgt
aman,5,2026-05-09 11:53:08,positif,aman
simpel mudah aman tidak ribet,5,2026-05-09 11:52:07,positif,simpel mudah aman ribet
lancar bagus pokonamah,5,2026-05-09 11:47:52,positif,lancar bagus pokonamah
mempermudah sekaliuuu,5,2026-05-09 11:46:28,positif,mudah sekaliuuu
semoga selalu baik aplikasi ea,5,2026-05-09 11:45:17,positif,moga aplikasi ea
simpel dan cepat,5,2026-05-09 11:44:33,positif,simpel cepat
"sejauh ini, masih bagus banget",5,2026-05-09 11:44:11,positif,bagus banget
aplikasi sangat membantu banget....transfer tidak ada admin...suka banget,5,2026-05-09 11:42:24,positif,aplikasi bantu bangettransfer adminsuka banget
seabank bagus ..cepat buat transaksi,5,2026-05-09 11:42:07,positif,seabank bagus cepat transaksi
min aku bayar qrs. saldo kepotong. tpi gak berhasil gimn solusinya,1,2026-05-09 11:40:10,negatif,min bayar qrs saldo potong tpi gak hasil gimn solusi
"gagal dftar terus, OTP ga masuk""",5,2026-05-09 11:40:02,positif,gagal dftar otp ga masuk
saldo seabank saya blm masuk sudah 1 hari. katanya harus nunggu 1 hari. kenapa nerima saldo saja sampai menunggu lama. saya sudah lapor cs tapi saldo blm masuk juga. sudah kirim bukti pengiriman ke seabank berhasil dan sampai sekarang belum masuk juga. malah disuruh lapor ke pihak pengirim. sedangkan pihak pengirim sudah melampirkan bukti pengiriman dan detailnya. alasan karna bank pasif knp giliran seperti ini harus lama? mending pake bank yg lain,1,2026-05-09 11:32:18,negatif,saldo seabank blm masuk nunggu nerima saldo tunggu lapor cs saldo blm masuk kirim bukti kirim seabank hasil masuk suruh lapor kirim kirim lampir bukti kirim detail alas karna bank pasif knp gilir mending pake bank yg
mudah tanpa ribet mau tranfer k mna aja tidak ada biaya admint,5,2026-05-09 11:31:08,positif,mudah ribet tranfer k mna aja biaya admint
sangat membantu buat yang suka sat set transfer uang,5,2026-05-09 11:30:25,positif,bantu suka sat set transfer uang
sunggu senang menggunakan sea bank,5,2026-05-09 11:26:05,positif,sunggu senang sea bank
blom mempunyaiii p ndapatan sama sekali ..namu sangat memuaskan di buat transaksi,5,2026-05-09 11:24:24,positif,blom mempunyaiii p ndapatan namu muas transaksi
"keren ,banyak gratis ,murah ,tanpa ribet tanpa gangguan",5,2026-05-09 11:24:08,positif,keren gratis murah ribet ganggu
"ternyata sangat mudah menggunakan seabank awalnya smpat bingung,,,lebih praktis",5,2026-05-09 11:13:16,positif,mudah seabank smpat bingunglebih praktis
sangat aman dan mudah di gunakan🫡,5,2026-05-09 11:05:21,positif,aman mudah guna
layanan baik dan mudah,5,2026-05-09 11:01:16,positif,layan mudah
semoga bermanfaat,5,2026-05-09 10:56:51,positif,moga manfaat
sea bank. mantap. tingkatkan terus pelayanan bank ini saya yakin pasti akan banyak nasabah yang bergabung.,5,2026-05-09 10:55:59,positif,sea bank mantap tingkat layan bank nasabah gabung
mantep ni seabank,5,2026-05-09 10:55:25,positif,mantep ni seabank
sangat cpt dan bagus,5,2026-05-09 10:55:18,positif,cpt bagus
sangat membantu.mempermudah transsaksi,5,2026-05-09 10:33:52,positif,membantumempermudah transsaksi
bagusl,5,2026-05-09 10:31:24,positif,bagusl
jozzz,5,2026-05-09 10:26:43,positif,jozzz
best apk,4,2026-05-09 10:22:13,positif,best apk
gooood,5,2026-05-09 10:11:16,positif,gooood
bagus dan terpecah,5,2026-05-09 10:10:49,positif,bagus pecah
sangt memuaskan,5,2026-05-09 10:07:48,positif,sangt muas
sangat bagus dan gampang,5,2026-05-09 10:03:06,positif,bagus gampang
mantap aplikasinya,5,2026-05-09 10:03:01,positif,mantap aplikasi
cepat dan amanaha,5,2026-05-09 10:02:16,positif,cepat amanaha
cocok banget,5,2026-05-09 09:53:20,positif,cocok banget
"transaksi cepat dan lebih mudah ,adakan promo menarik untuk berbelanja menggunakan seabank mgkn lebih asyik transaksi pkek seabank .",5,2026-05-09 09:49:25,positif,transaksi cepat mudah adakan promo tarik belanja seabank mgkn asyik transaksi pkek seabank
siiiip,5,2026-05-09 09:44:44,positif,siiiip
gampang and simple,5,2026-05-09 09:44:15,positif,gampang and simple
baguussssssss sekali,5,2026-05-09 09:40:55,positif,baguussssssss
baguus bangeet,5,2026-05-09 09:33:02,positif,baguus bangeet
"cukup mudah untuk digunakan ada beberapa keuntunga, sayang Spinjanm sdsi tidak ada peningkatan",4,2026-05-09 09:29:11,positif,mudah keuntunga sayang spinjanm sdsi tingkat
tingkat kan lagi ya,5,2026-05-09 09:29:09,positif,tingkat ya
aman dan lancar,5,2026-05-09 09:17:33,positif,aman lancar
SEABANK Pilihan Tepat Dalam Bertransaksi 👍,5,2026-05-09 09:17:16,positif,seabank pilih transaksi 
sangat puas sekali pelayanan SEABANK TERIMA KASIH,5,2026-05-09 09:17:03,positif,puas layan seabank terima kasih
"seabank mudah di akses,mempermudah belanja,tarik tunai,transfer juga pembayaran sangat simple,ga ribet. poko nya oke.",5,2026-05-09 09:12:07,positif,seabank mudah aksesmempermudah belanjatarik tunaitransfer bayar simplega ribet poko nya oke
jos pokoel e,5,2026-05-09 09:07:42,positif,jos pokoel e
lebih baik,5,2026-05-09 09:04:38,positif,
mantap dan nyaman,5,2026-05-09 09:00:21,positif,mantap nyaman
tapi kenapa bunganya banyak,5,2026-05-09 08:59:21,positif,bunga
"aplikasi sangat membantu, apabila transfer kebanyakan gratis gk ada biaya🥰",5,2026-05-09 08:57:22,positif,aplikasi bantu transfer banyak gratis gk biaya
"suka banget pake apk ini, lancar jaya ga ada hambatan. jos jis",5,2026-05-09 08:56:53,positif,suka banget pake apk lancar jaya ga hambat jos jis
Pokok nya mantap lah,5,2026-05-09 08:55:17,positif,pokok nya mantap
proses cepat gratis lg,5,2026-05-09 08:53:47,positif,proses cepat gratis lg
semoga pihak seabank segera melengkapi gitu pinjaman di aku seabank saya kerna saya sering transaksi pakek seabank saya kasi 4 bintang dulu. kalo udah ada fitur pinjam saya kasi 5 bintang. terimakasih,4,2026-05-09 08:51:51,positif,moga seabank lengkap gitu pinjam seabank kerna transaksi pakek seabank kasi bintang kalo udah fitur pinjam kasi bintang terimakasih
aplikasi yang hebat ☺️☺️,5,2026-05-09 08:45:28,positif,aplikasi hebat 
seabank mantab,5,2026-05-09 08:44:57,positif,seabank mantab
semoga keamanannya selalu terjaga..,5,2026-05-09 08:42:40,positif,moga aman jaga
bagus dan cepat melakukan transaksi nya pertahankan kalo bisa!!,5,2026-05-09 08:38:50,positif,bagus cepat transaksi nya tahan kalo
ok bingit,5,2026-05-09 08:24:10,positif,ok bingit
cuma terlalu sering nelpon tagihannya,5,2026-05-09 08:18:52,positif,nelpon tagih
semoga aman dan amanah,5,2026-05-09 07:47:45,positif,moga aman amanah
kereennn banget,5,2026-05-09 07:43:05,positif,kereennn banget
senang bgt menggunakan aplikasi seabank mudah dan praktis,5,2026-05-09 07:38:11,positif,senang bgt aplikasi seabank mudah praktis
kenapa saya belum juga mendapatkan pitur pinjam padahal saya udah lama memakai seabnk,5,2026-05-09 07:34:27,positif,pitur pinjam udah pakai seabnk
keren bngt,5,2026-05-09 07:32:27,positif,keren bngt
mantap!,5,2026-05-09 07:27:55,positif,mantap
bagus membantu,5,2026-05-09 07:24:37,positif,bagus bantu
bagus skli,5,2026-05-09 07:22:48,positif,bagus skli
ok.....,5,2026-05-09 07:17:55,positif,ok
bagus...trx lancar hanya saja klo isi token g bisa d akses,5,2026-05-09 07:04:23,positif,bagustrx lancar klo isi token g d akses
sangat rekomendasi.. bagus trik tunai ga lama .. pokonga mntap👍👍,5,2026-05-09 06:57:54,positif,rekomendasi bagus trik tunai ga pokonga mntap
puas banget,5,2026-05-09 06:56:28,positif,puas banget
"suka banget transaksi disini, tapi sayangnya gak ada seabank pinjamnya, padahal udah nyaman disini",3,2026-05-09 06:54:58,netral,suka banget transaksi sayang gak seabank pinjam udah nyaman
makin kesini makin bagus,5,2026-05-09 06:52:13,positif,kesini bagus
mudah dan cepat proses nya,5,2026-05-09 06:40:09,positif,mudah cepat proses nya
layanan nya gampang cukup membantu.. kirim uang kemana saja free.. thanks,5,2026-05-09 06:38:19,positif,layan nya gampang bantu kirim uang mana free thanks
tingkatkan terus,4,2026-05-09 06:34:22,positif,tingkat
knp gak muncul apa apa,4,2026-05-09 06:33:14,positif,knp gak muncul
nice mudah di gunakan dan bermanfaat,5,2026-05-09 06:25:03,positif,nice mudah manfaat
mempermudah transfer,5,2026-05-09 06:24:58,positif,mudah transfer
mantap puas bnget,5,2026-05-09 06:13:55,positif,mantap puas bnget
senang mengunakan seabank,5,2026-05-09 06:07:18,positif,senang mengunakan seabank
ak sk apk ini tiap hri dpt bunga wlo cm 1rpiah,5,2026-05-09 06:05:32,positif,ak sk apk hri dpt bunga wlo cm rpiah
tidak sesuai,1,2026-05-09 05:55:43,negatif,sesuai
sanga memuaskan,5,2026-05-09 05:55:26,positif,sanga muas
"undian GK transparan, sepertinya SDH diseting pemenangnya",1,2026-05-09 05:52:50,negatif,undi gk transparan sdh ting menang
menyenangkan.,5,2026-05-09 05:48:21,positif,senang
mantep jos sekali,5,2026-05-09 05:46:29,positif,mantep jos
InsyaAllah Amanah,5,2026-05-09 05:45:46,positif,insyaallah amanah
mantap apapun jadi mudah,5,2026-05-09 05:42:37,positif,mantap apa mudah
kinerja bagus,5,2026-05-09 05:39:37,positif,kerja bagus
baguss mantapp,5,2026-05-09 05:37:46,positif,baguss mantapp
"Mengagumkan!!! oke juga harga,terjangkau.programnya & internalnya lebih bekerja dgn baik,bebas iklan,bug,ataupun lelet,cepatlah ketika dijalankan & mengakses smua menu2nya. Tapi di sayangkan sering ketika dipakai terkadang agak"" sulit membukanya pas saat koneksi lagi buruk / tidak stabil, terkadang loadingnya lambat banget dan cuma berputar-putar saja. mungkin cuma hal yang biasa terjadi di apps ini dan yang lain-lainnya sesuai pengalaman transaksi sukses,masukan tuk bagusnya dibenahi segalanya.",5,2026-05-09 05:36:18,positif,kagum oke hargaterjangkauprogramnya internal dgn baikbebas iklanbugataupun leletcepatlah jalan akses smua menu sayang pakai terkadang sulit buka pas koneksi buruk stabil terkadang loadingnya lambat banget berputarputar apps lainlainnya sesuai alam transaksi suksesmasukan tuk bagus benah
"sangat membantu, dan aman digunakan",5,2026-05-09 05:33:45,positif,bantu aman
ok...,5,2026-05-09 05:32:50,positif,ok
membantu dlm bnyak hal,4,2026-05-09 05:32:30,positif,bantu dlm bnyak
sangat 👍,5,2026-05-09 05:10:33,positif,
sangat puas cepat untuk trnsaksi,5,2026-05-09 05:09:44,positif,puas cepat trnsaksi
"susah login harus masukin no hp trus dan harus verifikasi ktp terus,mana ada saldo nya di dalam nya",2,2026-05-09 05:06:33,negatif,susah login masukin no hp trus verifikasi ktp terusmana saldo nya nya
"bagus, cepat",5,2026-05-09 05:05:57,positif,bagus cepat
sangat membantu transaksi untuk transfer admin gratis ke semua bank,5,2026-05-09 04:58:48,positif,bantu transaksi transfer admin gratis bank
lebih efisien menurut saya,5,2026-05-09 04:57:46,positif,efisien
ok lah👌,5,2026-05-09 04:56:24,positif,ok lah
memuaskn.,5,2026-05-09 04:55:27,positif,memuaskn
saya pengguna baru katanya dikasih 200rb saya kasih bintang 5 semoga dikasih sama seabank 200rb gratis,5,2026-05-09 04:53:36,positif,guna kasih rb kasih bintang moga kasih seabank rb gratis
luar biasa mantap,5,2026-05-09 04:51:08,positif,mantap
sangat senang dan puas,5,2026-05-09 04:49:51,positif,senang puas
oke sih,5,2026-05-09 04:32:22,positif,oke sih
sangat mudah tidak ribet mantap,5,2026-05-09 04:20:51,positif,mudah ribet mantap
"Ini gimana sih SeaBank lagi error apa bermasalah yah? dari tadi saya dah hampir 3 kali transfer dana dari shoppee pay tapi gak masuk"" saldonya aneh. Keterangannya berhasil terkirim, tapi kol saldo saya gak nambah""? tolong bantuannya kak. Makasih",5,2026-05-09 04:04:12,positif,gimana sih seabank error masalah yah dah kali transfer dana shoppee pay gak masuk saldo aneh terang hasil kirim kol saldo gak nambah tolong bantu kak makasih
"transaksi jadi lebih mudah, biaya TF 0 rupiah..",5,2026-05-09 03:56:51,positif,transaksi mudah biaya tf rupiah
biaya adm nya kecil apabila kirim ke bank lain,5,2026-05-09 03:55:50,positif,biaya adm nya kirim bank
sanagat membantu,5,2026-05-09 03:46:51,positif,sanagat bantu
bagus cepet,5,2026-05-09 03:46:10,positif,bagus cepet
great,5,2026-05-09 03:45:36,positif,great
"bagus,jadi lebih praktis topap",5,2026-05-09 03:32:41,positif,bagusjadi praktis topap
cepat prosesnya dalam bertransaksi,5,2026-05-09 03:31:45,positif,cepat proses transaksi
apk paling gampang dan gak ribet transfer satset mantappp makasihh buat admin,5,2026-05-09 03:21:42,positif,apk gampang gak ribet transfer satset mantappp makasihh admin
"bagus sihh, cuman skarang klo transaksi harus ada admin nya.....",5,2026-05-09 03:19:52,positif,bagus sihh cuman skarang klo transaksi admin nya
"Bagus,, tapi belum bisa pinjam di seabank buat modal jualan pulsa atau Token",5,2026-05-09 03:10:36,positif,bagus pinjam seabank modal jual pulsa token
semua mudah dgn Seabank,5,2026-05-09 03:04:41,positif,mudah dgn seabank
lebih mudah dan murah,5,2026-05-09 03:02:17,positif,mudah murah
gampang.mudah.dan cepat,5,2026-05-09 03:01:35,positif,gampangmudahdan cepat
"Aplikasi Scam P3nipu Tiket 3000 lebih tidak dpt apa2,,rekayasa tingkat dewa",1,2026-05-09 02:56:26,negatif,aplikasi scam pnipu tiket dpt aparekayasa tingkat dewa
"dari awal pke aplikasi ini. transaksi udh berjuta"" tapi seapinjam gk muncul"" wkwkkw kocak ini aplikasi",1,2026-05-09 02:46:49,negatif,pke aplikasi transaksi udh juta seapinjam gk muncul wkwkkw kocak aplikasi
bagus dan menarik,5,2026-05-09 02:45:37,positif,bagus tarik
bgus murah,4,2026-05-09 02:43:11,positif,bgus murah
mantap..seabank slalu dihati...,5,2026-05-09 02:35:30,positif,mantapseabank slalu hati
ini gimana si saya gabisa login lagi seabank,3,2026-05-09 02:27:15,netral,gimana si gabisa login seabank
mudah dan efisien,5,2026-05-09 02:27:10,positif,mudah efisien
cepat prosesnya ngga ribet,5,2026-05-09 02:25:00,positif,cepat proses ngga ribet
sejauh ini saya sukaaaaa... TF kemanapun gratis co si orenpun jadi lebih mudah semoga semakin baik,5,2026-05-09 02:20:54,positif,sukaaaaa tf mana gratis co si oren mudah moga
"Tanpa sebab akun saya tiba2 diabatasi dan diblokir sementara pada tanggal 08.05.2026, sudah menguhubungi cs via telp namun blm ada confirmasi pnanganan smpai saat ini, saldo saya 4jtlebih didlam seabank, apkah seabank tdk aman dan pncuri..",1,2026-05-09 02:20:42,negatif,akun diabatasi blokir tanggal menguhubungi cs via telp blm confirmasi pnanganan smpai saldo jtlebih didlam seabank apkah seabank tdk aman pncuri
"senang pakai seabank, transfer ke smua bank hratis tanpa admin, thank you seabank",5,2026-05-09 02:13:30,positif,senang pakai seabank transfer smua bank hratis admin thank you seabank
mantaaaapppppp ...sukses selalu...,5,2026-05-09 02:13:19,positif,mantaaaapppppp sukses
pkoknya josss,5,2026-05-09 02:12:56,positif,pkoknya josss
"mantaf,,sukses buat seebnk",5,2026-05-09 02:09:33,positif,mantafsukses seebnk
"mantap ya pertama daftar eh ga 2 menit berhasil daftar,pelayanan cepat lho,,,,sukses selalu ya, ,,",5,2026-05-09 01:55:06,positif,mantap ya daftar eh ga menit hasil daftarpelayanan cepat lhosukses ya
sering erorrr pas digunakan😓😓😓,3,2026-05-09 01:50:22,netral,erorrr pas guna
mantaappp 👍👍👍,5,2026-05-09 01:49:11,positif,mantaappp 
"jangan membodohi undian ,, kami bukan badut yg bisa kau permainkan seenak nya untuk keseruan perusahaan mu",1,2026-05-09 01:49:01,negatif,bodoh undi badut yg kau main enak nya seru usaha mu
terima kasih sudah membantu saya saat kendala nya semakinn support for you,5,2026-05-09 01:45:14,positif,terima kasih bantu kendala nya semakinn support for you
jozz,5,2026-05-09 01:44:46,positif,jozz
luar biasa..,5,2026-05-09 01:44:11,positif,
sangat bagus nyaman digunakan,5,2026-05-09 01:34:58,positif,bagus nyaman
The best,5,2026-05-09 01:33:13,positif,the best
tolong dibantu untuk mempermudah pinjaman tunai,5,2026-05-09 01:29:25,positif,tolong bantu mudah pinjam tunai
mantaaapppp,5,2026-05-09 01:20:44,positif,mantaaapppp
"aplikasi sea bank memang terbaik. dari setor sampai tarik tunai, semua mudah dan lancar. tapi bukan cuma itu aja. bunga tabungan pun selalu masuk tiap hari, biaya setor dan tarik tunai juga gratis. jadi aku kasi 5 bintang deh👍",5,2026-05-09 01:14:13,positif,aplikasi sea bank baik setor tarik tunai mudah lancar aja bunga tabung masuk biaya setor tarik tunai gratis kasi bintang deh
"terimakasih seabank, sudah melayani saya dengan baik, tidak ada potongan admin jika transaksi, pokoknya keren, setiap hari saldo bertambah terus, pokoknya is the best lah",5,2026-05-09 01:13:12,positif,terimakasih seabank layan potong admin transaksi pokok keren saldo tambah pokok is the best
mudah dan tidak ada biaya admin untuk transfer ke semua bank lain,5,2026-05-09 01:01:43,positif,mudah biaya admin transfer bank
"suka bgt, gratis g ada biaya admin untuk tf kemana ajaa🥰🥰🥰🥰",5,2026-05-09 00:56:51,positif,suka bgt gratis g biaya admin tf mana ajaa
biaya admin bisa dikurangin kah sedikit untuk pembelian voucer listrik,5,2026-05-09 00:56:06,positif,biaya admin rangin kah beli voucer listrik
mantaab,5,2026-05-09 00:42:42,positif,mantaab
alhamdulilah,4,2026-05-09 00:25:54,positif,alhamdulilah
sungguh puas,5,2026-05-09 00:22:49,positif,sungguh puas
seneng banget pake seabank tp sayang dana instan atau pinjamanan y blm dpt aha,5,2026-05-09 00:15:07,positif,neng banget pake seabank tp sayang dana instan pinjamanan y blm dpt aha
"Mudah di akses, buka rekening sangat mudah",5,2026-05-09 00:02:07,positif,mudah akses buka rekening mudah
sangat membantu dan sangat bagus sistem nya,5,2026-05-08 23:54:57,positif,bantu bagus sistem nya
transaksi lebih muda,5,2026-05-08 23:48:07,positif,transaksi muda
cukup puas dengan pelayanan nya cepat,5,2026-05-08 23:42:11,positif,puas layan nya cepat
mantap boss,4,2026-05-08 23:25:29,positif,mantap boss
bgus apk nya mempermudah dalam bertransaksi,5,2026-05-08 23:11:27,positif,bgus apk nya mudah transaksi
oke bgt,5,2026-05-08 23:08:25,positif,oke bgt
"mudah, tp sayang ada admin fee nya",5,2026-05-08 22:55:14,positif,mudah tp sayang admin fee nya
Saya sangat menyukai seabank transaksi sangat mudah dan aman.🤗🤗,5,2026-05-08 22:53:49,positif,suka seabank transaksi mudah aman
sangat baik 👍,5,2026-05-08 22:48:22,positif,
Ok of the best,5,2026-05-08 22:48:04,positif,ok of the best
oke banget,5,2026-05-08 22:43:49,positif,oke banget
tranfer cepat tanpa lemot,5,2026-05-08 22:38:21,positif,tranfer cepat lot
tf nya gratis,5,2026-05-08 22:37:26,positif,tf nya gratis
iklan dan promo tipu²,1,2026-05-08 22:19:58,negatif,iklan promo tipu
sanga membantu sekali,5,2026-05-08 22:09:00,positif,sanga bantu
"bank paling tolol di dunia, uda jelas transaksi gua berhasil, malah ga masuk ke penerima,uda gitu gbsa di refund alesan nya nunggu 1hari, giliran uda lewat 1hari malah disuru tunggu lgi, dasar bank sampah",1,2026-05-08 21:51:26,negatif,bank tolol dunia uda transaksi gua hasil ga masuk penerimauda gitu gbsa refund alesan nya nunggu gilir uda disuru tunggu lgi dasar bank sampah
mantap cepat,5,2026-05-08 21:37:10,positif,mantap cepat
saya sangat suka karena pengiriman cepat,5,2026-05-08 21:02:31,positif,suka kirim cepat
terrbaiklah👍🙏,5,2026-05-08 20:38:06,positif,terrbaiklah
sangat bagus👍,5,2026-05-08 20:23:47,positif,bagus
salah mengisi k nomer yg tidak aktif tpi kenapa saldo tidak d kembalikan? ini bisa merugikan pelanggang dan pemakai seabank. saya sangat kecewa😡,1,2026-05-08 20:16:50,negatif,salah isi k nomer yg aktif tpi saldo d kembali rugi langgang pakai seabank kecewa
ok berati seabank. aplikasi yang terbukti aman,5,2026-05-08 20:16:38,positif,ok berat seabank aplikasi bukti aman
mantap jiwa🥳,5,2026-05-08 20:08:10,positif,mantap jiwa
saya puas pakai aplikasi seabank,5,2026-05-08 19:52:46,positif,puas pakai aplikasi seabank
oke lah untuk nabung,5,2026-05-08 19:29:27,positif,oke nabung
bagus dan terpercaya,5,2026-05-08 19:13:04,positif,bagus percaya
sangat bagus apknya,5,2026-05-08 19:04:32,positif,bagus apknya
bagus mantap,5,2026-05-08 19:00:35,positif,bagus mantap
saya ingin fitur sebank pinjam,5,2026-05-08 19:00:25,positif,fitur bank pinjam
Mudah dan cepat,5,2026-05-08 18:52:08,positif,mudah cepat
sangat mudah dan tidak ada biaya admin kalo TF ke antar bank,5,2026-05-08 18:32:56,positif,mudah biaya admin kalo tf bank
aplikasinya bagus bangat,5,2026-05-08 18:24:59,positif,aplikasi bagus bangat
sangat bagus untuk semua transaksi,5,2026-05-08 18:17:54,positif,bagus transaksi
Sangat bermanfaat,5,2026-05-08 18:13:18,positif,manfaat
"aplikasi sebank sangat sangatlah membantu banget,...trimakasih sebank",5,2026-05-08 18:05:00,positif,aplikasi bank bantu bangettrimakasih bank
di sms bilang downlod pake kode seabank dpt bonus 100rb sy downlod di cek masih kosong saldo nol palsu,3,2026-05-08 18:02:15,netral,sms bilang downlod pake kode seabank dpt bonus rb sy downlod cek kosong saldo nol palsu
senang menggunakan seabank,5,2026-05-08 18:02:09,positif,senang seabank
Dana gw udah 2 minggu belum balik padahal udah ada bukti dari merchant belum menerima bank dari pihak sea bank respon itu mulu,1,2026-05-08 17:59:44,negatif,dana gw udah minggu udah bukti merchant terima bank sea bank respon mulu
pake seabank sngat mudah dan lancar,5,2026-05-08 17:51:49,positif,pake seabank sngat mudah lancar
mantan juga,5,2026-05-08 17:51:26,positif,mantan
oke dan mudah,5,2026-05-08 17:27:09,positif,oke mudah
"Saya kasih bintang 2, Tolong update tambahkan fitur ""mengatur keuangan"" seperti Bank Jago/Jago syariah contohnya uang liburan, uang listrik, uang belanjaan DLL dan tingkatkan keamanan aplikasi Seabank.",2,2026-05-08 17:26:36,negatif,kasih bintang tolong update tambah fitur atur uang bank jagojago syariah contoh uang libur uang listrik uang belanja dll tingkat aman aplikasi seabank
sangat praktis dan aman,3,2026-05-08 17:24:12,netral,praktis aman
mantap simpel enak aman,5,2026-05-08 17:06:44,positif,mantap simpel enak aman
habis topup langsung gak bisa di buka. nyesel,1,2026-05-08 16:59:58,negatif,habis topup langsung gak buka nyesel
mantap. transaksi cepat,5,2026-05-08 16:47:34,positif,mantap transaksi cepat
sangat membantu dan simpel cara menggunakannya nya tidak ribet sama sekali,5,2026-05-08 16:28:11,positif,bantu simpel guna nya ribet
seabank pinjam ACC lah,5,2026-05-08 16:27:47,positif,seabank pinjam acc
akan dan terpercaya,5,2026-05-08 16:24:19,positif,percaya
sangat membantu mudah,5,2026-05-08 16:12:08,positif,bantu mudah
"Gampang penggunaan, benar nyata bonusnya dan penambahan lainnya di saldo. Mudah dan cepat bertransaksi",5,2026-05-08 16:07:03,positif,gampang guna nyata bonus tambah saldo mudah cepat transaksi
"keren, proses buka rekening mudah dan cepat.",5,2026-05-08 15:53:31,positif,keren proses buka rekening mudah cepat
sempurna,5,2026-05-08 15:48:42,positif,sempurna
bagus buat tempat simpan tabungan 😁,5,2026-05-08 15:47:29,positif,bagus simpan tabung 
good jobb,5,2026-05-08 15:46:41,positif,good jobb
Aman dan mudah aksesnya and ada bunganya lagi pokoknya sukalah pakai Seabank... 👍,5,2026-05-08 15:44:28,positif,aman mudah akses and bunga pokok suka pakai seabank 
sangat bagus dan mudah pembayaran,5,2026-05-08 15:33:13,positif,bagus mudah bayar
sea bank rampok. bukan nya bisa klaim 200rb malah di rampok. di googleplay muncul langganan yang bukan no saya. jangan download,1,2026-05-08 15:25:20,negatif,sea bank rampok nya klaim rb rampok googleplay muncul langgan no download
bagus sekali untuk penggunaan transfer menghemat biaya administrasi,5,2026-05-08 15:20:33,positif,bagus guna transfer hemat biaya administrasi
"Mantabbbbbbbbbbbbbb, semoga costumer servicenya selalu ramah dan fast respon aamiin",5,2026-05-08 15:17:05,positif,mantabbbbbbbbbbbbbb moga costumer servicenya ramah fast respon aamiin
"sedikit masukan buat tim,,tambah fiturnya untuk programnya & internalnya lebih bekerja dgn baik,bebas iklan,bug,ataupun lelet,cepatlah bila dijalankan. Tapi di sayangkan pernah juga dipakai terkadang agak"" sulit membukanya pas saat koneksi lagi buruk / tidak stabil, terkadang loadingnya lambat banget dan cuma berputar-putar saja. mungkin cuma hal yang biasa terjadi di apps ini dan yang lain-lainnya sesuai pengalaman transaksi sukses,masukan tuk bagusnya dibenahi segalanya..",5,2026-05-08 15:15:04,positif,masuk timtambah fiturnya program internal dgn baikbebas iklanbugataupun leletcepatlah jalan sayang pakai terkadang sulit buka pas koneksi buruk stabil terkadang loadingnya lambat banget berputarputar apps lainlainnya sesuai alam transaksi suksesmasukan tuk bagus benah
bermanfaat,5,2026-05-08 15:11:35,positif,manfaat
kurang pas,2,2026-05-08 15:02:55,negatif,pas
"sangat membantu dan sangat baik,",5,2026-05-08 15:01:15,positif,bantu
seabank terbaik,5,2026-05-08 15:00:31,positif,seabank baik
semoga tidak pernah mengecewakan,3,2026-05-08 14:55:53,netral,moga kecewa
sangat memuaskan mantul,5,2026-05-08 14:51:37,positif,muas mantul
sangat membantu dalam proses transaksi,5,2026-05-08 14:39:16,positif,bantu proses transaksi
kenapa seabank pinjam saya ga muncul??,3,2026-05-08 14:37:32,netral,seabank pinjam ga muncul
mudah dan sangat membantu,5,2026-05-08 14:34:04,positif,mudah bantu
scam undian,1,2026-05-08 14:27:06,negatif,scam undi
menarik sangat membantu,5,2026-05-08 14:16:08,positif,tarik bantu
sedikit gak ngarti tapi bagus jga apk nya,4,2026-05-08 14:12:00,positif,gak ngarti bagus jga apk nya
mudah dan praktis. sangat membantu,5,2026-05-08 14:07:41,positif,mudah praktis bantu
BAgus,5,2026-05-08 14:02:15,positif,bagus
"bagus banget aplikasinya, lebih mudah di pake, cuman ada kendala bug. main menu nya kadang ga ada",5,2026-05-08 14:00:14,positif,bagus banget aplikasi mudah pake cuman kendala bug main menu nya kadang ga
mantap pokonya,5,2026-05-08 13:57:04,positif,mantap poko
good bank,5,2026-05-08 13:55:26,positif,good bank
ajib...,5,2026-05-08 13:55:06,positif,ajib
gak ribet aplikasi nya sangat mudah,4,2026-05-08 13:52:29,positif,gak ribet aplikasi nya mudah
juara,5,2026-05-08 13:47:37,positif,juara
baik bagus,5,2026-05-08 13:36:04,positif,bagus
ngak ribet sat set dah,5,2026-05-08 13:23:49,positif,ngak ribet sat set dah
buatnya susah kode otp ga masuk,1,2026-05-08 13:23:09,negatif,buat susah kode otp ga masuk
"cepat, good job",5,2026-05-08 13:14:45,positif,cepat good job
"aman , mudah & cepat utk transaksi. terima kasih 🙏🏻",5,2026-05-08 13:12:11,positif,aman mudah cepat utk transaksi terima kasih 
sangat support & sangat menjaga keamanan yg di butuhkan para nasabahnya,5,2026-05-08 13:10:13,positif,support jaga aman yg butuh nasabah
enjoy for seabank,5,2026-05-08 13:09:22,positif,enjoy for seabank
kga ribet dan mudah thankyou,5,2026-05-08 13:07:28,positif,kga ribet mudah thankyou
"simpel, nyaman mudah, menguntungkan",5,2026-05-08 13:05:42,positif,simpel nyaman mudah untung
mantap memudahkan urusan,5,2026-05-08 13:03:41,positif,mantap mudah urus
sangat bagus dan mudah,5,2026-05-08 13:02:39,positif,bagus mudah
transfer proses cepat,5,2026-05-08 13:01:49,positif,transfer proses cepat
dengan aplikasi ini bayar apapun jadi lebih mudah,4,2026-05-08 12:57:52,positif,aplikasi bayar apa mudah
lebih praktis dan cepat,5,2026-05-08 12:56:03,positif,praktis cepat
good lock,5,2026-05-08 12:53:51,positif,good lock
guds,5,2026-05-08 12:52:35,positif,guds
mantabb,5,2026-05-08 12:51:50,positif,mantabb
mantap pol,5,2026-05-08 12:50:07,positif,mantap pol
z senang sekali,1,2026-05-08 12:49:43,negatif,z senang
"hoax,mn gw buka rek gk dpt saldo 200,jatoh nya hoax atau bahasa kasar nya nipu",1,2026-05-08 12:42:33,negatif,hoaxmn gw buka rek gk dpt saldo jatoh nya hoax bahasa kasar nya nipu
"layanan cepat,,transaksi mudah,,seabank semakin sukses selama nya",5,2026-05-08 12:36:54,positif,layan cepattransaksi mudahseabank sukses nya
terima kasih sudah lancar,5,2026-05-08 12:28:59,positif,terima kasih lancar
mudah di mengerti,4,2026-05-08 12:26:30,positif,mudah erti
Alhamdulillah sejauh ini sangat baik top markotop 😍👍🏻👍🏻👍🏻,5,2026-05-08 12:17:25,positif,alhamdulillah top markotop 
hiee,1,2026-05-08 12:05:57,negatif,hiee
pas saya mau memverifikasi wajah saya untuk buat rekening sea bang GK bisa gagal mulu padahal data nya semua udah benarrrrrr kasi dong saran nya minnnn sea bangg mohonnnn aku mau kerjaaa GK punya akun rekeninggg,1,2026-05-08 12:01:58,negatif,pas verifikasi wajah rekening sea bang gk gagal mulu data nya udah benarrrrrr kasi saran nya minnnn sea bangg mohonnnn kerjaaa gk akun rekeninggg
👍💯,5,2026-05-08 11:58:33,positif,
cakep,5,2026-05-08 11:56:59,positif,cakep
Lebih mudah,5,2026-05-08 11:56:55,positif,mudah
bngus tdk ada kendala,5,2026-05-08 11:54:13,positif,bngus tdk kendala
fast,5,2026-05-08 11:47:33,positif,fast
MANTAP KERENNN,5,2026-05-08 11:38:02,positif,mantap kerennn
makasih seabank akun saya udah bisa buka😘,5,2026-05-08 11:31:28,positif,makasih seabank akun udah buka
"gagal verifikasi dengan tulisan 'silahkan gunakan kartu Identitas anda sendiri' Begini ya, saya sudah menggunakan KTP saya sendiri, berkali-kali saya sudah coba dan hasil nya nihil sama aja. Selalu ditolak dengan alasan yang sama. Saya sudah melakukan verifikasi wajah setelah melakukan scan e-ktp, dan mengisi data-data diri dengan benar lalu ketika saya ajukan. Tetap saja ditolak. Kenapa saya jadi di persulit? Jadi ini gimana solusi nya supaya verifikasi saya berhasil??? tolong ya😠😠",2,2026-05-08 11:29:09,negatif,gagal verifikasi tulis silah kartu identitas ya ktp berkalikali coba hasil nya nihil aja tolak alas verifikasi wajah scan ektp isi datadata aju tolak sulit gimana solusi nya verifikasi hasil tolong ya
Transaksi nya sangat enak sekali,5,2026-05-08 11:28:58,positif,transaksi nya enak
mantap..,5,2026-05-08 11:24:37,positif,mantap
cuman 1kirim ke dana pake admin,4,2026-05-08 11:24:31,positif,cuman kirim dana pake admin
sampah udah login balik lagi scan KTP scant KTP,1,2026-05-08 11:20:01,negatif,sampah udah login scan ktp scant ktp
baguss sekali,5,2026-05-08 11:17:01,positif,baguss
alhamdulillah berguna banget untung transaksi 🤗🙏🥰,5,2026-05-08 11:11:11,positif,alhamdulillah guna banget untung transaksi 
SeaBank is the best,5,2026-05-08 11:10:14,positif,seabank is the best
the best seabank sangat memudahkan,5,2026-05-08 11:09:26,positif,the best seabank mudah
memudahkan saya untuk bertransaksi,5,2026-05-08 10:59:06,positif,mudah transaksi
aplikasi yg berguna dan aman,5,2026-05-08 10:59:04,positif,aplikasi yg guna aman
mmantap,5,2026-05-08 10:57:55,positif,mmantap
"keep up good work, thx",5,2026-05-08 10:56:35,positif,keep up good work thx
praktis cepat dan aman suka bnget pake seabank,5,2026-05-08 10:56:08,positif,praktis cepat aman suka bnget pake seabank
semoga simpan uang disini aman,5,2026-05-08 10:51:27,positif,moga simpan uang aman
cepet baguss,5,2026-05-08 10:50:20,positif,cepet baguss
payah sudah 3tahun sering transaksi tp seabank pinjaman tidak muncul.,1,2026-05-08 10:48:11,negatif,payah transaksi tp seabank pinjam muncul
mantap menggunakan apk ini,4,2026-05-08 10:46:23,positif,mantap apk
mantap pokok.a aplikasi.a,5,2026-05-08 10:41:09,positif,mantap pokoka aplikasia
mudah sekali penggunaanya tdk perlu repot² pokoknya transaksi berapapun bs mudah,5,2026-05-08 10:40:02,positif,mudah penggunaanya tdk repot pokok transaksi bs mudah
"keren, mohon potongan nya jgn di naik an ye min, karena sudah di atas.",5,2026-05-08 10:39:18,positif,keren mohon potong nya jgn an ye min
seabank bunganya sangat rendah dan membantu untuk kebutuhan ..cepat dan mudah.tpi tolong dong .misal cicilan 6bukan KLO bisa .bisa di cicil nya tiap bulan nyampe 6 bulan .jadi ga usah nunggu bulan² berikut nya..jadi KLO saya ada uang juga lngsung bayar .tkutnya kepapake lagi KLO harus nunggu² bulan berikutnya..,5,2026-05-08 10:39:13,positif,seabank bunga rendah bantu butuh cepat mudahtpi tolong cicil klo cicil nya nyampe ga nunggu bulan nyajadi klo uang lngsung bayar tkutnya kepapake klo nunggu
transaksi wae biasaaah,5,2026-05-08 10:37:35,positif,transaksi wae biasaaah
dipertingkat lagi kenyamanan y,4,2026-05-08 10:36:31,positif,tingkat nyaman y
sangat mudah 👍🙏,4,2026-05-08 10:33:18,positif,mudah 
Semoga transfer gratis nya selamanya,5,2026-05-08 10:28:12,positif,moga transfer gratis nya
bank aman,5,2026-05-08 10:25:50,positif,bank aman
"bagus ,banyak fitur jadi gampang",5,2026-05-08 10:25:03,positif,bagus fitur gampang
Oke,5,2026-05-08 10:18:15,positif,oke
untuk sementara gak ribet,5,2026-05-08 10:17:11,positif,gak ribet
thx for help,5,2026-05-08 10:08:18,positif,thx for help
sangat bagus sekali,4,2026-05-08 10:05:36,positif,bagus
apliaksi aneh udah ke daftar ngak bisa di login tolol,1,2026-05-08 10:00:42,negatif,apliaksi aneh udah daftar ngak login tolol
oke banget sea bank,5,2026-05-08 09:39:15,positif,oke banget sea bank
"mantaplah, smoga mkin jaya kedpannya.. dan semoga bunga hariannya makin naik",4,2026-05-08 09:34:12,positif,mantap smoga mkin jaya kedpannya moga bunga hari
gratis admin lumayan besar,5,2026-05-08 09:31:17,positif,gratis admin lumayan
senang menggunakan sea bank,5,2026-05-08 09:31:09,positif,senang sea bank
sangat membantu dalam transfer dan mudah d gunakn,4,2026-05-08 09:26:29,positif,bantu transfer mudah d gunakn
terima kasih,3,2026-05-08 09:26:23,netral,terima kasih
g ribet,5,2026-05-08 09:14:04,positif,g ribet
bagus cepat prosesnya,5,2026-05-08 09:13:31,positif,bagus cepat proses
Mantap Sekali Dan baik,5,2026-05-08 09:07:28,positif,mantap
sangat gampang di gunakan no ribet2,5,2026-05-08 08:54:13,positif,gampang no ribet
"sejauh ini paling mantap sii, aman, lancar, cs nya gercep gercep, syukaa banget sii",5,2026-05-08 08:49:01,positif,mantap sii aman lancar cs nya gercep gercep syukaa banget sii
seabank ribet orang meninggal dunia suruh verivikasi muka parah,2,2026-05-08 08:44:20,negatif,seabank ribet orang tinggal dunia suruh verivikasi muka parah
goooood,5,2026-05-08 08:44:09,positif,goooood
"jangan download apk berbahaya pencuri saldo diambil dan tidak dikembalikan,saya melakukan tranfer 200 RP masi di prroses dan suda 1 bulan tidak ada jawaban dasar",1,2026-05-08 08:43:50,negatif,download apk bahaya curi saldo ambil dikembalikansaya tranfer rp mas prroses suda dasar
TERBAIK,5,2026-05-08 08:40:45,positif,baik
real time banget👍,5,2026-05-08 08:38:22,positif,real time banget
"oke oh no yes, ngirim"" gratis, tarik tunai di Indomaret",5,2026-05-08 08:38:03,positif,oke oh no yes ngirim gratis tarik tunai indomaret
"keren banget aplikasi seabank ini, buruan di download ya gess.",5,2026-05-08 08:31:08,positif,keren banget aplikasi seabank buru download ya gess
"ok lah,aplikasi cukup sampel dan bermanfaat.",3,2026-05-08 08:29:45,netral,ok lahaplikasi sampel manfaat
terimakasih seabank sudah menciptakan rekening yang sangat mudah untuk transaksi 🙏🥰🥰,5,2026-05-08 08:29:10,positif,terimakasih seabank cipta rekening mudah transaksi 
untuk pembayaran cicilan TAF sayang nya belum bisa digunakan,4,2026-05-08 08:25:05,positif,bayar cicil taf sayang nya
mudah dan seru,5,2026-05-08 08:23:57,positif,mudah seru
aplikasi ini sangat membantu,5,2026-05-08 08:22:23,positif,aplikasi bantu
sangat membantu untuk menabung dan memuaskan,5,2026-05-08 08:18:23,positif,bantu tabung muas
Good Job,5,2026-05-08 08:12:24,positif,good job
cepat proses dan sangat membantu,5,2026-05-08 08:10:07,positif,cepat proses bantu
seneng sekali,5,2026-05-08 08:01:14,positif,neng
penolong,5,2026-05-08 07:57:59,positif,tolong
moga banyak kejutan nyah,5,2026-05-08 07:54:27,positif,moga kejut nyah
sagat mendukung dan aman,5,2026-05-08 07:51:11,positif,sagat dukung aman
mantap pokok ini Bank,5,2026-05-08 07:47:30,positif,mantap pokok bank
bagusss bahkan aku pernah tfnya ga masuk nyangkut tapi balik lagii dalam 3harii terimakasih seabank sudah jaga amanah,5,2026-05-08 07:43:22,positif,bagusss tfnya ga masuk nyangkut lagi hari terimakasih seabank jaga amanah
lancar semua,5,2026-05-08 07:35:03,positif,lancar
sedappp,5,2026-05-08 07:34:16,positif,sedappp
puass,5,2026-05-08 07:33:58,positif,puass
mantap sekaliii,5,2026-05-08 07:32:43,positif,mantap sekaliii
mantapp.. amanah..,5,2026-05-08 07:31:37,positif,mantapp amanah
sangat lancar,5,2026-05-08 07:28:27,positif,lancar
mudah dan kuota transfer gratisnya banyak,5,2026-05-08 07:27:29,positif,mudah kuota transfer gratis
gak ribet,5,2026-05-08 07:24:13,positif,gak ribet
sangat membantu cepat dan tepat.resfonnya.,5,2026-05-08 07:13:59,positif,bantu cepat tepatresfonnya
"membantu bangetttt, bintang 5 deh",5,2026-05-08 06:54:36,positif,bantu bangetttt bintang deh
Alhamdulillah sangat membantu,5,2026-05-08 06:49:53,positif,alhamdulillah bantu
Sangat membantu dalam melakukan transaksi,5,2026-05-08 06:42:58,positif,bantu transaksi
sangat membantu..,5,2026-05-08 06:32:37,positif,bantu
sejauh ini masih ok,4,2026-05-08 06:26:29,positif,ok
sangat² memuaskan,5,2026-05-08 06:18:21,positif,sangat muas
aplikasi yg sangat bagus,5,2026-05-08 06:16:57,positif,aplikasi yg bagus
cara mudah,5,2026-05-08 06:16:32,positif,mudah
Saya senang dan puas sekali,5,2026-05-08 06:14:21,positif,senang puas
Akun seabank saya tidak bisa di buka tejadi Kendala sistem ( AE 12-01 ) tolong di perbaiki,3,2026-05-08 06:12:12,netral,akun seabank buka tejadi kendala sistem ae tolong baik
mudah dan praktis untuk semua transaksi,5,2026-05-08 06:10:28,positif,mudah praktis transaksi
Praktis !,5,2026-05-08 06:09:40,positif,praktis
tranfer cepat mudah...,5,2026-05-08 06:08:11,positif,tranfer cepat mudah
mantap kali,5,2026-05-08 05:59:35,positif,mantap kali
"sngat good, pertahankan teruss🙏",5,2026-05-08 05:59:33,positif,sngat good tahan teruss
"bagus bgt, tf ke semua bank gratis. daftar ga ribet. sgt membantu.",5,2026-05-08 05:58:57,positif,bagus bgt tf bank gratis daftar ga ribet sgt bantu
sanget bermanfaat,5,2026-05-08 05:53:42,positif,sanget manfaat
seabank ter the best,5,2026-05-08 05:51:53,positif,seabank ter the best
siiip,5,2026-05-08 05:50:14,positif,siiip
"sangat rekomendasi, karna ada suku bunga nya dan pelayanan cepat",4,2026-05-08 05:48:39,positif,rekomendasi karna suku bunga nya layan cepat
best of the best,5,2026-05-08 05:47:40,positif,best of the best
Suka banget pake seabank 0 RP untuk setiap transfer dan selalu cepat tanpa ada kendala.,5,2026-05-08 05:43:29,positif,suka banget pake seabank rp transfer cepat kendala
cepat dan sangat peraktis,5,2026-05-08 05:40:27,positif,cepat peraktis
memudahkan sekali,5,2026-05-08 05:38:46,positif,mudah
saya tidak puas dengan apk seabank ini.. soalnya akun saya di blokir sedangkan saldo saya masih ada meski cuma sedikit.. saya sudah menghubungi cs seabank tapi nihil tidak dapat membantu mengatasi msalh yang saya alami Sekrng,1,2026-05-08 05:32:13,negatif,puas apk seabank akun blokir saldo hubung cs seabank nihil bantu atas msalh alami sekrng
udah nyaman pake seabank biar nyimpen sedikit selalu ada bunga nya saldo tidak berkurang tidak seperti bank² yg lain bukan nya bertambah malah dipotong adm,5,2026-05-08 05:29:39,positif,udah nyaman pake seabank biar nyimpen bunga nya saldo kurang bank yg nya tambah potong adm
"aplikasi terburuk, untuk top up e wallet harus nunggu 5 hari kerja, dan hari ini operasi anak saya gagal karena seabank menhan saldo saya dengan alsan akan diposes dalam waktu 5 hari kerja tlong bantu report ya",1,2026-05-08 05:26:22,negatif,aplikasi buruk top up e wallet nunggu kerja operasi anak gagal seabank menhan saldo alsan diposes kerja tlong bantu report ya
seneng banget,5,2026-05-08 05:19:36,positif,neng banget
terimakasih tas proses dan kemudahan pendaptaran,5,2026-05-08 05:18:22,positif,terimakasih tas proses mudah pendaptaran
bagus baget,5,2026-05-08 05:14:10,positif,bagus baget
seabank pinjam tidak muncul,5,2026-05-08 05:10:16,positif,seabank pinjam muncul
Baguss,5,2026-05-08 05:03:06,positif,baguss
sangat membantu sekali...tolong masa tenggang nya donk bos diperpanjang,5,2026-05-08 04:56:36,positif,bantu sekalitolong tenggang nya donk bos panjang
bebas biaya transaksi,5,2026-05-08 04:51:49,positif,bebas biaya transaksi
sngat puas,3,2026-05-08 04:45:33,netral,sngat puas
"/tgl 28 april sampai dengan saat ini 8 mei tidak ada kejelasan, kacau!!!!",2,2026-05-08 04:39:21,negatif,tgl april mei jelas kacau
sangat mudah dan lancar,5,2026-05-08 04:36:02,positif,mudah lancar
"Seabank saya tiba"" tidak bisa login. dan saya sudah hubungi CS dan disuruh menunggu 6 hari kerja. tapi setelah 6 hari kerja malah saya disuruh lagi menunggu 6 hari kerja. dan sampai hari ini dana saya belum bisa di kembalikan oleh seabank. hanya disuruh menunggu dan terus menunggu. dengan pertanyaan yang sama setiap kali saya menelfon ke cs. Buat yang punya Dana di seabank dengan nominal yang lumayan segera untuk memindahkan di rekening lain. takutnya terjadi hal yang sama dengan akun saya.",1,2026-05-08 04:26:48,negatif,seabank login hubung cs suruh tunggu kerja kerja suruh tunggu kerja dana kembali seabank suruh tunggu tunggu kali menelfon cs dana seabank nominal lumayan pindah rekening takut akun
sangat Membantu,5,2026-05-08 04:19:17,positif,bantu
"Mantab, tinggal pay later aja",4,2026-05-08 04:14:12,positif,mantab tinggal pay later aja
sangat penting mudah segala nya,5,2026-05-08 04:03:26,positif,mudah nya
oke siap,5,2026-05-08 03:58:19,positif,oke
TRANSFER UANG TIDAK MASUK SELAMA 3 HARI PADAHAL UANG ITU SANGAT PENTING DIGUNAKAN,1,2026-05-08 03:55:00,negatif,transfer uang masuk uang
"aplikasi di gital keuangan terbaik di tahun 2026 ,untuk aku yg pemula 💵💵🔥",5,2026-05-08 03:48:18,positif,aplikasi gital uang baik yg mula 
knp saya tdkk bisa ter donwload,5,2026-05-08 03:43:53,positif,knp tdkk ter donwload
sangat membantu dan bermanfaat saya suka🥰🥰🥰🥰,5,2026-05-08 03:43:08,positif,bantu manfaat suka
karna ada adminnya,4,2026-05-08 03:42:45,positif,karna adminnya
aplikasi yang bagus tidak lelet biaya transfer relatif murah dan sangat mudah di segala transaksi.....salam hangat,5,2026-05-08 03:32:48,positif,aplikasi bagus lelet biaya transfer relatif murah mudah transaksisalam hangat
keren sangat membantu dan bermamfaat,4,2026-05-08 03:28:01,positif,keren bantu bermamfaat
seabank sangat membantu sekali,5,2026-05-08 03:16:59,positif,seabank bantu
kemudahan dalam melakukan transaksi apapun,5,2026-05-08 03:14:42,positif,mudah transaksi apa
cepat dan Gratis ...ok deh.,5,2026-05-08 03:14:14,positif,cepat gratis ok deh
aplikasinya bagus,5,2026-05-08 03:14:05,positif,aplikasi bagus
bagus...,5,2026-05-08 03:08:51,positif,bagus
sangat manfaat,5,2026-05-08 03:08:39,positif,manfaat
memuas Jan,5,2026-05-08 03:06:31,positif,muas jan
4 bintang dlu krna blom dapat limit pinjaman,4,2026-05-08 02:55:56,positif,bintang dlu krna blom limit pinjam
"seabank sangat bagus, pengiriman secepat kilat wusssss,,👍👍",5,2026-05-08 02:54:19,positif,seabank bagus kirim cepat kilat wusssss
jelek,3,2026-05-08 02:50:53,netral,jelek
buka rekening mudah tanpa ribet,5,2026-05-08 02:48:37,positif,buka rekening mudah ribet
apa bisa pinjam uang,5,2026-05-08 02:45:11,positif,pinjam uang
sangat memudahkan untuk bertransaksi,5,2026-05-08 02:38:45,positif,mudah transaksi
top up walet biaya ga sampai 500,5,2026-05-08 02:34:03,positif,top up walet biaya ga
"di hapus aja enggak guna, mau daftar katanya sudah terdaftar, giliran login enggak bisa juga, di hubungi dari customernya enggak ada perubahan juga.",1,2026-05-08 02:30:51,negatif,hapus aja daftar daftar gilir login hubung customernya ubah
sementara kasih bintang 4 dulu,4,2026-05-08 02:30:47,positif,kasih bintang
keren pelayanan bagus dan efisien,5,2026-05-08 02:23:57,positif,keren layan bagus efisien
mudah dan aman,5,2026-05-08 02:19:50,positif,mudah aman
cocok buat management keuangan,4,2026-05-08 02:02:09,positif,cocok management uang
"gratis transfer sampe 100 kali tiap bulan..tak ada minimal saldo ,benar benar sangat membantu utk transaksi",5,2026-05-08 02:00:42,positif,gratis transfer sampe kali bulantak minimal saldo bantu utk transaksi
cept,5,2026-05-08 01:45:47,positif,cept
Senang bangett nabung disini bertambah bunga,5,2026-05-08 01:31:23,positif,senang bangett nabung tambah bunga
"bank yg pilih kasih..yg punya akun macet dan jarang transaksi malah ada fitur seabank pinjam, sedangkan yang aktif transaksi malah engak di lirik,mngecewakan",2,2026-05-08 01:29:43,negatif,bank yg pilih kasihyg akun macet jarang transaksi fitur seabank pinjam aktif transaksi engak lirikmngecewakan
pokoknya mantap,5,2026-05-08 01:04:03,positif,pokok mantap
apk paling bestttt,5,2026-05-08 00:46:56,positif,apk bestttt
baguss cukup bagus bagus kalee lah sea bank ini,5,2026-05-08 00:41:00,positif,baguss bagus bagus kalee sea bank
puass bangettt,5,2026-05-08 00:37:11,positif,puass bangettt
sampai sekarang GK pernah ada kendala. pokoknya SeaBank apk tabungan pling aku suka,5,2026-05-08 00:35:19,positif,gk kendala pokok seabank apk tabung pling suka
sea bank sangat membantu .transaksi aman nyaman top dah seabank see you,5,2026-05-08 00:34:13,positif,sea bank bantu transaksi aman nyaman top dah seabank see you
istimewa banget,5,2026-05-08 00:31:31,positif,istimewa banget
"blm pernah kecewa, jdi tolong jgn sampai kecewa...",5,2026-05-08 00:31:25,positif,blm kecewa jdi tolong jgn kecewa
"transaksi mudah,cepat",5,2026-05-08 00:24:19,positif,transaksi mudahcepat
sangat mudah menggunakan nya,3,2026-05-07 23:53:10,netral,mudah nya
mantaps,5,2026-05-07 23:50:41,positif,mantaps
bebas biaya admin..mantap,5,2026-05-07 23:42:03,positif,bebas biaya adminmantap
"aman dan cepat proses nya, sangat rekomen seabank ini.",5,2026-05-07 23:30:03,positif,aman cepat proses nya rekomen seabank
enak banget tanpa biaya admin TF k semua bank dan dapat bunga harian depositnya juga jelas dan amanah... jaya terus Sea Bank,5,2026-05-07 23:19:53,positif,enak banget biaya admin tf k bank bunga hari deposit amanah jaya sea bank
"sejauh ini sea bank aman, semoga kedepan makin bagus",5,2026-05-07 23:16:34,positif,sea bank aman moga depan bagus
ada yg masih beradmin,4,2026-05-07 23:16:13,positif,yg beradmin
aplikasinya bagus dan sngat membantu☺,5,2026-05-07 23:15:11,positif,aplikasi bagus sngat bantu
joss udah,5,2026-05-07 23:11:37,positif,joss udah
Ok sangat membantu,5,2026-05-07 22:36:40,positif,ok bantu
pengiriman cepat dan prosesnya mudah,5,2026-05-07 22:23:43,positif,kirim cepat proses mudah
bgus TDK ad biaya adminny,5,2026-05-07 22:09:23,positif,bgus tdk ad biaya adminny
sangat membantu dan lebih simple,5,2026-05-07 22:05:52,positif,bantu simple
cepat dan akurat,5,2026-05-07 22:05:02,positif,cepat akurat
"hallo saya mau mengeluh, tadi kan saya mau login, tapi kok ada peringatan tidak bisa login silahkan update aplikasi, padahal saya sudah download aplikasi terbaru",1,2026-05-07 22:00:58,negatif,hallo keluh login ingat login silah update aplikasi download aplikasi baru
Dengan layanan seaBank sangat mudah bertransaksi dan terpercaya,5,2026-05-07 21:22:32,positif,layan seabank mudah transaksi percaya
"cukup bgus,cuman sayang masih blom muncul seabank pinjam nya",5,2026-05-07 21:06:52,positif,bguscuman sayang blom muncul seabank pinjam nya
aplikasi sangat bagus 👍👍,5,2026-05-07 20:53:08,positif,aplikasi bagus 
mantap men,5,2026-05-07 20:02:43,positif,mantap men
mantap ini,5,2026-05-07 19:41:29,positif,mantap
"sangat membantu,thanks👍",4,2026-05-07 19:40:23,positif,membantuthanks
sangat membantu sekali apk seabank mudah dipahami. plusss enak nya transaksi ke manapun tidak kena biaya admin,5,2026-05-07 19:29:12,positif,bantu apk seabank mudah paham plusss enak nya transaksi mana kena biaya admin
semoga berkah di seabank,5,2026-05-07 19:25:22,positif,moga berkah seabank
enakan pake seabenk rupanya dri pada dana,5,2026-05-07 19:03:56,positif,enak pake seabenk dri dana
sering bug,5,2026-05-07 18:52:32,positif,bug
saya sangat senang sekali,5,2026-05-07 18:31:48,positif,senang
sangat bagus dan bagus untuk menyimpan uang,5,2026-05-07 18:30:05,positif,bagus bagus simpan uang
yang baik pasti baik,5,2026-05-07 17:59:23,positif,
mntap seabnk,4,2026-05-07 17:51:19,positif,mntap seabnk
sangat ok sekali bintang 5 yang menjelaskan👍🏻,5,2026-05-07 17:46:44,positif,ok bintang jelas
sangat cepat prosesnya,4,2026-05-07 17:34:31,positif,cepat proses
mantap sekali,5,2026-05-07 17:19:19,positif,mantap
luar bisasa,5,2026-05-07 17:08:51,positif,bisasa
mudah tapi klo kebanyakan qr suka error,5,2026-05-07 17:06:03,positif,mudah klo banyak qr suka error
super mantapp,5,2026-05-07 17:01:46,positif,super mantapp
"ga ribet prosess nya,,cepat respon nya",5,2026-05-07 16:51:30,positif,ga ribet prosess nyacepat respon nya
mantap pokok nya,5,2026-05-07 16:49:26,positif,mantap pokok nya
pengalaman pertama TPI mudah dan mantap,5,2026-05-07 16:47:05,positif,alam tpi mudah mantap
cepet dan lancar,4,2026-05-07 16:45:51,positif,cepet lancar
simple dan memuaskan,5,2026-05-07 16:38:49,positif,simple muas
aman dan nyaman,5,2026-05-07 16:20:30,positif,aman nyaman
mudah di gunakan,5,2026-05-07 16:20:10,positif,mudah
untuk transaksi cepat dan mudah,5,2026-05-07 16:20:01,positif,transaksi cepat mudah
"Baru coba, mudah""an aja bagus..",5,2026-05-07 16:11:45,positif,coba mudah aja bagus
Transaksi jadi mudah dan cepat,5,2026-05-07 16:02:17,positif,transaksi mudah cepat
sangat mantap,5,2026-05-07 15:54:52,positif,mantap
Aya merasa senang,5,2026-05-07 15:51:32,positif,aya senang
sangat cepat administrasi,5,2026-05-07 15:20:54,positif,cepat administrasi
mantap bermanfaat,5,2026-05-07 15:19:36,positif,mantap manfaat
sangat puas dan bnyak gratis tf,5,2026-05-07 15:19:07,positif,puas bnyak gratis tf
ya seabank semoga bisa transferpaham,5,2026-05-07 15:19:02,positif,ya seabank moga transferpaham
"bagus, saldo bisa nol rupiah",5,2026-05-07 15:17:57,positif,bagus saldo nol rupiah
bagus aman dan sangat praktis,5,2026-05-07 15:15:41,positif,bagus aman praktis
bagus 👍👍,5,2026-05-07 15:14:26,positif,bagus 
👌👌,5,2026-05-07 15:11:25,positif,
segat berguna,5,2026-05-07 15:01:41,positif,segat guna
proses cepat dan aman,5,2026-05-07 14:59:30,positif,proses cepat aman
sangat mudah dan banyak ke untungannya,5,2026-05-07 14:57:23,positif,mudah untung
transaksi yg sangat memuaskan sukses slalu SeaBank,5,2026-05-07 14:53:34,positif,transaksi yg muas sukses slalu seabank
Sangat menyukai,5,2026-05-07 14:49:51,positif,suka
okkk,5,2026-05-07 14:48:57,positif,okkk
👍👍👍👍👍,5,2026-05-07 14:48:33,positif,
mantapp mudah digunakan,5,2026-05-07 14:33:25,positif,mantapp mudah
udah gaj jelas seabank ini saldo aku hilang begitu saja di daftar riwayat transaksi gak ada pengeluaran tapi bisa saldo hilang,1,2026-05-07 14:18:26,negatif,udah gaj seabank saldo hilang daftar riwayat transaksi gak keluar saldo hilang
kenapa harus otp dari sms sedangkan yang lain bisa dari wa kartu ku udh mati gabisa dpt sms lagii,1,2026-05-07 14:17:25,negatif,otp sms wa kartu ku udh mati gabisa dpt sms lagi
okeh,5,2026-05-07 14:15:46,positif,okeh
sangat mudah untuk transaksi transfer atau tarik tunai,5,2026-05-07 14:14:41,positif,mudah transaksi transfer tarik tunai
sangat bagus dan mudah🫰🫰,5,2026-05-07 14:12:56,positif,bagus mudah
baru doawlad trnyta mudah 🤭🤭 trmaksih seabank 😍,5,2026-05-07 14:06:11,positif,doawlad trnyta mudah  trmaksih seabank 
"𝘣𝘶𝘳𝘶𝘬 𝘴𝘢𝘯𝘨𝘢𝘵 𝘴𝘢𝘯𝘨𝘢𝘵 𝘣𝘶𝘳𝘶𝘬 𝘫𝘢𝘯𝘨𝘢𝘯 𝘮𝘢𝘶 𝘨𝘶𝘯𝘢 𝘬𝘢𝘯 𝘢𝘱𝘭𝘪𝘬𝘢𝘴𝘪 𝘪𝘯𝘪, 𝘢𝘬𝘶 𝘣𝘢𝘳𝘶 𝘢𝘫 𝘥𝘰𝘯𝘭𝘰𝘸𝘯𝘥 𝘢𝘱𝘭𝘪𝘬𝘢𝘴𝘪 𝘪𝘯𝘪, 𝘵𝘳𝘶𝘴 𝘭𝘢𝘯𝘨𝘴𝘶𝘯𝘨 𝘮𝘢𝘴𝘶𝘬𝘢𝘯 𝘶𝘢𝘯𝘨 𝘣𝘦𝘴𝘰𝘬 𝘯𝘺𝘢 𝘥𝘪 𝘣𝘶𝘬𝘢 𝘭𝘢𝘯𝘨𝘴𝘶𝘯𝘨 𝘵𝘦𝘳𝘣𝘭𝘰𝘬𝘪𝘳 𝘥𝘢𝘯 𝘨𝘬 𝘣𝘪𝘴𝘢 𝘥𝘪 𝘣𝘶𝘬𝘢 𝘭𝘢𝘨𝘪 𝘥𝘢𝘯 𝘨𝘬 𝘢𝘥 𝘵𝘢𝘯𝘨𝘨𝘶𝘯𝘨 𝘫𝘢𝘸𝘢𝘣 𝘯𝘺𝘢 𝘴𝘢𝘮𝘢 𝘴𝘦𝘬𝘢𝘭𝘪 𝘬𝘢𝘯 𝘣𝘶𝘳𝘶𝘬 𝘬𝘢𝘭𝘪 𝘫𝘢𝘯𝘨𝘢𝘯 𝘮𝘢𝘶 𝘱𝘢𝘬𝘢𝘪 𝘢𝘱𝘭𝘪𝘬𝘢𝘴𝘪 𝘪𝘯𝘪",1,2026-05-07 14:03:53,negatif,                                               
oke.lah,4,2026-05-07 13:59:38,positif,oke
"saldo tiba tiba hilang, gaada riwayat tf gada apa, tbtb saldo 0!!!!!",1,2026-05-07 13:58:05,negatif,saldo hilang gaada riwayat tf gada tbtb saldo
sangat cepat praktis,5,2026-05-07 13:54:55,positif,cepat praktis
seabank cepat di mana dan ke mana pun transaksi .seabank baik.,5,2026-05-07 13:53:40,positif,seabank cepat transaksi seabank
membantu aplikasinya,5,2026-05-07 13:45:18,positif,bantu aplikasi
sangat membantu dan minim biaya admin,5,2026-05-07 13:44:19,positif,bantu minim biaya admin
top terbaik,5,2026-05-07 13:42:37,positif,top baik
sejauh ini baik,5,2026-05-07 13:41:44,positif,
Sangt bgusll,5,2026-05-07 13:38:51,positif,sangt bgusll
bagus juga aplikasi ini,5,2026-05-07 13:34:14,positif,bagus aplikasi
mantap sukses selalu,5,2026-05-07 13:34:12,positif,mantap sukses
sangat bagus aplikasi ini buat nabung,5,2026-05-07 13:26:49,positif,bagus aplikasi nabung
sea bank emank yang terbaik dri yg terbaik,5,2026-05-07 13:14:52,positif,sea bank emank baik dri yg baik
"sangat baik untuk di gunakan kapan pun dan dimana pun, jga sangat praktis",5,2026-05-07 13:04:30,positif,mana jga praktis
keren cepat layanannya,5,2026-05-07 13:02:27,positif,keren cepat layan
pertama pakai seabank semoga amanah🙏🙏👌👌,5,2026-05-07 13:00:24,positif,pakai seabank moga amanah
semoga baik dan terus berinovasi,5,2026-05-07 13:00:24,positif,moga inovasi
Sangat nyaman 👍,5,2026-05-07 12:53:57,positif,nyaman 
Sangat bermanpaat,5,2026-05-07 12:49:26,positif,bermanpaat
saya dari dulu suka seabank bunga besar dan fleksibel,5,2026-05-07 12:46:08,positif,suka seabank bunga fleksibel
bank terbaik,5,2026-05-07 12:44:30,positif,bank baik
"setelah beberapa kali ada biaya tf nya, selebihnya bagus",4,2026-05-07 12:44:02,positif,kali biaya tf nya lebih bagus
Ladang investasi orang awam dan pemula,4,2026-05-07 12:39:36,positif,ladang investasi orang awam mula
Aplikasi yang Bagus dan membantu,5,2026-05-07 12:38:58,positif,aplikasi bagus bantu
"merasa terbantu ,transfer gak pake biaya thebest pokonya",5,2026-05-07 12:36:43,positif,bantu transfer gak pake biaya thebest poko
"sea bank sangat menguntungkan, mudah digunakan dan tidak ribet",5,2026-05-07 12:34:09,positif,sea bank untung mudah ribet
mantap... senang tiap hari di kasih bunga sama seabank,5,2026-05-07 12:28:57,positif,mantap senang kasih bunga seabank
tanggapannya cepat,5,2026-05-07 12:27:57,positif,tanggap cepat
👍😊,5,2026-05-07 12:27:32,positif,
ok bagus,5,2026-05-07 12:25:57,positif,ok bagus
"bagus, ditambah dengan bunga 2,5% menabung sejumlah uang dan transfer gratis tanpa biaya admin",5,2026-05-07 12:18:51,positif,bagus tambah bunga tabung uang transfer gratis biaya admin
proses nya cepat,5,2026-05-07 12:08:49,positif,proses nya cepat
senangnya,5,2026-05-07 12:08:07,positif,senang
aplikasi rekeningnya sangat membantu lebih mudah untuk transaksi,5,2026-05-07 12:07:56,positif,aplikasi rekening bantu mudah transaksi
puas dan mantap👍💋,5,2026-05-07 12:02:46,positif,puas mantap
cepat mudah dan sangat efisien,5,2026-05-07 12:00:48,positif,cepat mudah efisien
enak d gunakan,5,2026-05-07 11:59:25,positif,enak d
trimksh,5,2026-05-07 11:58:35,positif,trimksh
terbaik 👍,5,2026-05-07 11:57:41,positif,baik 
semakin mudah bertransaksi,5,2026-05-07 11:54:01,positif,mudah transaksi
enak Makai seabank lgi,5,2026-05-07 11:50:42,positif,enak maka seabank lgi
sangat membantu untuk meningkatkan aktivitas transfer,5,2026-05-07 11:48:48,positif,bantu tingkat aktivitas transfer
saya jadi tidak bisa login ke akun seabank saya setelah saya menautkan ke shoope,1,2026-05-07 11:45:57,negatif,login akun seabank taut shoope
verif nya gagal terus huft 👎🏻👎🏻,1,2026-05-07 11:45:46,negatif,verif nya gagal huft 
"kurangnya cuma 1,klo mau top up game di situs ataupun beli paket di apk Smartfren belum ada tersedia pembayaran melalui seabank, selebihnya mantap",5,2026-05-07 11:45:40,positif,kurang klo top up game situs beli paket apk smartfren sedia bayar seabank lebih mantap
"Mantab pokoknya, simpel, modah, gratis biaya admin, fleksibel.",5,2026-05-07 11:33:41,positif,mantab pokok simpel modah gratis biaya admin fleksibel
nyaman aman terpercaya,5,2026-05-07 11:31:21,positif,nyaman aman percaya
baik cepat,4,2026-05-07 11:29:22,positif,cepat
mantap saldo tambah transaksi ke semua rekening gratis,5,2026-05-07 11:25:29,positif,mantap saldo transaksi rekening gratis
bgus banget,5,2026-05-07 11:13:35,positif,bgus banget
bagus terima kasih,5,2026-05-07 11:13:13,positif,bagus terima kasih
amanah,4,2026-05-07 11:12:53,positif,amanah
mantap apk nya,5,2026-05-07 11:11:06,positif,mantap apk nya
sayang nya tidak bisa pinjam uang,5,2026-05-07 11:10:20,positif,sayang nya pinjam uang
Mudah digunakan dan cepat,5,2026-05-07 11:09:34,positif,mudah cepat
seneng banget pokoknya,4,2026-05-07 11:09:05,positif,neng banget pokok
"Mantap, gratis 100x !!",5,2026-05-07 10:59:25,positif,mantap gratis x
Sangat mudah dan cepat menggunakan Seabank,5,2026-05-07 10:57:14,positif,mudah cepat seabank
"sangat membantu sekali,bunga rendah biaya transfer murah dan pembayaran jadi mudah pakai QRIS",5,2026-05-07 10:48:25,positif,bantu sekalibunga rendah biaya transfer murah bayar mudah pakai qris
"seabank lagi mimpi ngadain undian tiket pildun, gak jelas banget undian aja gak transparan. undian apa pembodohan., sory masyarakat dah pada cerdas tau mana undian dan mana pembodohan",1,2026-05-07 10:40:04,negatif,seabank mimpi ngadain undi tiket pildun gak banget undi aja gak transparan undi bodoh sory masyarakat dah cerdas tau undi bodoh
luar biasa berguna,5,2026-05-07 10:07:02,positif,guna
layanan sea bank memuaskan,5,2026-05-07 10:07:01,positif,layan sea bank muas
biaya transfer gratis dan dapat bunga tiap harinya lumayan seabank top deh,5,2026-05-07 10:02:40,positif,biaya transfer gratis bunga hari lumayan seabank top deh
seneng banget bisa di pake pinjaman gak harus punya rekening bang lainnya,5,2026-05-07 10:02:15,positif,neng banget pake pinjam gak rekening bang
selama ini belum ada masalah selama penggunaan.semoga TDK ada keluhan seterusnya. ..😍,4,2026-05-07 10:01:10,positif,penggunaansemoga tdk keluh 
praktis dan mudah,1,2026-05-07 09:57:35,negatif,praktis mudah
lebih mudah dan cepat ni ribet ribet😊,5,2026-05-07 09:48:46,positif,mudah cepat ni ribet ribet
😉,4,2026-05-07 09:47:54,positif,
🙏,5,2026-05-07 09:44:30,positif,
"mempermudah transaksi sehari apa lagi ada bunga 2,5% yang cair setiap hari",4,2026-05-07 09:43:02,positif,mudah transaksi hari bunga cair
sangat cocok digunakan,5,2026-05-07 09:40:26,positif,cocok
knpa tidak ada fitur seabank pinjam seperti yang lain nya di apk saya mohon bantuan nya,4,2026-05-07 09:36:24,positif,knpa fitur seabank pinjam nya apk mohon bantu nya
sangat 👌,5,2026-05-07 09:31:26,positif,
"seneng banget make seabank, pernah sih tiba tiba gangguan tapi cs nyaa super gercep dan ramah. sukaa dehh",5,2026-05-07 09:25:26,positif,neng banget make seabank sih ganggu cs nyaa super gercep ramah sukaa dehh
cukup baik. tapi tidak ada dana instan,5,2026-05-07 09:23:54,positif,dana instan
sayagat hebat,5,2026-05-07 09:21:58,positif,sayagat hebat
bank ini memang mantap. ada notif ksih pinjam langsung 10jt usaha aku jadi lancar dan bayar pun lancar mudah2an kedepannya bunga turun dibawah 2% tapi masih oke sih bisa kecicil. yang paling oke gak ada potongan dan semoga selalu begitu biar banknya makin sukses.,5,2026-05-07 09:18:02,positif,bank mantap notif ksih pinjam langsung jt usaha lancar bayar lancar mudah depan bunga turun bawah oke sih cicil oke gak potong moga biar bank sukses
buruk 👎,1,2026-05-07 09:17:54,negatif,buruk 
bagus dan lncar,5,2026-05-07 09:08:26,positif,bagus lncar
mudah simpel sekali,5,2026-05-07 09:06:04,positif,mudah simpel
Seabank Bank Terdepan,5,2026-05-07 09:05:36,positif,seabank bank depan
bagus tf tanpa admin,5,2026-05-07 09:01:40,positif,bagus tf admin
"bang suka mbulet mempermainkan nasabah, layanan sangat jelek, cs jawab muter muter, tidak direkomendasi, awas uang anda hilang",1,2026-05-07 08:54:23,negatif,bang suka mbulet main nasabah layan jelek cs muter muter rekomendasi awas uang hilang
mempermudah sgala urusan perbank an...,5,2026-05-07 08:48:39,positif,mudah sgala urus bank an
JOSSS,5,2026-05-07 08:46:20,positif,josss
praktis dan mudah di tambah gratis biaya admin,5,2026-05-07 08:38:27,positif,praktis mudah gratis biaya admin
"jangan mau pake seabank... pertama doang bagus... lama kelamaan jadi bapuk... komlpain lewat live chat kga ngaruh, gda solusi... gda penjelasan yang masuk logika... jawaban nya standart cs mie gacosn...",1,2026-05-07 08:30:02,negatif,pake seabank doang bagus bapuk komlpain live chat kga ngaruh gda solusi gda jelas masuk logika nya standart cs mie gacosn
sangat amanah,5,2026-05-07 08:26:54,positif,amanah
mempermudah segala urusan,5,2026-05-07 08:20:24,positif,mudah urus
"Transaksi pertama, lancar Jaya, baik pemindahan hasil jualan shoope juga pindah buku Bank lain. Dan gratis by Transfer. Top. Tks",5,2026-05-07 08:14:51,positif,transaksi lancar jaya pindah hasil jual shoope pindah buku bank gratis by transfer top tks
sagat bagus amanah trpecaya,5,2026-05-07 07:46:12,positif,sagat bagus amanah trpecaya
bagus banget pokonyA keren seabank,5,2026-05-07 07:43:36,positif,bagus banget poko keren seabank
joss bisa pake di ln enak,5,2026-05-07 07:36:19,positif,joss pake ln enak
"Puas menggunakan seabank. Tidak ada potongan tiap bulan,tidak ada potongan tranfer, pengambilan cash mudah.",5,2026-05-07 07:35:40,positif,puas seabank potong bulantidak potong tranfer ambil cash mudah
i like sea bank .no omon2,5,2026-05-07 07:26:06,positif,i like sea bank no omon
aktifkan fitur seabank pinjam,5,2026-05-07 07:22:08,positif,aktif fitur seabank pinjam
tranfers cepat gak pakai ribet sangat mudah dan membantu biaya gak mahal.....murah banget thanks SeaBank,5,2026-05-07 07:18:36,positif,tranfers cepat gak pakai ribet mudah bantu biaya gak mahalmurah banget thanks seabank
transfer uang dari seabank ke bank lain masih proses tapi saldo sudah terpotong tapi belum ada info lebih lanjut lagi,1,2026-05-07 07:07:45,negatif,transfer uang seabank bank proses saldo potong info
sangat puas dan gampang,5,2026-05-07 07:05:10,positif,puas gampang
mudah & lancar untuk transaksi,5,2026-05-07 06:54:07,positif,mudah lancar transaksi
sangat mudah di gunakan,5,2026-05-07 06:49:16,positif,mudah
memudahkan segala aktivitas,5,2026-05-07 06:46:33,positif,mudah aktivitas
isiin saldo breww,5,2026-05-07 06:36:58,positif,isiin saldo breww
😍😍😍😍,5,2026-05-07 06:32:18,positif,
sangat aman,5,2026-05-07 06:28:18,positif,aman
Sangat membantu dalam hal transaksi keuangan,5,2026-05-07 06:17:51,positif,bantu transaksi uang
senang ngirim ke bank lain tanpa ada biaya tambahan,5,2026-05-07 06:13:53,positif,senang ngirim bank biaya tambah
bagus lumayan buat nabung uang jajan,5,2026-05-07 06:13:15,positif,bagus lumayan nabung uang jajan
sangat mmbantu dan gratis juga tf ke bnak lain,5,2026-05-07 06:12:42,positif,mmbantu gratis tf bnak
sangat mudah menggunakan ny transfer cepat walau beda Bank,5,2026-05-07 06:12:04,positif,mudah ny transfer cepat beda bank
dabest,5,2026-05-07 06:10:43,positif,dabest
jos bagus awal nya bngung mau krim ke dana,5,2026-05-07 06:08:32,positif,jos bagus nya bngung krim dana
Good job ..,5,2026-05-07 06:07:41,positif,good job
suka Krn mudah,5,2026-05-07 06:06:33,positif,suka krn mudah
Bagusss,5,2026-05-07 06:02:23,positif,bagusss
Mengapa sea Bank mengirim ke bank lain belum di Terima sama bank penerima,5,2026-05-07 05:55:27,positif,sea bank kirim bank terima bank terima
bantu saya limit pinjaman,5,2026-05-07 05:52:50,positif,bantu limit pinjam
bagus aplikasinya.,5,2026-05-07 05:49:28,positif,bagus aplikasi
ditingkatkan lagi,5,2026-05-07 05:46:23,positif,tingkat
"bagus bagus baguuuuuuus banget, saya suka dan puas dengan pelayanan apk ini 🙏, terima kasih banyak 🙏",5,2026-05-07 05:36:41,positif,bagus bagus baguuuuuuus banget suka puas layan apk  terima kasih 
"kecewa berat dengan pelayanannya, tiba2 akun kena pembatasan. sudah 1 Minggu rugi uang & waktu tetap belum terselesaikan. berhari-hari telpon cs cuma suruh nunggu email, setelah nunggu ga ada hasil. KECEWA BANGET",1,2026-05-07 05:33:11,negatif,kecewa berat layan akun kena batas minggu rugi uang selesai berharihari telpon cs suruh nunggu email nunggu ga hasil kecewa banget
"GADA ADMIN MAU TF KEMANA AJAA, SANGAT BAGUSSS",5,2026-05-07 05:27:41,positif,gada admin tf mana ajaa bagusss
lumayan bagus,4,2026-05-07 05:23:51,positif,lumayan bagus
apknya bagus dan mudah di gunakan,5,2026-05-07 05:23:50,positif,apknya bagus mudah
apknya kok ga bisa gerak kk ada kesalahan serper atau bagai mana,5,2026-05-07 05:21:40,positif,apknya ga gerak kk salah serper
"simpeley,mudah,,,,mantap syteam mudah ditrapin untuk konsumen=mantap",5,2026-05-07 05:07:14,positif,simpeleymudahmantap syteam mudah ditrapin konsumenmantap
Terimakasih,5,2026-05-07 05:05:33,positif,terimakasih
"Transaksi Mudah, sangat senang menggunakannya ! ^^",5,2026-05-07 04:56:34,positif,transaksi mudah senang guna
mantap transaksi jadi simple dan mudah😁,5,2026-05-07 04:51:26,positif,mantap transaksi simple mudah
Terima kasih proses y cepat,5,2026-05-07 04:49:05,positif,terima kasih proses y cepat
bru pertama coba msh pemula,4,2026-05-07 04:44:08,positif,bru coba msh mula
Proses Cepat mantab belum pernah ada gangguan,5,2026-05-07 04:33:20,positif,proses cepat mantab ganggu
tidak bisa menerima cod melalui WhatsApp,1,2026-05-07 04:28:08,negatif,terima cod whatsapp
sangat bagus semoga ada penawaran terbaik nya seabank sy belum pernah dapat penawaran seabank pinjaman padahal sudah bertahun tahun menggunakan seabank,5,2026-05-07 04:23:08,positif,bagus moga tawar baik nya seabank sy tawar seabank pinjam tahun seabank
mudah dan gampang biaya juga sangat ringan,5,2026-05-07 04:21:43,positif,mudah gampang biaya ringan
enak si cepet tranvernya sayang pinjeman kok blm muncul ya..,5,2026-05-07 04:20:31,positif,enak si cepet tranvernya sayang pinjeman blm muncul ya
𝐦𝐞𝐦𝐛𝐚𝐧𝐭𝐮,5,2026-05-07 04:17:46,positif,
mempermudah sekali,5,2026-05-07 04:02:09,positif,mudah
saya mau seabank payleter ko gdaa yaa,5,2026-05-07 03:54:40,positif,seabank payleter ko gdaa yaa
semoga selalu aman ya,5,2026-05-07 03:54:36,positif,moga aman ya
apk gak guna,1,2026-05-07 03:51:09,negatif,apk gak
tipu tipu undian GK jelas,1,2026-05-07 03:50:59,negatif,tipu tipu undi gk
aplikasi yang bagua,5,2026-05-07 03:50:28,positif,aplikasi bagua
"Good Job SeaBank, Terima Kasih Sudah Membantu Pengguna Medsos, Semoga Kedepannya Semakin Sukses",5,2026-05-07 03:49:02,positif,good job seabank terima kasih bantu guna medsos moga depan sukses
Sangat Simpel dan Alternatif dalam urusan keuangan,5,2026-05-07 03:46:19,positif,simpel alternatif urus uang
"Terimakasih 🙏🏽 SeaBank, sudah membantu saya.",5,2026-05-07 03:29:18,positif,terimakasih  seabank bantu
"transaksi e wallet pending sampe 2 tidak ada kabarr parahh,antri komplain kmren 120,,hari ini 50 bnyk komplain ke cs ternyata 😪",1,2026-05-07 03:25:20,negatif,transaksi e wallet pending sampe kabarr parahhantri komplain kmren bnyk komplain cs 
"Overall selama 2 tahun menggunakan seabank nggaada yang mengecewakan, apalagi buat fitur free transfer dan bunga harian nya itu bikin feel safe buat naro uang disini. mungkin kalo ada tambahan bisa ada fitur kantong kantong gitu, jadi seabank bisa jadi tempat buat budgeting harian, bulanan sampe tahunan",5,2026-05-07 03:23:53,positif,overall seabank nggaada kecewa fitur free transfer bunga hari nya bikin feel safe naro uang kalo tambah fitur kantong kantong gitu seabank budgeting hari bulan sampe tahun
"saat mau memverifikasi ktp menggunakan kamera,saat mau foto kamera malah mengalami masalah seperti gambar yg meleleh,padahal di aplikasi serupa tidak terjadi apa apa",1,2026-05-07 03:23:23,negatif,verifikasi ktp kamerasaat foto kamera alami gambar yg melelehpadahal aplikasi
seabank koyok tempek.dah daftar malah suruh daftar lagi,1,2026-05-07 03:21:32,negatif,seabank koyok tempekdah daftar suruh daftar
PELAYANAN CS NYA LAMA BANGET KATANYA TUNGGU 1-2 MENIT TAPI NYATANYA SET JAM BELUM ADA JAWABAN,1,2026-05-07 03:14:52,negatif,layan cs nya banget tunggu menit set jam
aplikasi seabank sangat bagus bagi saya yang mengunakan capat sekali untuk trasaksi,5,2026-05-07 03:13:29,positif,aplikasi seabank bagus mengunakan capat trasaksi
fitur sangat bagus dan mudah di pahami,5,2026-05-07 03:04:03,positif,fitur bagus mudah paham
"saya baru pertama kali pake seabank, jadi belum banyak komentar sih. tapi semoga kedepannya seabank jadi semakin baik.",5,2026-05-07 02:39:49,positif,kali pake seabank komentar sih moga depan seabank
"mengapa akun saya tiba"" tidak terbuka",5,2026-05-07 02:38:59,positif,akun buka
lebih mudah dan aman dalam bertransaksi,5,2026-05-07 02:25:58,positif,mudah aman transaksi
"senang baru buka rekening sea bank, bs mmbantu memudahkan sgala urusan 🙏",5,2026-05-07 02:17:58,positif,senang buka rekening sea bank bs mmbantu mudah sgala urus 
"aplikasi bobrok, suka ambil uang orang sembarangan. yang saya tiba"" banget hilang tanpa konfirmasi, pdhal dia pihak ketiga.",1,2026-05-07 02:16:59,negatif,aplikasi bobrok suka ambil uang orang sembarang banget hilang konfirmasi pdhal tiga
Saya kasih bintang 1 dulu. Saya mau reset password tidak bisa. Tolong di perbaiki kalau solusi dari admin baru saya ubah ke 5. Terima kasih,1,2026-05-07 02:14:59,negatif,kasih bintang reset password tolong baik solusi admin ubah terima kasih
adakan free admin dong Kaka😁😁😁,5,2026-05-07 02:12:11,positif,adakan free admin kaka
"simple ga pake ribet,buat bayar spylater juga ok bgt",5,2026-05-07 02:10:30,positif,simple ga pake ribetbuat bayar spylater ok bgt
approve,4,2026-05-07 02:03:54,positif,approve
bagus mudah cepat aman,5,2026-05-07 02:00:34,positif,bagus mudah cepat aman
bagus dan murah mantap,5,2026-05-07 01:51:28,positif,bagus murah mantap
not bad at all,5,2026-05-07 01:37:32,positif,not bad at all
Sangat mudah dan praktis,5,2026-05-07 01:31:13,positif,mudah praktis
sangat puwas dan sangat menbantu,5,2026-05-07 01:30:20,positif,puwas menbantu
sangat baik bgi say,5,2026-05-07 01:26:31,positif,bgi say
seabank is the best pokoknya,5,2026-05-07 01:19:37,positif,seabank is the best pokok
bintang 3 dulu soalnya ga ada fitur pinjam nya,3,2026-05-07 01:13:30,netral,bintang ga fitur pinjam nya
sangat bermanfaat untuk digunakan,5,2026-05-07 01:12:45,positif,manfaat
"pelayanan cepat dan praktis , promo gratis",5,2026-05-07 01:08:12,positif,layan cepat praktis promo gratis
"mantap,",5,2026-05-07 01:05:39,positif,mantap
"pembodohan publik, giveaway settingan",1,2026-05-07 00:59:43,negatif,bodoh publik giveaway settingan
"Udah 5 tahun pakai tp kenapa skrg error terus, gabisa dibuka menyulitkan orang mau transaksi. Adminnya kaya masa bodo gitu, komen ig dibatasi dan gada klarif soalnya maintenance atau apa",1,2026-05-07 00:56:51,negatif,udah pakai tp skrg error gabisa buka sulit orang transaksi adminnya kaya bodo gitu komen ig batas gada klarif maintenance
pelayanan yang terbaik cepat prosesnya,5,2026-05-07 00:25:11,positif,layan baik cepat proses
"Apk nya sangat baik, membantu dan juga mempermudahkan saat bertransaksi dan juga saat membuka rekening pertama kali di sini, pokonya the best seabank ini",5,2026-05-07 00:22:40,positif,apk nya bantu mudah transaksi buka rekening kali poko the best seabank
sangat baik dan memudshkan transaksi.,5,2026-05-07 00:15:19,positif,memudshkan transaksi
sangat mudah dan cepat dalam melakukan transaksi,5,2026-05-07 00:05:54,positif,mudah cepat transaksi
alhamdulillah luar biasa,4,2026-05-07 00:01:49,positif,alhamdulillah
top pokoknya,5,2026-05-07 00:00:17,positif,top pokok
free biaya transfer. transfer cepat sampai.,5,2026-05-06 23:52:29,positif,free biaya transfer transfer cepat
serba gratis ❤,5,2026-05-06 23:19:03,positif,serba gratis 
bagus tranfer cepat pertahankan seabank,5,2026-05-06 23:16:12,positif,bagus tranfer cepat tahan seabank
syukron,5,2026-05-06 23:10:46,positif,syukron
efektifitas Tanpa Ribet mantab,5,2026-05-06 22:47:05,positif,efektifitas ribet mantab
baguus,3,2026-05-06 22:41:45,netral,baguus
admin nya murah banget,5,2026-05-06 22:25:29,positif,admin nya murah banget
menggunakan seabank sangat menguntungkan bagi saya,5,2026-05-06 22:24:21,positif,seabank untung
🥰,5,2026-05-06 22:19:45,positif,
no ribet,5,2026-05-06 22:13:06,positif,no ribet
transaksi jadi mudah karna seabank.,5,2026-05-06 22:05:38,positif,transaksi mudah karna seabank
Sangat membantu untuk mudahkan transaksi tranfer atau tarik tunai..,5,2026-05-06 21:25:40,positif,bantu mudah transaksi tranfer tarik tunai
mantap👍,5,2026-05-06 20:53:49,positif,mantap
sangan baguss menguntungkan proses cepat,5,2026-05-06 20:40:20,positif,sangan baguss untung proses cepat
sangat Puas,5,2026-05-06 20:17:28,positif,puas
terbaik👍💯,5,2026-05-06 20:15:14,positif,baik
sayangnya belum ada seabank pinjam untuk semua accon,5,2026-05-06 20:05:02,positif,sayang seabank pinjam accon
bagus simpan pinjam uang,4,2026-05-06 20:00:37,positif,bagus simpan pinjam uang
gak ada buat pinjaman nya ... coba tolong adain sering transaksi tapi gak ada buat pinjam atau buat beli kuota,2,2026-05-06 19:55:05,negatif,gak pinjam nya coba tolong adain transaksi gak pinjam beli kuota
transaksi sangat mudah,5,2026-05-06 19:35:17,positif,transaksi mudah
undian macam apa....,1,2026-05-06 19:19:22,negatif,undi
aman yaman buat nabung dapet bunga lagih tiap hari terimakasih seabnk,5,2026-05-06 19:05:11,positif,aman yaman nabung dapet bunga lagih terimakasih seabnk
aplikasi bagus,5,2026-05-06 18:51:24,positif,aplikasi bagus
sangat membantu untuk bertransaksi,5,2026-05-06 18:37:54,positif,bantu transaksi
kok saya tidak memiliki fitur pinjaman sedangkan teman saya mempunyai pinjaman bagi saya ini tidak adil,3,2026-05-06 18:35:37,netral,milik fitur pinjam teman pinjam adil
aplikasi membau aya utk taasi,5,2026-05-06 18:00:25,positif,aplikasi bau aya utk taasi
Ditunggu Fitur Seabank Pinjamnya!,5,2026-05-06 17:59:58,positif,tunggu fitur seabank pinjam
sangat mudah dan membantu dalam bertransaksi,5,2026-05-06 17:57:25,positif,mudah bantu transaksi
mantap untuk investasi,5,2026-05-06 17:35:12,positif,mantap investasi
"tolong di app saya kasih menu seabank pinjam, biar gak usah ribet cari pinjol yang amanah, saya jg sudah lama pake app seabank, bintang 4 dulu 1 nya nyusul trimakasih.",4,2026-05-06 17:30:45,positif,tolong app kasih menu seabank pinjam biar gak ribet cari pinjol amanah jg pake app seabank bintang nya nyusul trimakasih
thank you,5,2026-05-06 17:26:25,positif,thank you
salah tf saya min,3,2026-05-06 17:19:39,netral,salah tf min
up date keluar.,3,2026-05-06 17:05:54,netral,up date
mudah & praktis 👍,5,2026-05-06 16:52:43,positif,mudah praktis 
mantap praktis,5,2026-05-06 16:52:07,positif,mantap praktis
"proses transaksi cepat, proses pembuatan rekening juga cepat, mantap",5,2026-05-06 16:48:26,positif,proses transaksi cepat proses buat rekening cepat mantap
bismillah aman,5,2026-05-06 16:47:37,positif,bismillah aman
"nice, apk nya sangat membantu,",5,2026-05-06 16:46:12,positif,nice apk nya bantu
"sangat puas menggunakan aplikasi seabank, segala transaksi mudah..",5,2026-05-06 16:40:17,positif,puas aplikasi seabank transaksi mudah
baguss sihh ini apk buat nabung,5,2026-05-06 16:31:59,positif,baguss sihh apk nabung
mantap.,5,2026-05-06 16:29:09,positif,mantap
kemudahan dalam penggunaan,5,2026-05-06 16:06:59,positif,mudah guna
mau coba,5,2026-05-06 15:57:38,positif,coba
bagus dan aman terpercaya,5,2026-05-06 15:53:40,positif,bagus aman percaya
kbgus,5,2026-05-06 15:40:48,positif,kbgus
baguss sangat memudahkan,5,2026-05-06 15:25:54,positif,baguss mudah
sangat mudah dan lancar👍,5,2026-05-06 15:01:47,positif,mudah lancar
sangat mempuaskan,5,2026-05-06 14:48:08,positif,puas
"mudah ,gak pake lama",5,2026-05-06 14:35:50,positif,mudah gak pake
"sangat praktis, mudah digunakan, proses lumayan cepat, good deh pokoknya 👍",5,2026-05-06 14:34:38,positif,praktis mudah proses lumayan cepat good deh pokok 
meski GK d ksih pinjaman TPI siapa tau kedepannya d ksih 🥰,5,2026-05-06 14:29:30,positif,gk d ksih pinjam tpi tau depan d ksih 
"mantap,real team banget",5,2026-05-06 14:27:36,positif,mantapreal team banget
memang aplikasi yang mantap,5,2026-05-06 14:19:41,positif,aplikasi mantap
👍👌,5,2026-05-06 14:17:31,positif,
sitaikk,5,2026-05-06 14:03:42,positif,sitaikk
well,4,2026-05-06 14:02:25,positif,well
semoga Makin maju & sukses,4,2026-05-06 13:56:12,positif,moga maju sukses
sejauh ini sih bagus gak ada kendala,5,2026-05-06 13:53:13,positif,sih bagus gak kendala
mantap & mudah di gunakan semoga terlindungi Moni yg ada di aplikasi seabank sy,5,2026-05-06 13:52:22,positif,mantap mudah moga lindung moni yg aplikasi seabank sy
sangat bagus 👍👍👍,5,2026-05-06 13:51:35,positif,bagus 
aplikasi keuangan yang bagus mudah cepat praktis adminnya juga murah kalo bisa adminnya geratis hehe,5,2026-05-06 13:50:19,positif,aplikasi uang bagus mudah cepat praktis adminnya murah kalo adminnya gerat hehe
BANYAK GANGGUAN,3,2026-05-06 13:47:03,netral,ganggu
cepet dan tdk ribet 👍🙏,5,2026-05-06 13:45:13,positif,cepet tdk ribet 
masih di coba dlu,3,2026-05-06 13:41:32,netral,coba dlu
ringanpotongan nya cepet sampai nya.... mksih seabnk,5,2026-05-06 13:38:34,positif,ringanpotongan nya cepet nya mksih seabnk
super,5,2026-05-06 13:37:55,positif,super
saya baru bergabung di aplikasi ini. semoga kedepannya banyak manfaat yang saya dapatkan.,5,2026-05-06 13:37:51,positif,gabung aplikasi moga depan manfaat dapat
puas dengan pelayanannya,5,2026-05-06 13:34:13,positif,puas layan
proses lancar dan cepat,5,2026-05-06 13:29:59,positif,proses lancar cepat
mudah aman n menguntungkan terperrcaya,5,2026-05-06 13:27:08,positif,mudah aman n untung terperrcaya
sangat nyaman dan aman,5,2026-05-06 13:21:08,positif,nyaman aman
bagus skli keren,3,2026-05-06 13:20:28,netral,bagus skli keren
"kak, maaf kenapa saya tidak mendapatkan kode OTP ya padahal nomer telepon benar dan masih aktif?",1,2026-05-06 13:16:11,negatif,kak maaf kode otp ya nomer telepon aktif
transfer uang lebih aman dan nabung aman,5,2026-05-06 13:14:42,positif,transfer uang aman nabung aman
sejauh ini bangus²saja menjadi lebih mudah untuk transaksi kemanapun,5,2026-05-06 12:45:56,positif,bangus saja mudah transaksi mana
"tetap konsisten pada nasabah, berikan yang terbaik buat nasabah. terimakasih seabank.",5,2026-05-06 12:32:34,positif,konsisten nasabah baik nasabah terimakasih seabank
suka bnget dg seabank,5,2026-05-06 12:31:28,positif,suka bnget dg seabank
pakai bertahun tahun. tiket undian dapat banyak. TPI gak ada 1 pun yang dapat. yg dapat malah tiket yg cuman punya ratusan doang. males pke apk ini. pengundian hadiah nya gak jelas. masa ribuan tiket kaga dapat hadiah apa2. kalah sama yg baru2. apk ini KLO undian hadiah setingan juaranya,1,2026-05-06 12:29:39,negatif,pakai tahun tiket undi tpi gak yg tiket yg cuman ratus doang males pke apk undi hadiah nya gak ribu tiket kaga hadiah kalah yg apk klo undi hadiah ting juara
lebih bagus lagi kalau ada menu pembayaran Pajak/Mpn,4,2026-05-06 12:26:30,positif,bagus menu bayar pajakmpn
sangat bagus untuk melakukan transaksi setiap hari,4,2026-05-06 12:23:47,positif,bagus transaksi
transaksi lebih praktis dan hemat biaya,5,2026-05-06 12:20:30,positif,transaksi praktis hemat biaya
mnatep,5,2026-05-06 12:18:02,positif,mnatep
gampang dan ga lama transfer nya,5,2026-05-06 12:14:39,positif,gampang ga transfer nya
seabank mantull,5,2026-05-06 12:10:59,positif,seabank mantull
sangat mmbantu sekali tanpa ribet,5,2026-05-06 12:02:47,positif,mmbantu ribet
sangat sangat bagus semuanya.. tingkatkan lagi fitur fitur nya,5,2026-05-06 11:58:08,positif,bagus tingkat fitur fitur nya
bagus suka bangt,5,2026-05-06 11:53:51,positif,bagus suka bangt
mantap gratis teruss👍,5,2026-05-06 11:50:48,positif,mantap gratis teruss
sengak membantu,4,2026-05-06 11:47:48,positif,sengak bantu
bangus,5,2026-05-06 11:45:16,positif,bangus
sangat senang pake aplikasi ini,5,2026-05-06 11:24:26,positif,senang pake aplikasi
mantap boskuh,5,2026-05-06 11:23:23,positif,mantap boskuh
suka sekali,5,2026-05-06 11:18:50,positif,suka
sangat bagus dan memuaskan dapat bunga setiap hari walau uang pribadi kami sangat kecil 🤝😊🤲,5,2026-05-06 11:16:32,positif,bagus muas bunga uang pribadi 
limit pinjaman saya di bekukan padahal selfi lancar2 saja angsuran jg lancar banget. bingung,5,2026-05-06 11:14:12,positif,limit pinjam beku selfi lancar angsur jg lancar banget bingung
gak ramah buat human error transfer dari seabank ke e wallet dana tapi no nya salah dan no tersebut tidak terdaftar secara logika harusnya tidak terkirim tp ini masih lanjut terkirim pas diminta refund kagak bisa karna ketentuan ojk. kalo emang salah transfer ke no terdaftar sih gak masalah. gini amat ketentuan di konoha,1,2026-05-06 11:10:45,negatif,gak ramah human error transfer seabank e wallet dana no nya salah no daftar logika kirim tp kirim pas refund kagak karna tentu ojk kalo emang salah transfer no daftar sih gak gin tentu konoha
sangat bermanfaat dan menyenangkan pengguna,5,2026-05-06 11:10:26,positif,manfaat senang guna
"Kasih 3bintang dlu karna blm ada fitur sea bank pinjam klo udah ada tak kasih 5 bintang karna udh nunggu lama msh gk ada fitur itu,di php terus sama pihak seabank",3,2026-05-06 11:06:09,netral,kasih bintang dlu karna blm fitur sea bank pinjam klo udah kasih bintang karna udh nunggu msh gk fitur itudi php seabank
baik nih bank,5,2026-05-06 11:05:13,positif,nih bank
mantap abies,1,2026-05-06 11:01:03,negatif,mantap abies
mwah,5,2026-05-06 10:58:36,positif,mwah
gampang dan mudah untuk bertransaksi,4,2026-05-06 10:56:54,positif,gampang mudah transaksi
ngk bisa login lagi padahal sinyal bgus mau buat akun ngk bisa monyet,1,2026-05-06 10:56:23,negatif,ngk login sinyal bgus akun ngk monyet
mudah digunakan... simpel,5,2026-05-06 10:54:59,positif,mudah simpel
terdbest lah pokonya,5,2026-05-06 10:54:50,positif,terdbest poko
mantap mermudah transaksi,5,2026-05-06 10:53:12,positif,mantap mermudah transaksi
baik dan nyaman,5,2026-05-06 10:52:21,positif,nyaman
aneh susah bnget mau login ke seabank udah verfikasi ktp tapi malah kembali ke opsi masukan no hp,4,2026-05-06 10:47:09,positif,aneh susah bnget login seabank udah verfikasi ktp opsi masuk no hp
mantap.cepat,5,2026-05-06 10:41:47,positif,mantapcepat
"susah banget buka rekening, dah kucoba berkali kali ttp gabisa, padahal udah sesuai perintah",1,2026-05-06 10:39:38,negatif,susah banget buka rekening dah coba kali kali ttp gabisa udah sesuai perintah
lebih praktis,5,2026-05-06 10:35:24,positif,praktis
sangat membantu kebutuhan hidup,5,2026-05-06 10:34:39,positif,bantu butuh hidup
"transfer gratis ke semua operator, tidak ada pending. plus bunga . checkout shopee lbh hemat.",5,2026-05-06 10:30:21,positif,transfer gratis operator pending plus bunga checkout shopee lbh hemat
"mantap, lancar.",5,2026-05-06 10:27:01,positif,mantap lancar
klo bisa jangan ada vermuklah lama,5,2026-05-06 10:26:20,positif,klo vermuklah
suka admin murah,5,2026-05-06 10:24:06,positif,suka admin murah
bagus sangat memudahkan untek mentransfer sesama bank lain,5,2026-05-06 10:23:52,positif,bagus mudah untek transfer bank
enak pake bank ini,5,2026-05-06 10:17:56,positif,enak pake bank
pengen mencoba dlu,4,2026-05-06 10:14:48,positif,ken coba dlu
Jos,5,2026-05-06 10:13:30,positif,jos
paling bisa diandalkan,5,2026-05-06 10:06:39,positif,andal
"maaf sya mau tanya, sya mengajukan cetak kartu atm seabank, tapi qo saldo saya malah hilang ya",5,2026-05-06 10:06:27,positif,maaf sya sya aju cetak kartu atm seabank qo saldo hilang ya
sangat membantu dan lebih fleksibel,5,2026-05-06 10:03:04,positif,bantu fleksibel
"apk GK jelas udh daftar, masuknya verifikasi KTP muluk ,baiki donk",1,2026-05-06 10:00:20,negatif,apk gk udh daftar masuk verifikasi ktp muluk baik donk
Seabank the best...transaksi barkali2 kmn pun tak ada adminnya 🫰,5,2026-05-06 09:55:26,positif,seabank the besttransaksi barkali kmn adminnya 
kenapa pas login berputar terus di foto ktp udah foto di suruh login no hp udah login suruh foto ktp gitu terus muter di situ terus kenapa?,1,2026-05-06 09:55:25,negatif,pas login putar foto ktp udah foto suruh login no hp udah login suruh foto ktp gitu muter situ
goof,5,2026-05-06 09:45:15,positif,goof
cukup bermanfaat,5,2026-05-06 09:44:12,positif,manfaat
nga ada menu seabank pinjam,1,2026-05-06 09:42:33,negatif,nga menu seabank pinjam
sangat menyenangkan praktis dan terpercaya,5,2026-05-06 09:39:29,positif,senang praktis percaya
"sangat membantu, smoga di perbaiki lagnya",5,2026-05-06 09:38:52,positif,bantu smoga baik lagnya
kerrn,5,2026-05-06 09:38:23,positif,kerrn
"bagus bangett suka pakee seabankk karna admin nya murahh dan ada beberapa yang gratiss, login juga cepett praktiss bangett, smua viturr bisaa, cintaa banget sama seabank",5,2026-05-06 09:35:28,positif,bagus bangett suka pakee seabankk karna admin nya murahh gratiss login cepett praktiss bangett smua viturr bisaa cintaa banget seabank
SALDO SUDAH TERPOTONG PEMBELIAN BELOM JUGA DI PROSES . KALIAN JANGAN PAKE SEABANK GUYS ADMIN NYA LELET,1,2026-05-06 09:33:58,negatif,saldo potong beli bom proses pake seabank guys admin nya lelet
"Saya suka apk seabank, mudah, gampang, dan cepat,",5,2026-05-06 09:26:15,positif,suka apk seabank mudah gampang cepat
mantab.. cepat.. keren..,5,2026-05-06 09:12:16,positif,mantab cepat keren
sangat mudah pokonya,5,2026-05-06 09:02:35,positif,mudah poko
memudahkan segala bentuk transaksi,5,2026-05-06 08:52:41,positif,mudah bentuk transaksi
Mudah transaksi,5,2026-05-06 08:51:44,positif,mudah transaksi
baik sekali..lumayan gratisnya,5,2026-05-06 08:49:38,positif,sekalilumayan gratis
memuas kan banget,5,2026-05-06 08:40:03,positif,muas banget
Saya sudah sangat lama sekali menggunakan seabank tapi ficture di seabank saya belum lengkap,2,2026-05-06 08:37:34,negatif,seabank ficture seabank lengkap
cocok,5,2026-05-06 08:36:30,positif,cocok
Mantap. . .,5,2026-05-06 08:31:55,positif,mantap
"dari awal takut untuk nyoba bank digital, tapi semenjak liat sea bank di yt itu oke aman dan di jamin 2m oleh LPS, dan keuntungan paks sea bank dapat 100x transaksi gratis ke sesama bank terkecuali dana, dan itu biayanya sangat rendah hanya 400 perak, respect buat perusahaan sea bank🔥",5,2026-05-06 08:31:48,positif,takut nyoba bank digital semenjak liat sea bank yt oke aman jamin m lps untung paks sea bank x transaksi gratis bank kecuali dana biaya rendah perak respect usaha sea bank
segalanya lebih mudah dengan Sea bank,5,2026-05-06 08:24:25,positif,mudah sea bank
bagus sekali aplikasinya,5,2026-05-06 08:23:06,positif,bagus aplikasi
Bikin event hadiah . Tp di undinya sistem bot di setting 😂😂 Apa ga penipuan jatuhnya ? #STOPPEMBODOHANPUBLIK,1,2026-05-06 08:22:35,negatif,bikin event hadiah tp undi sistem bot setting  ga tipu jatuh
PESTA UNTUNG SEABANK PENIPU SETINGAN WK MANA ADA DI UNDI MENCET DOANG KALO BENERAN DI UNDI HARUSNYA PAKE BOLA TULISIN SEMUA NAMA YANG IKUT EVENT PESTA UNTUNG TRUS NANTI DI AMBIL RANDOM INIMAH MALAH DI PENCET TERUS KELUAR NAMA YANG SUDAH DI SETING PARAH SEKALI JANGAN PERNAH PAKAI SEABANK LAGI SEMUANYA,1,2026-05-06 08:18:54,negatif,pesta untung seabank tipu ting wk undi mencet doang kalo beneran undi pake bola tulisin nama event pesta untung trus ambil random inimah pencet nama ting parah pakai seabank
seabank pengundian scam dan tidak nyata sudah saya kumpulin tiker banyak gk ada yg nyantol,1,2026-05-06 08:18:48,negatif,seabank undi scam nyata kumpulin tiker gk yg nyantol
"bikin event hadiah,tapi pemenangnya ordal guys,,.,.cek aja pemenang aerox sama iphone 17 periode 1 dan 2 orangnya sama wkwkkw",1,2026-05-06 08:15:08,negatif,bikin event hadiahtapi menang ordal guyscek aja menang aerox iphone periode orang wkwkkw
undian gajelasss,1,2026-05-06 08:14:35,negatif,undi gajelasss
Percuma bikin event grandprize kalau udh di setting yang menang Ordal semua 👀👀 ⭐1 cetasss ✋🏻✋🏻✋🏻,1,2026-05-06 08:14:31,negatif,bikin event grandprize udh setting menang ordal   cetasss 
SETINGAN NYA KE BACA KAK 🙏🏻,1,2026-05-06 08:13:41,negatif,ting nya baca kak 
"ga pernah daftar seabank, pas download mau daftar tiba2 gabisa daftar. karna nomer telpon sudah terdaftar, padahal belum pernah daftar. akhirnya telpon CS seabank, dan dinyatakan ya benar nomer saya sudah terdaftar, tapi beda akun, beda org yang daftar. lalu saya minta untuk blok lah, tapi cs bilang gabisa, terus saya minta data org trsbut yg sudah pakai nomer saya mereka bilang juga GABISA!! laluu bagaimanaaa???",1,2026-05-06 08:01:04,negatif,ga daftar seabank pas download daftar gabisa daftar karna nomer telpon daftar daftar telpon cs seabank nyata ya nomer daftar beda akun beda org daftar blok cs bilang gabisa data org trsbut yg pakai nomer bilang gabisa laluu bagaimanaaa
Seneng sekali Pakai Seabank transfer kemanapun cepat Gratis.... sukses Trus Buat seabank,5,2026-05-06 07:57:53,positif,neng pakai seabank transfer mana cepat gratis sukses trus seabank
kami dapat limit 5 juta langsung cairrr top sea bank,5,2026-05-06 07:49:02,positif,limit juta langsung cairrr top sea bank
Alhamdulillah seabank bagus di gunakan,5,2026-05-06 07:10:57,positif,alhamdulillah seabank bagus
"paling nyaman, transaksi tanpa ribettt...",5,2026-05-06 06:55:01,positif,nyaman transaksi ribettt
cepat masuk dan keluar nya saldo.. enak buat transaksi GX ribet dan hemat,4,2026-05-06 06:53:57,positif,cepat masuk nya saldo enak transaksi gx ribet hemat
Alhamdulillah puas,5,2026-05-06 06:39:27,positif,alhamdulillah puas
"mudah mudahan lancar terus yaaa, dan selalu gratis admin 😀",5,2026-05-06 06:37:06,positif,mudah mudah lancar yaaa gratis admin 
iya Teryata TF antar Bank gratis,5,2026-05-06 06:36:52,positif,iya teryata tf bank gratis
oke jos jis,4,2026-05-06 06:35:36,positif,oke jos jis
gampang aman,5,2026-05-06 06:29:13,positif,gampang aman
Good jobs 👍,5,2026-05-06 06:24:38,positif,good jobs 
bagus dan baik,5,2026-05-06 06:23:18,positif,bagus
coba dulu. ini pertama kali pakai. seabank,4,2026-05-06 06:17:45,positif,coba kali pakai seabank
"puas dgn apk ini lancar dan hemat sgla adminitrasinya tapi sayang sbagai nasabah aktif dan setia di Seabank , di rek saya tdk muncul SeaBank pinjam.",5,2026-05-06 06:07:13,positif,puas dgn apk lancar hemat sgla adminitrasinya sayang sbagai nasabah aktif setia seabank rek tdk muncul seabank pinjam
sayang ya belum ada dana instan nya 😆😆😆,5,2026-05-06 06:06:38,positif,sayang ya dana instan nya 
"Saya baru-baru ini mulai menggunakan seabank dan saya sangat terkesan dengan fungsionalitas dan antarmuka yang ramah pengguna, aplikasi terbaik di kategori nya",5,2026-05-06 05:51:27,positif,barubaru seabank kes fungsionalitas antarmuka ramah guna aplikasi baik kategori nya
isi saldo dari mlm kaga masuk2 ke seabank di pengirim sudah berhasil juga,3,2026-05-06 05:43:34,netral,isi saldo mlm kaga masuk seabank kirim hasil
tolong untuk admin transfernya digratiskan semua,5,2026-05-06 05:41:55,positif,tolong admin transfer gratis
Pelayan sangat buruk saya saya buat laporan untuk meminta banding atas pembekuan rekening pada tanggal 02 Mei 2026 tiba tiba ada email masuk di 05 Mei kalo permintaan saya belum disetujui dengan alasan yang tidak jelas.,1,2026-05-06 05:00:56,negatif,layan buruk lapor banding beku rekening tanggal mei email masuk mei kalo minta tuju alas
"inti nya saya suka,udah ga perlu kata kata",5,2026-05-06 04:57:50,positif,inti nya sukaudah ga
mudah instalnya dan aman,5,2026-05-06 04:47:33,positif,mudah instalnya aman
seabank sekarang sedikit lambat loading,5,2026-05-06 04:42:53,positif,seabank lambat loading
lebih nyaman senengnya juga kirim kirim tanpa admin,5,2026-05-06 04:42:50,positif,nyaman neng kirim kirim admin
semoga seabank ada bentuk fisik kartu dan mesin atm nya,4,2026-05-06 04:41:26,positif,moga seabank bentuk fisik kartu mesin atm nya
transaksi ny gampang gak ribet,5,2026-05-06 04:40:36,positif,transaksi ny gampang gak ribet
mudah2n tetap ok,4,2026-05-06 04:24:30,positif,mudahn ok
"ga bisa login dengan nomor hp bacaan nya kendala sistem mohon perbarui aplikasi, padahal udah update terbaru tolong di perbaiki",1,2026-05-06 04:10:27,negatif,ga login nomor hp baca nya kendala sistem mohon baru aplikasi udah update baru tolong baik
Aplikasi ini sangat bagus dan saya senang menggunakannya..,5,2026-05-06 04:07:10,positif,aplikasi bagus senang guna
sangat disayangkan biyaya untuk top up dana dan gopay tidak free sperti dahulu 🫣,5,2026-05-06 04:05:54,positif,sayang biyaya top up dana gopay free sperti 
"fitur qris nya susah, pas di scan malah tdk bisa"" padahal saldo masih sisa ratusan ribu",1,2026-05-06 03:58:53,negatif,fitur qris nya susah pas scan tdk saldo sisa ratus ribu
"sangat membantu bgt untuk transaksi apapun, dan tiap harinya kita dpt bonus dr apk",5,2026-05-06 03:54:26,positif,bantu bgt transaksi apa hari dpt bonus dr apk
"lebih mudah, karna belum sempet ke bank",5,2026-05-06 03:53:16,positif,mudah karna sempet bank
ok yes seer,4,2026-05-06 03:34:15,positif,ok yes seer
TF semua bank ga ada admin 😭,5,2026-05-06 03:32:28,positif,tf bank ga admin 
Dengan SeaBank semua transaksi jadi mudah,5,2026-05-06 03:26:56,positif,seabank transaksi mudah
bagus tapi sayangnya gak bisa ajukan pinjaman saya sudah 2 kali tapi di tolak terus,5,2026-05-06 03:25:13,positif,bagus sayang gak aju pinjam kali tolak
"tolong donk buat pihak seabank di perbaiki datanya .. sy GK pernah pinjam di aplikasi seabank tp knp ko sy ada history pinjaman yg harus dibayar ??? sejak kapan sy pinjam ke seabank ??? tolong buat staff pegawai seabank jangan di salah gunakan data sy . sy mau tutup akun aja susah GK bisa tutup rekening akun seabank heran. data sy yg atas nama""Boby Candra Pratama"". tolong di hapus tuh history pinjaman yg GK pernah sy terima dan GK pernah sy ajukan",1,2026-05-06 03:24:29,negatif,tolong donk seabank baik data sy gk pinjam aplikasi seabank tp knp ko sy history pinjam yg bayar sy pinjam seabank tolong staff pegawai seabank salah data sy sy tutup akun aja susah gk tutup rekening akun seabank heran data sy yg namaboby candra pratama tolong hapus tuh history pinjam yg gk sy terima gk sy aju
senang sii,5,2026-05-06 03:21:32,positif,senang sii
bagus.,5,2026-05-06 03:16:37,positif,bagus
kereeen lah seabank,5,2026-05-06 02:25:20,positif,kereeen seabank
sangat menbantu,5,2026-05-06 02:19:20,positif,menbantu
cepat praktis,5,2026-05-06 02:14:55,positif,cepat praktis
bagus sejauh ini tidak ada masalah semoga selalu amanah,5,2026-05-06 02:08:16,positif,bagus moga amanah
semoga lebih baik,5,2026-05-06 02:05:21,positif,moga
mudah&praktis aman terpercaya,5,2026-05-06 02:04:04,positif,mudahpraktis aman percaya
"Bagus fiturnya, ada penjadwalan trf",5,2026-05-06 01:59:42,positif,bagus fiturnya jadwal trf
Saya mau bayar PBB tapi pas scroll koq Kabupaten Tegal ga ada ya. Mohon buat Seabank tambahkan Kota Tegal dan Kabupaten Tegal di fitur pembayaran PBB. Terima kasih.,5,2026-05-06 01:57:59,positif,bayar pbb pas scroll koq kabupaten tegal ga ya mohon seabank tambah kota tegal kabupaten tegal fitur bayar pbb terima kasih
transaksi tanpa biya admin👍👍👍👍,5,2026-05-06 01:57:03,positif,transaksi biya admin
tambahin fitur Qris merchant SeaBank min biar tambah mantap!,5,2026-05-06 01:39:19,positif,tambahin fitur qris merchant seabank min biar mantap
biaya pengiriman bikin gratis ituu ajja,4,2026-05-06 01:35:09,positif,biaya kirim bikin gratis ituu ajja
layanan agresif cepat 👍🏻,5,2026-05-06 01:30:38,positif,layan agresif cepat 
mantapzzz,5,2026-05-06 01:00:58,positif,mantapzzz
tahab di proses,5,2026-05-06 00:38:00,positif,tahab proses
sangat puas baik,5,2026-05-06 00:23:28,positif,puas
"aplikasinya gak ribet trus mudah untuk transaksi e walet, bisa langsung terhubung ke Shopeepay lagi mau bayar banyak gratis administrasi Terima kasih sea Bank.🤩🤩",5,2026-05-06 00:21:48,positif,aplikasi gak ribet trus mudah transaksi e walet langsung hubung shopeepay bayar gratis administrasi terima kasih sea bank
flexible,5,2026-05-06 00:20:30,positif,flexible
sangat membantu..makasih,5,2026-05-06 00:20:00,positif,membantumakasih
"hati2 keamanan sebank kalian,saya tidak melakukan transaksi dan tidak pernah memberikan sandi ataupun kode ke siapapun tibatiba dana saya terkirim ke no rek lain dan tidak di tindaklanjuti sampai skarang",1,2026-05-06 00:17:35,negatif,hati aman bank kaliansaya transaksi sandi kode tibatiba dana kirim no rek tindaklanjuti skarang
mohon di bantu kk . saldo saya TDK masuk saat pembaharuan akun seabenk. sudah 1minggu TDK masuk saldo saya. kata ny nunggu 1x24 jam . inih sudah lebih ko TDK masuk masuk😭,5,2026-05-05 23:59:40,positif,mohon bantu kk saldo tdk masuk baharu akun seabenk minggu tdk masuk saldo ny nunggu x jam inih ko tdk masuk masuk
knp ga bisa pinjam duit ka,3,2026-05-05 23:18:21,netral,knp ga pinjam duit ka
"seabank,mantap",5,2026-05-05 23:11:45,positif,seabankmantap
baguss sekali aplksi ini,5,2026-05-05 22:46:51,positif,baguss aplksi
layanan sangat memuaskan,5,2026-05-05 22:21:47,positif,layan muas
enak menggunakan seabank semua transfer gratis 👍👍,5,2026-05-05 21:59:55,positif,enak seabank transfer gratis 
baguuuusssssd,5,2026-05-05 21:42:07,positif,baguuuusssssd
semoga nyaman nyimpen di sini,5,2026-05-05 21:37:55,positif,moga nyaman nyimpen
abis beli kuota saldo nya mah kepotong paketnya mah ga masuk' uda sehari juga,1,2026-05-05 21:20:31,negatif,abis beli kuota saldo nya mah potong paket mah ga masuk uda hari
cuman kurang sea bank pinjam aja,5,2026-05-05 20:50:09,positif,cuman sea bank pinjam aja
apa saja contoh aktivitas / syarat tertentu agar terpilih sebagai nasabah seabank pinjam,5,2026-05-05 20:20:55,positif,contoh aktivitas syarat pilih nasabah seabank pinjam
"Sangat membantu, good job developer.",5,2026-05-05 20:09:58,positif,bantu good job developer
apk bagus no pending,5,2026-05-05 20:06:42,positif,apk bagus no pending
"mau daftar bikin baru saja susah banget, gak bisa di klik? tolong diperbaiki lagi supaya bisa bikin akun baru ...",1,2026-05-05 19:05:15,negatif,daftar bikin susah banget gak klik tolong baik bikin akun
seabank mmng top,5,2026-05-05 18:49:21,positif,seabank mmng top
Spinjam kok belum muncul di saya?,5,2026-05-05 18:31:57,positif,spinjam muncul
tolong munculkan seabank pinjam saya kapa munculnya,5,2026-05-05 18:08:20,positif,tolong muncul seabank pinjam kapa muncul
say lebih suka demgan aeabank.aman.. semoga cepat terbuka fitur fitur baru nya,5,2026-05-05 18:00:24,positif,say suka demgan aeabankaman moga cepat buka fitur fitur nya
praktis mempermudah,5,2026-05-05 17:49:14,positif,praktis mudah
"sudah lama bertransaksi tapi tidak ada sea pinjam ya, sementara 1 bintang dulu, tak baik",1,2026-05-05 17:24:21,negatif,transaksi sea pinjam ya bintang
"gokil, pengembalian saldo salah kirim cuman butuh sehari kalo bank lain paling lama seminggu",5,2026-05-05 17:20:02,positif,gokil kembali saldo salah kirim cuman butuh hari kalo bank minggu
GAJELAS UDAH SCAN KTP PAS MAU LOGIN DISURUH SCAN TERUS AJA SAMPE KIAMAT GITU,1,2026-05-05 17:11:19,negatif,gajelas udah scan ktp pas login suruh scan aja sampe kiamat gitu
Terima kasih 🙏 masih banyak kekurangan ya Ditunggu event+update terbaik selanjutnya & tolong lah jangan semakin kesini semakin berat aplikasi ya+event ya semakin kesini semakin banyak event yang dikurangi nanti aku beri tambah bintang lagi KALAU UDAH DI PERBAIKI,3,2026-05-05 17:01:54,netral,terima kasih  kurang ya tunggu eventupdate baik tolong kesini berat aplikasi yaevent ya kesini event rang bintang udah baik
kak say gak bisa masuk ke aplikasi ..dan saya sudah dari kmren ..isi data juga ...namun saja tdak bisa mohon di bantu karna ada saldo saya di akun tersebut,5,2026-05-05 16:44:50,positif,kak say gak masuk aplikasi kmren isi data tdak mohon bantu karna saldo akun
tolong lah di benerin saya mau penarikan dari tereding kenapa belum masuk masuk udah nunggu 1 jam,1,2026-05-05 16:38:27,negatif,tolong benerin tari tereding masuk masuk udah nunggu jam
okkkk,5,2026-05-05 16:30:46,positif,okkkk
"saldo selalu terpotong 10k keatas dan tidak tau kemana tiba""ada transaksi dan kalau dilaporkan TDK ada respon 😾",1,2026-05-05 16:22:46,negatif,saldo potong k atas tau mana tibaada transaksi lapor tdk respon 
cepat kirim,4,2026-05-05 16:05:27,positif,cepat kirim
"tolong ini seabank saya kenapa tidak bisa log in, udah verifikasi ktp, udah hubungin cs, udah hubungin email seabank semua udah saya lakuin tapi gada hasil. tolong dong bantuannya",1,2026-05-05 16:05:21,negatif,tolong seabank log in udah verifikasi ktp udah hubungin cs udah hubungin email seabank udah lakuin gada hasil tolong bantu
sangat membantu buat hp saya yang ram 2. semoga selamanya tidak ngelag dan tidak ada bug.,5,2026-05-05 15:53:46,positif,bantu hp ram moga ngelag bug
aplikasi sangat bagus untuk transaksi atau kebutuhan lainya,5,2026-05-05 15:52:15,positif,aplikasi bagus transaksi butuh lai
kenapa kok gangguan ini punya saya.. dari tadi sore 5 Mei 2026,5,2026-05-05 15:45:19,positif,ganggu sore mei
"ini cs fitur chat lama 2 nunggu jwaban slow respon ujung nya malah suruh telpon , parahh sekelas bank pelayanan nya busuk",1,2026-05-05 15:20:31,negatif,cs fitur chat nunggu jwaban slow respon ujung nya suruh telpon parahh kelas bank layan nya busuk
mending jangan downlod. pnya aku mash ada saldo 350rb. 2x transaksi diblokir. dengan fitnah transaksi mencurigakan. parah emng. pdhl cmn buat beli kouta,1,2026-05-05 15:19:52,negatif,mending downlod pnya mash saldo rb x transaksi blokir fitnah transaksi curiga parah emng pdhl cmn beli kouta
bngud,5,2026-05-05 15:10:33,positif,bngud
"agak kecewa, saya masukan pin saat mau TF malah salah. sudah saya ganti pin tetep juga salah",3,2026-05-05 15:10:21,netral,kecewa masuk pin tf salah ganti pin tetep salah
bagus sayangnya di orang ada seabank pinjamnya di saya tidak ada padahal udah lama,5,2026-05-05 14:47:37,positif,bagus sayang orang seabank pinjam udah
aplikasi yg luar biasa,5,2026-05-05 14:44:30,positif,aplikasi yg
pelayanan nya bagus dan admin untuk semua transaksi nya lumayan terjangkau,4,2026-05-05 14:26:53,positif,layan nya bagus admin transaksi nya lumayan jangkau
mana bonus saldo yang kau janjikannn!!!???,4,2026-05-05 14:19:31,positif,bonus saldo kau janjikannn
lapor kemana klw seabanknya susah dibuka?,5,2026-05-05 14:07:20,positif,lapor mana klw seabanknya susah buka
sering maintenance kadang lagi urgent selalu maintenance,1,2026-05-05 13:43:45,negatif,maintenance kadang urgent maintenance
lagi genting login ada pemeliharaan akun suruh gmna coba aneh cukup sekali aja,1,2026-05-05 13:37:14,negatif,genting login pelihara akun suruh gmna coba aneh aja
harus nya updet jangn di dlm aplikasi lah hadehh macet jugaa sea bank ini,1,2026-05-05 13:36:05,negatif,nya updet jangn dlm aplikasi hadehh macet jugaa sea bank
seabank oke,5,2026-05-05 13:35:20,positif,seabank oke
tolong sea bank kenapa sering ganguan saya mau TF orang jadi ketunda,4,2026-05-05 13:32:41,positif,tolong sea bank ganguan tf orang tunda
"akun istri saya bisa login sedangkan akun saya cuma memuat doang, udh pake wifi udh apke data udh di hotspot tetep sama memuat. bikin ga nyaman aja pake seabnk",1,2026-05-05 13:31:51,negatif,akun istri login akun muat doang udh pake wifi udh apke data udh hotspot tetep muat bikin ga nyaman aja pake seabnk
kecewa sama aplikasi si bank lagi butuh butuhnya buat bayar koperasi malah gangguan seperti ini tidak bisa masuk jangan dipersulit lah itu uang saya di dalamnya lumayan buat bayar koperasi kalau gangguan seperti ini terus saya nggak bakal mau pakai aplikasi s,1,2026-05-05 13:31:20,negatif,kecewa aplikasi si bank butuh butuh bayar koperasi ganggu masuk sulit uang dalam lumayan bayar koperasi ganggu nggak pakai aplikasi s
loading terus,4,2026-05-05 13:31:09,positif,loading
server error tidak dapat masuk ke akun kita,2,2026-05-05 13:28:57,negatif,server error masuk akun
sering eror,1,2026-05-05 13:27:46,negatif,eror
nih apk gaguan Mulu sih.susah bngt KLO mau login,1,2026-05-05 13:27:25,negatif,nih apk gagu mulu sihsusah bngt klo login
saya ingin menggunakan seabank sekarang tolong izinkan saya menggunakan nya kembali terimakasih,5,2026-05-05 13:26:31,positif,seabank tolong izin nya terimakasih
demi gada perubahan bgt seabank,1,2026-05-05 13:26:21,negatif,gada ubah bgt seabank
di isi saldo malah jadi susah masuknya lama banget,1,2026-05-05 13:25:23,negatif,isi saldo susah masuk banget
kenapa tiba tiba saya tidak bisa login pada akun saya.? awal awal ok ko makin kesini pelayannya buruk,4,2026-05-05 13:24:09,positif,login akun ok ko kesini layan buruk
app kok dikit² eror gabisa di buka,1,2026-05-05 13:23:25,negatif,app dikit eror gabisa buka
ini seabankk kenapa sihh sekarang sering banget gangguan ahhhhh,5,2026-05-05 13:21:46,positif,seabankk sihh banget ganggu ahhhhh
bank digital paling sering gangguan,1,2026-05-05 13:21:28,negatif,bank digital ganggu
kenapa sekarang sering eror saat mau login,3,2026-05-05 13:20:51,netral,eror login
pokoknya nyaman di pakai. dan cepat jaringan lemah pun aman. kalau ada masalah cs nya pas respon dan ramah,5,2026-05-05 13:20:44,positif,pokok nyaman pakai cepat jaring lemah aman cs nya pas respon ramah
"perlu dicurigai bisa saja SeaBank akan menipu semua nasabahnya. akhir akhir ini seabank sudah mulai eror login terkdang bisa itu juga sangaat lama padahal jaaringan wifi atau paket data hp bagus, ini SeaBank perlu dicurigai bisa2 saldo yg ada akan lenyap atau semua akun akan diblokir permanen,,",1,2026-05-05 13:19:55,negatif,curiga seabank tipu nasabah seabank eror login terkdang sangaat jaaringan wifi paket data hp bagus seabank curiga saldo yg lenyap akun blokir permanen
makin update makin gangguan Mulu,2,2026-05-05 13:18:04,negatif,update ganggu mulu
"suka ada bug dan eror ,+transfer kurang optimal dan suka ngelag, harus diperbaiki",3,2026-05-05 13:16:27,netral,suka bug eror transfer optimal suka ngelag baik
lagi error atau gimana nih,3,2026-05-05 13:16:26,netral,error gimana nih
ngebugggg lol,1,2026-05-05 13:15:43,negatif,ngebugggg lol
eror g bisa masok di down load lagi juga susah,1,2026-05-05 13:15:11,negatif,eror g masok down load susah
"heran sama apk ini, setiap malam selalu maintenance kadang error juga, padahal kita sangat butuh apk nya, bikin males aja.",1,2026-05-05 13:10:33,negatif,heran apk malam maintenance kadang error butuh apk nya bikin males aja
ok sangat membantu jg banyak kemudahan,5,2026-05-05 13:09:48,positif,ok bantu jg mudah
sering kendala aplikasinya,5,2026-05-05 13:08:59,positif,kendala aplikasi
"eror Mulu ni apk bikin emosi orang lagi genting lunya malah eror, orang kalo eror jadiin maintenance atau apa kek pusing sama ni apk",1,2026-05-05 13:01:50,negatif,eror mulu ni apk bikin emosi orang genting lunya eror orang kalo eror jadiin maintenance kek pusing ni apk
mana bonus 200 saya di suru donlod,5,2026-05-05 12:52:34,positif,bonus suru donlod
nda ush buka bank begini bank tidak jelas,1,2026-05-05 12:49:32,negatif,nda ush buka bank bank
"Spesial bget,program & internalnya lebih fleksibel dipakai,bebas iklan,bug,ataupun lelet,cepat bila dioprasikan & mengakses smua menu2nya. Namun disayangkan pernah juga dipakai terkadang agak"" sulit membukanya pas saat koneksi lagi buruk/kurang bagus,terkadang loadingnya lambat banget dan cuma berputar-putar saja. mungkin cuma hal yang biasa terjadi di apps ini dan yang lain-lainnya sesuai pengalaman transaksi sukses,masukan demi perkembangannya dibenahi seluruh kekurangannya.",5,2026-05-05 12:47:45,positif,spesial bgetprogram internal fleksibel dipakaibebas iklanbugataupun leletcepat dioprasikan akses smua menu sayang pakai terkadang sulit buka pas koneksi burukkurang bagusterkadang loadingnya lambat banget berputarputar apps lainlainnya sesuai alam transaksi suksesmasukan kembang benah kurang
harus pake KTP,1,2026-05-05 12:41:36,negatif,pake ktp
saya gak bisa masuk ke akun saya,4,2026-05-05 12:28:09,positif,gak masuk akun
"baru aja sala sandi 2x udah gak bisa transaksi aja, trus itu terkeluar dari akun seabank nya, udah di adu banding masi aja gak bisa, kayak di persulit, sampai sekarang akun saya masi gak bisa di buka",2,2026-05-05 12:26:42,negatif,aja sala sandi x udah gak transaksi aja trus keluar akun seabank nya udah adu banding mas aja gak kayak sulit akun mas gak buka
"tolong masukan saya untuk di update secepatnya untuk menambahkan kode QRIS untuk MENERIMA UANG tidak hanya kode QR untuk membayar saja, semoga lancar terus",5,2026-05-05 12:20:38,positif,tolong masuk update cepat kode qris terima uang kode qr bayar moga lancar
"terlalu banyak persaratan nya,",1,2026-05-05 12:18:13,negatif,sarat nya
"mudah transaksi tanpa ribet dan tanpa loading, SEA BANK sukes selalu",5,2026-05-05 11:54:54,positif,mudah transaksi ribet loading sea bank sukes
mantap dan mudah dalam bertransaksi,5,2026-05-05 11:47:57,positif,mantap mudah transaksi
Uang kesedot tiba2 tanpa merasa melakukan transaksi,1,2026-05-05 11:45:21,negatif,uang sedot transaksi
"Akun seabank saya tidak bisa login, selalu minta verifikasi KTP sudah beberapa kali verifikasi hanya balik situ sajah keterangan nik sudah terdaftar di seabank lain, padahal aku punya 1 akun aja, bikin nga nyaman seabank ini",1,2026-05-05 11:40:37,negatif,akun seabank login verifikasi ktp kali verifikasi situ sajah terang nik daftar seabank akun aja bikin nga nyaman seabank
udh 5 thn pke seabank joss bgt.,5,2026-05-05 11:33:25,positif,udh thn pke seabank joss bgt
BAGUS,5,2026-05-05 11:33:12,positif,bagus
"saya mendapat kiriman saldo dari teman status terkirim tapi saldo tidak masuk di tempat saya,sudah saya complain sejak tgl 1 Mei tetap tidak ada perubahan sampai 5 Mei, ntah lah kapok saya pakai seabank,sudah saya email ga ada respon",1,2026-05-05 11:20:37,negatif,kirim saldo teman status kirim saldo masuk sayasudah complain tgl mei ubah mei ntah kapok pakai seabanksudah email ga respon
baru coba blm tau pengalamannya,5,2026-05-05 11:19:19,positif,coba blm tau alam
pelayanan nya buruk sekali,1,2026-05-05 11:18:06,negatif,layan nya buruk
terus kembang Banknya dan tetap amanah🙏🙏👍👍👍,5,2026-05-05 11:02:24,positif,kembang bank amanah
kode otp ngak ke kirim2 😤,1,2026-05-05 10:57:25,negatif,kode otp ngak kirim 
Saya suka apk Seabank tarik setor tunai gratis di Indomaret 😍 Terus jadi bank digital terbaik ya Seabank.,5,2026-05-05 10:52:57,positif,suka apk seabank tarik setor tunai gratis indomaret  bank digital baik ya seabank
pemakaian enak gampang,5,2026-05-05 10:42:47,positif,pakai enak gampang
TF kemana aja gratis tapi sayang kalo TF ke dana pasti ada tambahan admin 400 rupiah,4,2026-05-05 10:41:52,positif,tf mana aja gratis sayang kalo tf dana tambah admin rupiah
Sampe saat ini saya merasa puas,5,2026-05-05 10:33:42,positif,sampe puas
suka pakai seabank karena 0 rupiah😄 transfer ke bank lain,5,2026-05-05 10:16:58,positif,suka pakai seabank rupiah transfer bank
"susah veripikasi ktp nya, kamernya s3lalu anehh",1,2026-05-05 10:12:39,negatif,susah veripikasi ktp nya kamernya slalu anehh
cepat enak,5,2026-05-05 10:05:54,positif,cepat enak
"tolong buka blokir akun saya,saya sudah puluhan kali hubungi customer service untuk buka blokir, sudah kirim juga pengaduan via email..tolong dibuka blokirnya akun saya",1,2026-05-05 09:36:02,negatif,tolong buka blokir akun sayasaya puluh kali hubung customer service buka blokir kirim adu via emailtolong buka blokir akun
apa itu transfer group ? dan apa itu bunga pajak,4,2026-05-05 09:25:44,positif,transfer group bunga pajak
Proses pengiriman dananya cepat,5,2026-05-05 09:24:36,positif,proses kirim dana cepat
setujui pinjaman untukku dong🙃,5,2026-05-05 09:21:27,positif,tuju pinjam untuk dong
"gimana ini pak, saya ada pengajuan pembuatan kartu ATM, katanya tolong kirim saldo terakhir anda buat mengisi saldo ATM, dalam waktu 30 menit saldonya akan kembali, TPI ini udah 1 hari malahan, kok masih belum balik balik saldo saya, 200 lebih loh saldo yg saya kirimkan, tolong kerjasamanya pak kalau tidak mau saya laporkan APK seabank ini🙏",5,2026-05-05 09:19:47,positif,gimana aju buat kartu atm tolong kirim saldo isi saldo atm menit saldo tpi udah saldo loh saldo yg kirim tolong kerjasamanya lapor apk seabank ini
"gratis tf ke bank lain,sangat membantu",5,2026-05-05 09:18:11,positif,gratis tf bank lainsangat bantu
Menyala,5,2026-05-05 08:56:49,positif,nyala
Mantap. sangat berguna dengan bunga rendah dan fleksibel,5,2026-05-05 08:46:32,positif,mantap guna bunga rendah fleksibel
bagus lancar,5,2026-05-05 08:22:47,positif,bagus lancar
"kenapa akun saya diblokir sementara secara tiba-tiba,, menghubungi customer selalu d matikan",1,2026-05-05 08:13:16,negatif,akun blokir tibatiba hubung customer d mati
kenapa di aplikaasi seabank pinjam tidak muncul,3,2026-05-05 07:57:51,netral,aplikaasi seabank pinjam muncul
fitur seabank pinjam saya belum ada min,3,2026-05-05 07:52:47,netral,fitur seabank pinjam min
tidak dapat saldo. bohong,1,2026-05-05 07:19:48,negatif,saldo bohong
lebih senang lg kalo non admin alias gratis 🙏,4,2026-05-05 06:46:45,positif,senang lg kalo non admin alias gratis 
"mau bayar pake qris gagal Mulu, apk dongoooooo",1,2026-05-05 06:46:11,negatif,bayar pake qris gagal mulu apk dongoooooo
seabank jelek,1,2026-05-05 06:14:00,negatif,seabank jelek
sedikit kecewa dengan biaya transfer untuk e wallet,3,2026-05-05 06:09:46,netral,kecewa biaya transfer e wallet
minimal kita sering transaksi di buatkan fitur pinjaman mind,5,2026-05-05 05:52:36,positif,minimal transaksi buat fitur pinjam mind
"terimakasih seabank telah membantu saya mempermudah dan saya mendapat kan bonus setiap saya transfer dan transaksi,tpi tanpa ijin saya kenapa trasfer ke shope pay,saya kecewa,bnget",3,2026-05-05 05:02:13,netral,terimakasih seabank bantu mudah bonus transfer transaksitpi ijin trasfer shope paysaya kecewabnget
transfer ke bca blm nerima dananya .dari kmarin dh 2 hari .dihubungi ga di angkat angkat parah email. di blokir,1,2026-05-05 04:50:51,negatif,transfer bca blm nerima dana kmarin dh hubung ga angkat angkat parah email blokir
saya suka pakai seabank walaupun bunganya dikit,5,2026-05-05 04:45:57,positif,suka pakai seabank bunga dikit
very good Bank,5,2026-05-05 04:36:36,positif,very good bank
kenapa selalu ganggu jaringan padahal wifi dan data semua bagus,2,2026-05-05 03:48:07,negatif,ganggu jaring wifi data bagus
bagus sangat bagus pelayanan nya,5,2026-05-05 03:28:07,positif,bagus bagus layan nya
bgusss,5,2026-05-05 03:26:50,positif,bgusss
sangat membantu banget bagi pengguna baru terima kasih seabank🥰,5,2026-05-05 03:25:31,positif,bantu banget guna terima kasih seabank
ga bisa login bolak-balik Mulu mana ada uangnya,1,2026-05-05 03:22:02,negatif,ga login bolakbalik mulu uang
sayangnya di aplikasi nya belum ada seabank pinjaman,4,2026-05-05 03:21:59,positif,sayang aplikasi nya seabank pinjam
kenapa kode otp nya GK masuk² yaa🤦,4,2026-05-05 03:07:35,positif,kode otp nya gk masuk yaa
msi pemula semoga terbaik,3,2026-05-05 03:05:57,netral,msi mula moga baik
"Top harga terjangkau,program & internalnya lebih mudah dipahami,bebas iklan,bug,ataupun lelet,enak ketika dijalankan & mengakses smua fitur2nya. Tapi di sayangkan sering ketika pakai terkadang agak"" sulit membukanya pas saat koneksi lagi buruk / tidak stabil,terkadang loadingnya lambat banget dan cuma berputar-putar saja. mungkin beberapa hal yang biasa terjadi di apps ini dan yg lain-lainnya sesuai pengalaman transaksi sukses,, masukan tuk bagusnya dibenahi tiap permasalahan agar lebih bagus lg",5,2026-05-05 02:51:19,positif,top harga terjangkauprogram internal mudah dipahamibebas iklanbugataupun leletenak jalan akses smua fiturnya sayang pakai terkadang sulit buka pas koneksi buruk stabilterkadang loadingnya lambat banget berputarputar apps yg lainlainnya sesuai alam transaksi sukses masuk tuk bagus benah masalah bagus lg
gampang pakenya dan bagus. lebih bagus lagi kalau seabank pinjamnya udah ada di akun saya. tapi sayang belum ada,5,2026-05-05 02:48:02,positif,gampang pakenya bagus bagus seabank pinjam udah akun sayang
sangat suka dan membantu,5,2026-05-05 02:40:56,positif,suka bantu
lemot,1,2026-05-05 02:21:14,negatif,lot
sangat membantu dalam proses keuangan,5,2026-05-05 02:18:01,positif,bantu proses uang
seabank kerennn mantap bunga kecil👍🏻,5,2026-05-05 01:59:52,positif,seabank kerennn mantap bunga kecil
Transaksi lebih mudah di banding yg lain. mantap,5,2026-05-05 01:58:14,positif,transaksi mudah banding yg mantap
aplikasi nyaman bertransaksi proses tf dan terima exfres,5,2026-05-05 01:49:30,positif,aplikasi nyaman transaksi proses tf terima exfres
"sejauh ini nggk ada masalah pakai seabank,cuma sayang nya nggak ada atm nya&nggak bs bikin Qris nya untuk pedagang seperti saya ini pembayaran Qris&atm itu di perlukan bgt,mksh",5,2026-05-05 01:36:17,positif,nggk pakai seabankcuma sayang nya nggak atm nyanggak bs bikin qris nya dagang bayar qrisatm perlu bgtmksh
"gak ribet ,,transaksi cepat",5,2026-05-05 01:15:24,positif,gak ribet transaksi cepat
"saya nyesel download apk ini, saya sudah punya no rek di akun ini, kemudian saya masukin lagi dengan awalan no telepon dan verifikasi e-ktp, tetapi setelah verifikasi dia tidak mau masuk dan di situ ada uang saya, jadinya uang saya terjebak didalam apk ini dan saya tidak bisa masuk, mohon kerjasamanya trimakasih",1,2026-05-05 01:05:16,negatif,nyesel download apk no rek akun masukin awal no telepon verifikasi ektp verifikasi masuk situ uang uang jebak dalam apk masuk mohon kerjasamanya trimakasih
"bagus,membantu",5,2026-05-05 01:04:51,positif,bagusmembantu
"bagus nyaman, tingkatkan",5,2026-05-05 01:02:17,positif,bagus nyaman tingkat
"sangat membantu untuk ke butuhan sehari"".. transfer antar bank gratis dan TDK besar untuk krim ewalet",5,2026-05-05 01:02:14,positif,bantu butuh hari transfer bank gratis tdk krim ewalet
"hati hati ya kawan, aplikasi ini tidak bisa dipercaya. saya melakukan transfer tidak terkirim sampai 3 hari kerja, di hubungi cuma berputar putar di email. saya menjadi pengemis uang saya sendiri di aplikasi ini, ruwet gak ada solusi",1,2026-05-05 00:30:39,negatif,hati hati ya kawan aplikasi percaya transfer kirim kerja hubung putar putar email emis uang aplikasi ruwet gak solusi
awalnya dipakai 2 Minggu lancar pas loging tadi malam tidk' bisa digunakan didalamnya aplikasi seperti transfer dll tidk' bisa dibuka.. digeser kebawah pun tidk' bisa.. ada yang sama,2,2026-05-05 00:22:41,negatif,pakai minggu lancar pas loging malam tidk dalam aplikasi transfer dll tidk buka geser bawah tidk
Transaksi Lebih Cepat,5,2026-05-05 00:17:49,positif,transaksi cepat
Tolong adakan otp lewat whatapp,5,2026-05-04 23:37:56,positif,tolong adakan otp whatapp
tiap hari ada tambah rupiah min.. mantap,5,2026-05-04 23:24:12,positif,rupiah min mantap
"overall udh sangat bagus, namun sayang sekali blm ada fitur sidik jari saat melakukan transaksi seperti sopipay. Semoga secepatnya diadakan fitur itu",4,2026-05-04 22:13:23,positif,overall udh bagus sayang blm fitur sidik jari transaksi sopipay moga cepat ada fitur
tidak bisa mengajukan pinjaman,5,2026-05-04 21:28:29,positif,aju pinjam
penipu,1,2026-05-04 21:20:07,negatif,tipu
apa apa di blokir orng aman aman aja akun ku eh di blokir apasi maunya,1,2026-05-04 20:15:25,negatif,blokir orng aman aman aja akun ku eh blokir apas mau
transfer nd tarik tunai cepat,3,2026-05-04 20:01:01,netral,transfer nd tarik tunai cepat
"tolong respon cepet dong , isi e-toll 300 k gak masuk .. chat cs 3 kali blm di respon .. mana jam 2 pagi .. urgent ini !",2,2026-05-04 19:27:54,negatif,tolong respon cepet isi etoll k gak masuk chat cs kali blm respon jam pagi urgent
katanya dapat saldo 200 rbu nyatanya hoax,2,2026-05-04 18:29:05,negatif,saldo rbu hoax
sangat terpercaya,5,2026-05-04 18:25:44,positif,percaya
seapinjam sya blm ada fitur nya,5,2026-05-04 18:12:26,positif,seapinjam sya blm fitur nya
tolong berikan penjelasan seorang tf ke akun seabank saya..sebanyak 100rb...koq yg saya terima 93500.. yang 6500 kemana ??,1,2026-05-04 17:58:12,negatif,tolong jelas tf akun seabank sayasebanyak rbkoq yg terima mana
Sistem pelayanan sangat cepat dan memuaskan,5,2026-05-04 17:57:32,positif,sistem layan cepat muas
Makin ga jelas aplikasinya,1,2026-05-04 17:55:10,negatif,ga aplikasi
"tiba tiba gabisa dibuka, saldo nya juga gak ke update, padahal habis dapet pengembalian dana dari shopee, entah gak ke update atau emang ilang diambil pihal seabank, tolong dong dibenerin bikin panik!!!",1,2026-05-04 17:23:12,negatif,gabisa buka saldo nya gak update habis dapet kembali dana shopee gak update emang ilang ambil pihal seabank tolong dibenerin bikin panik
"seabank buat transfer ke Ewalet ko eror,,,ini kenapa?!!!!!!!!!!!!jangan bikin kesel dong",1,2026-05-04 17:19:39,negatif,seabank transfer ewalet ko erorini kenapajangan bikin kesel
aplikasi gaguna. lg event 5.5 malah maintenance kocak,1,2026-05-04 17:16:52,negatif,aplikasi gaguna lg event maintenance kocak
perbankan di genggaman,5,2026-05-04 17:15:58,positif,perban genggam
Tambahi fitur menarik lagi...dan promo2 lemooit,3,2026-05-04 17:15:50,netral,tambah fitur tarik lagidan promo lemooit
makin kesini makin jelek,1,2026-05-04 17:13:44,negatif,kesini jelek
sangat cocok,3,2026-05-04 17:10:53,netral,cocok
gampang dan bagus dtingktkn lagi. biar ada pijaman ny kaya dana payleter,5,2026-05-04 16:34:08,positif,gampang bagus dtingktkn biar pijaman ny kaya dana payleter
kok sy gk bs login (AE-1201) gtu,1,2026-05-04 16:25:56,negatif,sy gk bs login ae gtu
bintang 2 lah seabnk pinjam aj gk ad tolong acc seabnk pinjam bru bintang 5,2,2026-05-04 15:51:47,negatif,bintang seabnk pinjam aj gk ad tolong acc seabnk pinjam bru bintang
"aplikasi mendadak tidak bisa dibuka ,padahal sinyal bagus",1,2026-05-04 15:51:47,negatif,aplikasi dadak buka sinyal bagus
"customer service nya profesional sekali salutt, sabar nanggepin banyak pertanyaan dari saya, intinya ini apk dengan pelayanan terbaik yang pernah ku gunain, bestt.",5,2026-05-04 15:37:20,positif,customer service nya profesional salutt sabar nanggepin inti apk layan baik ku gunain bestt
baguss mudah dan aman,4,2026-05-04 15:32:12,positif,baguss mudah aman
sangat suki,5,2026-05-04 15:30:56,positif,suki
semoga pengajuan pinjamn di acc...,5,2026-05-04 15:28:48,positif,moga aju pinjamn acc
"bagus sekali, mantab, dan apk nya ringan",5,2026-05-04 15:14:30,positif,bagus mantab apk nya ringan
kendala transaksi pakai Qris berhasil saldo terpoting tapi pembayaran ke toko nya tidak masuk...al hasil tetep bayar cash dan saldo tidak balik lagi,3,2026-05-04 15:03:45,netral,kendala transaksi pakai qris hasil saldo terpoting bayar toko nya masukal hasil tetep bayar cash saldo
seru bebas biaya admin,5,2026-05-04 14:49:08,positif,seru bebas biaya admin
"gimana si ini, saldo tiba tiba hilang padahal mutasi uang keluar gaada, trs klo di isi ulang gada masuk cuma notifikasi doang yg masuk hadehhh kecewa bgt",1,2026-05-04 14:31:08,negatif,gimana si saldo hilang mutasi uang gaada trs klo isi ulang gada masuk notifikasi doang yg masuk hadehhh kecewa bgt
"transaksi token selalu gagal, tidak disarankan untuk beli token listrik karena tidak ada tanggung jawab dari pihak aplikasi, admin juga tidak bisa memberikan solusi yang baik jadi hilang token 100rb",3,2026-05-04 14:29:36,netral,transaksi token gagal saran beli token listrik tanggung aplikasi admin solusi hilang token rb
bagus.tapi sayang saya gak ada fitur seabank pinjam nya,5,2026-05-04 14:26:43,positif,bagustapi sayang gak fitur seabank pinjam nya
transaksinya lancar dan cepat,5,2026-05-04 14:04:29,positif,transaksi lancar cepat
aku kasih bintang 3.karna ada pembatasan limit.,3,2026-05-04 13:53:15,netral,kasih bintang karna batas limit
akun bank bisa di tutup karna alasan ada transaksi gelap,1,2026-05-04 13:35:27,negatif,akun bank tutup karna alas transaksi gelap
mudah digunakandan jelas,5,2026-05-04 13:28:41,positif,mudah digunakandan
tanpa pending,4,2026-05-04 12:37:17,positif,pending
Aplikasi membingungkan mau login aja susah...masukn pin udah nomor KTP udah pripikadi wajah udah tapi GK bisa masuk harus cat..atau telpon MMM ribet,1,2026-05-04 12:28:53,negatif,aplikasi bingung login aja susahmasukn pin udah nomor ktp udah pripikadi wajah udah gk masuk catatau telpon mmm ribet
bagus pelayanan nya,5,2026-05-04 12:14:36,positif,bagus layan nya
saya pengguna lama seabank namun sampai detik ini tidak mendapatkan pinjaman pada saya padahal saya bertransaksi terus melalui seabank namun tidak mendapatkan penawaran pinjaman,1,2026-05-04 12:05:20,negatif,guna seabank detik pinjam transaksi seabank tawar pinjam
min gmna cara nya fitur seabank pinjam itu muncul di aplikasi,4,2026-05-04 11:43:13,positif,min gmna nya fitur seabank pinjam muncul aplikasi
aplikasi sangat bermanfaat,5,2026-05-04 11:38:55,positif,aplikasi manfaat
sangat membantu untuk transaksi,5,2026-05-04 11:33:22,positif,bantu transaksi
"HATI HATI YANG PAKAI SEABANK ... WASPADA HATI HATI .. REAL FIX 100% Seabank makin gak jelas,, SAYA ISI SALDO LEWAT GOPAY 62.400 , BIASA NYA TANPA KENDALA ,, TP KEMARIN TRANSFER DARI GOPAY KE SEABANK ,, SALDO BERHASIL TERKIRIM , NAMUN SALDO DI SEABANK TIDAK BERTAMBAH , BIKIN LAPORAN MALAH , LEMPAR SANA LEMPAR SINI ,, NGERI NGERI ... CUMA 62.400 DI EMBAT JUGA ,, PARAH 100% UNISTAL ... BLACKLIST",1,2026-05-04 11:24:41,negatif,hati hati pakai seabank waspada hati hati real fix seabank gak isi saldo gopay nya kendala tp kemarin transfer gopay seabank saldo hasil kirim saldo seabank tambah bikin lapor lempar lempar ngeri ngeri embat parah unistal blacklist
selama ini aku pakai sea bank nyaman transaksi mudah,5,2026-05-04 11:17:07,positif,pakai sea bank nyaman transaksi mudah
terbaik tanpa admin,5,2026-05-04 11:01:16,positif,baik admin
"ganti nomer aja susah, akun akun sendiri, mau masuk aja susah amat, buat apaan ada perifikasi wajah kalo di bikin ribet. gak mutu",1,2026-05-04 10:55:28,negatif,ganti nomer aja susah akun akun masuk aja susah perifikasi wajah kalo bikin ribet gak mutu
lanc,4,2026-05-04 10:51:00,positif,lanc
Ok mantap,5,2026-05-04 10:50:39,positif,ok mantap
ini kenapa saya tiba2 GK bisa pencairan ya ?? padahal saya sudah lunasin 2 bulan lalu,4,2026-05-04 10:38:34,positif,gk cair ya lunasin
bagusa,5,2026-05-04 10:31:16,positif,bagusa
ok mantuL,5,2026-05-04 10:22:44,positif,ok mantul
kenapa gw mau login ke seabank gabisa ?,1,2026-05-04 10:03:29,negatif,gw login seabank gabisa
"saldo hilang, call center susah di hubungi lambat gajelas aplikasi sampah",1,2026-05-04 09:40:18,negatif,saldo hilang call center susah hubung lambat gajelas aplikasi sampah
"TERIMAKASIH BANYAK SEABANK , SELAIN GRATIS TRANSFER KEMANA SAJA , DAPAT BUNGA HARIAN DARI SALDO , PINJAMAN DANA DARURAT YG RELATIF SANGAT C3PAT CAIR DAN BUNGA NYA SANGATT SANGATTT TERJANGKAU DIBANDING PINJOL LAINNYA. . TERIMAKASIH BANYAKKK LOVE LOVE 👌👌👌👌👌👍👍👍👍JANGAN RAGU PAKAI SEABANKKK",5,2026-05-04 08:51:49,positif,terimakasih seabank gratis transfer mana bunga hari saldo pinjam dana darurat yg relatif cpat cair bunga nya sangatt sangattt jangkau banding pinjol terimakasih banyakkk love love jangan ragu pakai seabankkk
beli token listrik dari seabank kode token ga keluar aneh di suruh nunggu 1 hari buat kode token doang,1,2026-05-04 08:47:17,negatif,beli token listrik seabank kode token ga aneh suruh nunggu kode token doang
bgus sekali dan mudah,5,2026-05-04 08:39:57,positif,bgus mudah
"tau² logout,mau login lagi ga bisa,muter2 verifikasi e ktp terus rp ga bisa login",2,2026-05-04 08:32:27,negatif,tau logoutmau login ga bisamuter verifikasi e ktp rp ga login
Cara trf dan bertransaksi yg mudah.. Ada kuota gratis trf antar bank.. Mantab,5,2026-05-04 08:09:38,positif,trf transaksi yg mudah kuota gratis trf bank mantab
"Ini seabank kenapa dah? pengguna udah terverifikasi ktp no telfon yang sama, terus mau login tiba"" akun nya ga ada? heran banget teruntuk pihak seabank indonesia mohon di perbaiki sistem bug gjls!!",1,2026-05-04 07:48:22,negatif,seabank dah guna udah verifikasi ktp no telfon login akun nya ga heran banget untuk seabank indonesia mohon baik sistem bug gjls
mantap pake seabank lebih mudah,5,2026-05-04 07:45:32,positif,mantap pake seabank mudah
sangat bagus 👍👍👍👍👍,5,2026-05-04 07:16:36,positif,bagus 
selama pemakaian alhamdulillah aman sih. mungkin bisa diupdate jd ada fitur kantong-kantong terpisah gitu (saran),5,2026-05-04 07:11:04,positif,pakai alhamdulillah aman sih diupdate jd fitur kantongkantong pisah gitu saran
semoga bermanfaat bekerja sama dengan baik,5,2026-05-04 06:57:26,positif,moga manfaat
"mantap banget, transaksi mudah",5,2026-05-04 06:51:50,positif,mantap banget transaksi mudah
Transfer berkali kali gratis,5,2026-05-04 06:38:29,positif,transfer kali kali gratis
Aplikasi yang sangat bagus untuk pembayaran dan menyimpan uang di seabank Mantap😊,5,2026-05-04 06:20:05,positif,aplikasi bagus bayar simpan uang seabank mantap
penyediaan pinjaman pilih kasih,2,2026-05-04 06:08:09,negatif,sedia pinjam pilih kasih
great application. love it!,5,2026-05-04 05:57:55,positif,great application love it
"saya belum mencoba,kasih bintang 4 dulu,semoga berkah",4,2026-05-04 05:35:26,positif,mencobakasih bintang dulusemoga berkah
kecewa banget dengan pelayanan Seabank ini saya melakukan transfer sampai 5hari kerja belum juga di proses dan setelah saya melakukan via telepon ke cs panjang lebar saya ulang sebutkan data eeeh ujung ujungnya disuruh nunggu 5hari kerja lagi padaha transfer tersebut untuk angsuran cicilan. tolong tanggapi di sini yang merasa Seabank masih bagus pelayanannya,1,2026-05-04 05:32:40,negatif,kecewa banget layan seabank transfer kerja proses via telepon cs lebar ulang sebut data eeeh ujung ujung suruh nunggu kerja padaha transfer angsur cicil tolong tanggap seabank bagus layan
"Lumayan Lah Recommended Buat Kemana"" Bayar Pakem Qris dg Pakem Hp Doang Di tahun 2026 Era Digital",5,2026-05-04 05:31:19,positif,lumayan recommended mana bayar pakem qris dg pakem hp doang era digital
bagus seperti dibank,5,2026-05-04 04:39:59,positif,bagus bank
daftarnya makin ribet,3,2026-05-04 04:39:00,netral,daftar ribet
terimakasih😁,5,2026-05-04 04:38:02,positif,terimakasih
puas banget dengan seabank,5,2026-05-04 04:02:12,positif,puas banget seabank
sangat mudah dan nyaman,4,2026-05-04 03:43:42,positif,mudah nyaman
"Bagus sih, tapi tiba2 sesi login habis padahal masih ada aktifitas (tf grub) udah di pertengahan setting udah capek2 input satu rekening malah ke logout",3,2026-05-04 03:38:56,netral,bagus sih sesi login habis aktifitas tf grub udah tengah setting udah capek input rekening logout
"TF Prabayar, semoga bisa gratis ke All",5,2026-05-04 03:17:23,positif,tf prabayar moga gratis all
"Terbaik!!! oke juga harga,terjangkau.programnya & internalnya lebih bekerja dgn baik,bebas iklan,bug,ataupun lelet,cepatlah ketika dijalankan & mengakses smua menu2nya. Tapi di sayangkan sering ketika dipakai terkadang agak"" sulit membukanya pas saat koneksi lagi buruk / tidak stabil, terkadang loadingnya lambat banget dan cuma berputar-putar saja. mungkin cuma hal yang biasa terjadi di apps ini dan yang lain-lainnya sesuai pengalaman transaksi sukses,masukan tuk bagusnya dibenahi segalanya.",5,2026-05-04 03:06:59,positif,baik oke hargaterjangkauprogramnya internal dgn baikbebas iklanbugataupun leletcepatlah jalan akses smua menu sayang pakai terkadang sulit buka pas koneksi buruk stabil terkadang loadingnya lambat banget berputarputar apps lainlainnya sesuai alam transaksi suksesmasukan tuk bagus benah
Mantap dan lancar dalam transaksi,5,2026-05-04 03:01:28,positif,mantap lancar transaksi
susah banget dapetin kode OTP,1,2026-05-04 02:59:50,negatif,susah banget dapetin kode otp
membantu pengusaha kecil yang harus belanja TF dan selalu dibebankan admin... di seabankmah gratis admin euy,5,2026-05-04 02:58:03,positif,bantu usaha belanja tf beban admin seabankmah gratis admin euy
Terbaikk,5,2026-05-04 02:40:49,positif,terbaikk
bagus bgt buat transfer dan simpan uang,5,2026-05-04 02:39:20,positif,bagus bgt transfer simpan uang
"saya transaksi tiap di bulan seabank bisa sampe di angka 100jt/bln, tapi yang bikin saya kecewa kenapa layanan seabank pinjam saya gak pernah di acc?",4,2026-05-04 02:26:30,positif,transaksi seabank sampe angka jtbln bikin kecewa layan seabank pinjam gak acc
"saya pakai seabank untuk pembelian token,diberitahukan bahwa pembayaran tagihan sedang diproses dan akan berjalan kurang dari 5 mnit,namun sudah ditunggu 1 jam tidak ada kelanjutan,masih stuck di proses pembayaran,saldo sudah kepotong juga",1,2026-05-04 02:03:34,negatif,pakai seabank beli tokendiberitahukan bayar tagih proses jalan mnitnamun tunggu jam kelanjutanmasih stuck proses pembayaransaldo potong
jos pokoknya di banyakin diskonnya,5,2026-05-04 01:49:17,positif,jos pokok banyakin diskon
SeaBank memang ok,5,2026-05-04 01:39:47,positif,seabank ok
"halo min, saran saja untuk nasabah bisa mencetak kartu SeaBanknya untuk mempermudah transaksi seperti bank digital lainnya dn tentu kartunya bisa pembayaran dg tempel kartu",5,2026-05-04 00:36:25,positif,halo min saran nasabah cetak kartu seabanknya mudah transaksi bank digital dn kartu bayar dg tempel kartu
sangat bagus membantu,5,2026-05-04 00:35:41,positif,bagus bantu
bagus bgtt membantu utk tf ke bank lain ngk ada admin nya,5,2026-05-04 00:31:10,positif,bagus bgtt bantu utk tf bank ngk admin nya
yg terbaik,5,2026-05-04 00:19:05,positif,yg baik
ini knapa seabank saya gabisa dibuka,5,2026-05-03 22:55:51,positif,knapa seabank gabisa buka
limat yg cukup besar,5,2026-05-03 22:37:01,positif,limat yg
Hobi nabung,5,2026-05-03 22:34:47,positif,hobi nabung
sangat memuaskan dan nyaman,5,2026-05-03 21:54:35,positif,muas nyaman
"sangat mudah,murah dan praktis sekali ..👌",5,2026-05-03 21:44:46,positif,mudahmurah praktis 
gwe udh puluhan juta transaksi gk juga dpat pinjam kocak banget ajing,1,2026-05-03 21:42:50,negatif,gwe udh puluh juta transaksi gk dpat pinjam kocak banget ajing
tolong kasih seabank pinjam nya segera di aktifkan punya saya,5,2026-05-03 21:41:05,positif,tolong kasih seabank pinjam nya aktif
bagus sat set,5,2026-05-03 21:39:53,positif,bagus sat set
100% aman,5,2026-05-03 21:27:29,positif,aman
sangat penting sekali,5,2026-05-03 21:13:34,positif,
saya sangat terbantu dengan seabank terima kasih seabank,5,2026-05-03 21:03:57,positif,bantu seabank terima kasih seabank
nabung di seabank aman dan terjamin di OJK jangan takut kalo mau nabung di seabank,5,2026-05-03 20:37:00,positif,nabung seabank aman jamin ojk takut kalo nabung seabank
sangat membantu saya untuk Bertransaksi,5,2026-05-03 19:14:06,positif,bantu transaksi
mantap.dan lancar,5,2026-05-03 19:01:18,positif,mantapdan lancar
bisa,5,2026-05-03 18:29:34,positif,
puas dengan layanan nya simple dan GK banyak admin bank nya gratisss ...semua nya,5,2026-05-03 18:06:48,positif,puas layan nya simple gk admin bank nya gratisss nya
BAGUSS BANGETT,5,2026-05-03 18:01:52,positif,baguss bangett
"sedikit masukan buat tim,, perbanyak lagi fiturnya untuk programnya & internalnya lebih bekerja dgn baik,bebas iklan,bug,ataupun lelet. cepatlah ketika dijalankan. Tapi di sayangkan pernah juga dipakai terkadang agak"" sulit membukanya pas saat koneksi lagi buruk / tidak stabil, terkadang loadingnya lambat banget dan cuma berputar-putar saja. mungkin cuma hal yang biasa terjadi di apps ini dan yang lain-lainnya sesuai pengalaman transaksi sukses,masukan tuk bagusnya di benahi oke-septiani",5,2026-05-03 17:31:22,positif,masuk tim banyak fiturnya program internal dgn baikbebas iklanbugataupun lelet cepat jalan sayang pakai terkadang sulit buka pas koneksi buruk stabil terkadang loadingnya lambat banget berputarputar apps lainlainnya sesuai alam transaksi suksesmasukan tuk bagus benah okeseptiani
Bagus buat TF,5,2026-05-03 16:58:21,positif,bagus tf
belum ada menu pinjaman nya,5,2026-05-03 16:19:35,positif,menu pinjam nya
sanagt mudah,5,2026-05-03 16:06:51,positif,sanagt mudah
layanan buruk mau cari akun aja susuh buat cet tukang serpis nya layan nya tidak bagus,1,2026-05-03 15:46:45,negatif,layan buruk cari akun aja susuh cet tukang serpis nya layan nya bagus
luar biasa selamat menikmatinya,5,2026-05-03 15:29:32,positif,selamat nikmat
salah kirim bagaimana cara mengembalikan saldo,5,2026-05-03 15:05:34,positif,salah kirim kembali saldo
luar biasaa mempermudah segalanya,5,2026-05-03 14:50:07,positif,biasaa mudah
good like mass brooo buka rekening GX ribet jadi serba praktiss,5,2026-05-03 14:44:55,positif,good like mass brooo buka rekening gx ribet serba praktiss
aplikasi nya bagus banget,5,2026-05-03 14:23:38,positif,aplikasi nya bagus banget
keren... tiap hri dpet tmbhan uang.. nex lebih gede lgi y tmbhan y🤭🤭☺☺,5,2026-05-03 14:20:33,positif,keren hri dpet tmbhan uang nex gede lgi y tmbhan y
sea bank terbaik sepanjang masa,5,2026-05-03 14:06:22,positif,sea bank baik
simpel dan berguna,5,2026-05-03 13:35:22,positif,simpel guna
seabank sangat membantu,5,2026-05-03 13:28:43,positif,seabank bantu
saya suka melakukan transaksi disini sudah banyak transaksi tidak lelet sama sekali dan satu hal yang saya pertanyakan kenapa seabank pinjam saya tidak muncul itu saja terimakasih,5,2026-05-03 13:19:21,positif,suka transaksi transaksi lelet seabank pinjam muncul terimakasih
seabank sanget berguna,5,2026-05-03 12:59:30,positif,seabank sanget guna
simpel praktis,5,2026-05-03 12:57:40,positif,simpel praktis
Saya merasa sangat senang dengan adanya aplikasi SeaBank ini🥰 Terimakasih🙏🏻🙏🏻,5,2026-05-03 12:55:54,positif,senang aplikasi seabank ini terimakasih
"sampe saat ini belum ada keluhan, keren",5,2026-05-03 12:52:11,positif,sampe keluh keren
cpt aman mantap,5,2026-05-03 12:34:16,positif,cpt aman mantap
"di iklan daftar di seabank, dapat saldo 200k, tapi pas daftar kok ga ada",2,2026-05-03 12:11:07,negatif,iklan daftar seabank saldo k pas daftar ga
"kenapa aplikasi seabank sering gangguan, lagi gak uang malah top up gopay gak masuk². sedang di proses",1,2026-05-03 11:58:58,negatif,aplikasi seabank ganggu gak uang top up gopay gak masuk proses
ngebug. kagak bisa login harusnya e ktp sudah terdaftar tetapi pas login setelah berhasil pin malah suruh daftar e ktp lagi. dahlah🫩,1,2026-05-03 11:51:40,negatif,ngebug kagak login e ktp daftar pas login hasil pin suruh daftar e ktp dah
sangat membantu dn lebih efisien,5,2026-05-03 11:39:44,positif,bantu dn efisien
"bagus,lancar..hanya saja kdang suka loading agak lama ketika jaringan tidak bagus .. juga kenapa setelah lumayan lama simpan unag dn gunakan untuk transaksi bunga simpan nya gk bertambah 😄😄😄",5,2026-05-03 11:35:50,positif,baguslancarhanya kdang suka loading jaring bagus lumayan simpan unag dn transaksi bunga simpan nya gk tambah 
simple sangat membantu,5,2026-05-03 11:33:04,positif,simple bantu
berguna banget aplikasi ini,5,2026-05-03 11:28:42,positif,guna banget aplikasi
"tf cepat, setiap uang yg kita tabung ada bunga dan cair tiap hari, terlindungi oleh ojk good job bgt pokoknya",5,2026-05-03 11:11:26,positif,tf cepat uang yg tabung bunga cair lindung ojk good job bgt pokok
sangat membantu terimakasih,5,2026-05-03 10:07:01,positif,bantu terimakasih
Akun nya ga bisa di buka,5,2026-05-03 09:45:07,positif,akun nya ga buka
apk recomend top,5,2026-05-03 09:37:09,positif,apk recomend top
bagus sih mempermudah tpi syang nya fitur spinjam nya tidak ada padahal sangat membantu,3,2026-05-03 09:32:50,netral,bagus sih mudah tpi syang nya fitur spinjam nya bantu
lebih mudah dalam pembeliannya,3,2026-05-03 08:57:50,netral,mudah beli
Sangat Memuaskan Apalgi Di Tambah Ada Pinjaman Bunga Nya Rendah Sekses Selalu SeaBank,5,2026-05-03 08:56:52,positif,muas apalgi pinjam bunga nya rendah sekses seabank
gak ada fitur pinjaman,5,2026-05-03 08:41:03,positif,gak fitur pinjam
katanya akun baru dapet 200k tapi blom masuk juga tu uangnya,1,2026-05-03 08:38:11,negatif,akun dapet k blom masuk tu uang
"pelayanan buruk, biasa lancar2 aja skrg ribet. besok2 saya gamau pake lagi",1,2026-05-03 08:29:47,negatif,layan buruk lancar aja skrg ribet besok gamau pake
pling best,5,2026-05-03 08:26:41,positif,pling best
"keren bunga hariannya, makasih seabank",5,2026-05-03 08:25:38,positif,keren bunga hari makasih seabank
mantap untuk menabung,5,2026-05-03 08:11:57,positif,mantap tabung
"sangar enjoy untuk pemakaian, fiturnya mudah di pahami",5,2026-05-03 08:05:43,positif,sangar enjoy pakai fiturnya mudah paham
"sukses slaluh Seabank,. mantap, kreen semua urusan ttaseper atupun toab menjadi Gapang semua.",5,2026-05-03 08:05:35,positif,sukses slaluh seabank mantap kreen urus ttaseper atupun toab gapang
nlm dpt saldo 200000 nya,5,2026-05-03 07:29:58,positif,nlm dpt saldo nya
bertahun2 pakai seabank tapi g pernah muncul seapinjam nya sama sekali padahal transaksi lancar mulu,1,2026-05-03 07:26:27,negatif,tahun pakai seabank g muncul seapinjam nya transaksi lancar mulu
Baik,5,2026-05-03 07:22:53,positif,
oke baguss,5,2026-05-03 07:08:42,positif,oke baguss
Kalo bisa buka pinjaman buat nasabah 🙏,3,2026-05-03 07:01:09,netral,kalo buka pinjam nasabah 
aktifkan fitur seabank pinjam ka butuh banget soalnya trimaksih,5,2026-05-03 06:52:37,positif,aktif fitur seabank pinjam ka butuh banget trimaksih
pertahankan pelayanan aplikasi yang seperti ini,5,2026-05-03 06:43:10,positif,tahan layan aplikasi
"saya sudah download seabank,kenapa setiap saya buka aplikasinya, selalu dibilang masukkan paswordnya,trus saya masukkan password di bilang pasword salah,mana salah paswordku, sementara paswordku udah say tulis di buku , bagaimana ini",1,2026-05-03 06:40:08,negatif,download seabankkenapa buka aplikasi bilang masuk paswordnyatrus masuk password bilang pasword salahmana salah paswordku paswordku udah say tulis buku
sangat puas dengan aplikasi ini,5,2026-05-03 06:38:12,positif,puas aplikasi
gratis,4,2026-05-03 05:05:40,positif,gratis
Sangat Bagus Banget Membantu,5,2026-05-03 05:01:25,positif,bagus banget bantu
okelah👍,5,2026-05-03 04:48:55,positif,oke
katanya anggota baru dapet bonus 200 mn gk ada gk sesuai,1,2026-05-03 04:18:11,negatif,anggota dapet bonus mn gk gk sesuai
sudah seminggu lebih mau masuk ke aplikasi SeaBank nya akun kamu dibatasi untuk alasan keamanan. gmna sih login nya capek bgt,1,2026-05-03 04:05:45,negatif,minggu masuk aplikasi seabank nya akun batas alas aman gmna sih login nya capek bgt
"MANTAP, TERBAIK 👍",5,2026-05-03 03:28:52,positif,mantap baik 
"kurang respect sekarang, kenapa pengajuan selalu ditolak padahal pembayaran gapernah nunggak, dan gaada peminjaman lain😀",3,2026-05-03 03:23:46,netral,respect aju tolak bayar gapernah nunggak gaada pinjam lain
gila data udh bner smua. akun tr block. alesanya data ga sesuai.,1,2026-05-03 03:19:35,negatif,gila data udh bner smua akun tr block alesanya data ga sesuai
"4 bintang dulu,.belum di coba masalahnya🤣🤣🤣",4,2026-05-03 03:14:42,positif,bintang dulubelum coba masalah
bagus bangettt,5,2026-05-03 03:01:57,positif,bagus bangettt
tolong ya seabank pengajuan saya di approve...mengajukan peminjaman selalu berhasil...sekarang gak bisa ...karena dulu aku langsung melunasi semua cicilan...ini sudah 4x pengajuan lo,3,2026-05-03 02:38:19,netral,tolong ya seabank aju approvemengajukan pinjam berhasilsekarang gak langsung lunas cicilanini x aju lo
saya senank mengunakan aplikasi sebank,5,2026-05-03 02:28:03,positif,senank mengunakan aplikasi bank
sangaat menyenangkan pakek seabank terpercaya,5,2026-05-03 01:42:09,positif,sangaat senang pakek seabank percaya
kurang diromendasikan saya semalam hilang saldo dan saya tidak merasa transfer ke bank mana pun tapi tiba-tiba saldo saya berkurang sendiri tanpa ada notif pemberitahuan transaksi,1,2026-05-03 00:44:42,negatif,diromendasikan malam hilang saldo transfer bank tibatiba saldo kurang notif pemberitahuan transaksi
"aplikasi seabank sangat penting untuk kegiatan kegunaan dalam segi perbankan, semoga semakin jaya selalu dan semakin sukses. sangat mudah untuk digunakan dan sangat efisien. seabank sangat penting untuk direkomendasikan untuk digunakan banyak orang. terimakasih 🙏",5,2026-05-03 00:24:49,positif,aplikasi seabank giat guna segi perban moga jaya sukses mudah efisien seabank rekomendasi orang terimakasih 
lebih mudah pembayaran,5,2026-05-03 00:21:47,positif,mudah bayar
sengaja kasih bintang 5 biar d baca saya sdah lama pakai seabank dan transaksi lancar knpa pengajuan pijaman d tolak trus,5,2026-05-02 22:22:23,positif,sengaja kasih bintang biar d baca sdah pakai seabank transaksi lancar knpa aju pijaman d tolak trus
kebanyakan pending,1,2026-05-02 22:12:03,negatif,banyak pending
kenap saya tidak bisa mendonlotdibengneri tqhu saya haru apa yang saya lakuakat agar bisa mendollot sibeng,2,2026-05-02 21:49:31,negatif,kenap mendonlotdibengneri tqhu haru lakuakat mendollot sibeng
Aplikasi nya bagus rekomendasi banget bunga deposito nya juga tinggi aman lagi sukses terus buat Sea bank,5,2026-05-02 20:56:14,positif,aplikasi nya bagus rekomendasi banget bunga deposito nya aman sukses sea bank
ya aju,5,2026-05-02 20:51:51,positif,ya aju
sistem pembayaran dan keuangan digital seabank sangat mudah di gunakan dan aman,5,2026-05-02 19:07:15,positif,sistem bayar uang digital seabank mudah aman
semenjak di update sering eror susah masuk padahal data aman2 aja keterangan katanya tidak ada sinyal padahal buat buka apk lain nya aman aja. terus fitur pinjaman tidak muncul2 padahal tyap bulan sdh sering transaksi. jgn instal apk ini klo g mau manyesal.,1,2026-05-02 17:55:54,negatif,semenjak update eror susah masuk data aman aja terang sinyal buka apk nya aman aja fitur pinjam muncul tyap sdh transaksi jgn instal apk klo g manyesal
jos jis,5,2026-05-02 17:49:28,positif,jos jis
seabank memang terpercaya,5,2026-05-02 17:22:42,positif,seabank percaya
hati2 bank maling tlpon cs gak ada solusi di berikan info palsu,1,2026-05-02 17:04:20,negatif,hati bank maling tlpon cs gak solusi info palsu
"parah seabank gk tanggung jawab atas penipuan mengatas namakan seabank saya jadi korban, kalo bisa jgn pake seabank sebelum jd korban",1,2026-05-02 16:41:23,negatif,parah seabank gk tanggung tipu atas nama seabank korban kalo jgn pake seabank jd korban
cocok.,5,2026-05-02 16:27:21,positif,cocok
mantap menggunakan SeaBank. transaksi jd serba mudah.,5,2026-05-02 16:04:21,positif,mantap seabank transaksi jd serba mudah
seabank luarrrrr bisa,5,2026-05-02 15:16:13,positif,seabank luarrrrr
seabank akhir2 ini. sering blokir tanpa sebab. proses susah buat. ajuan. saldo di seabank jutaan. tpi akun ga bisa login ayu seabank perbaiki ini semua,3,2026-05-02 14:54:41,netral,seabank blokir proses susah aju saldo seabank juta tpi akun ga login ayu seabank baik
allekasi sangat membantu cara login ya oke ga kaya bank yang umum ya kalo sudah login gampang ga kaya yang bank yang lain udah salah sekali aga susah masuk,5,2026-05-02 14:53:40,positif,allekasi bantu login ya oke ga kaya bank ya kalo login gampang ga kaya bank udah salah aga susah masuk
sangat bagha,5,2026-05-02 14:15:49,positif,bagha
seapinjam nya gk ada,5,2026-05-02 14:14:32,positif,seapinjam nya gk
seabank mudah dan aman,5,2026-05-02 14:08:55,positif,seabank mudah aman
Kenapa gak bisa transfer ke aplikasi dana???,1,2026-05-02 13:38:29,negatif,gak transfer aplikasi dana
buka rek kok susah dg pinjaman,5,2026-05-02 13:01:17,positif,buka rek susah dg pinjam
baru download langsung di blokir kan ajj,1,2026-05-02 12:59:03,negatif,download langsung blokir ajj
bagus dan suka dengan aplikasi ini☺️,5,2026-05-02 12:56:47,positif,bagus suka aplikasi ini
Tolong aktifkan fitur pinjaman saya kakak,5,2026-05-02 12:51:49,positif,tolong aktif fitur pinjam kakak
sangat cocok untuk saya. dan sangat membantu sekali,5,2026-05-02 12:51:31,positif,cocok bantu
baik sangat membantu transaksi,5,2026-05-02 12:49:08,positif,bantu transaksi
sea bank sekarang sudah sulit di instal,1,2026-05-02 12:29:20,negatif,sea bank sulit instal
"bagusan SeaBank sih daripada da** dari beberapa bulan yang lalu harus upgrade2 mulu udah gue ikuti juga langkah-langkahnya masih begitu aje, sisa 14k itu uang loh mau transfer aje susahnya minta ampun, SeaBank bagus buat hari-hari juga bagus tapi beberapa market belum bisa",5,2026-05-02 12:23:34,positif,bagus seabank sih da upgrade mulu udah gue ikut langkahlangkahnya aje sisa k uang loh transfer aje susah ampun seabank bagus harihari bagus market
apk bagus mantap lah pokoknya,5,2026-05-02 12:22:01,positif,apk bagus mantap pokok
pinjaman blm aktif,4,2026-05-02 12:20:55,positif,pinjam blm aktif
soo good👍,5,2026-05-02 12:09:10,positif,soo good
apk mantapp,5,2026-05-02 11:51:58,positif,apk mantapp
Aplikasi ini Luarbiasa bagus untuk masyarakat DKI jakarta sekitar nya 🙏🙏,5,2026-05-02 11:45:58,positif,aplikasi luarbiasa bagus masyarakat dki jakarta nya 
saya senang menggunakan seabank..mantap markotop,5,2026-05-02 11:21:04,positif,senang seabankmantap markotop
"Saya menemukan Seabank Fair, beban biaya ke debitur sangat jelas sekali, tak perlu membedah secara komprehensif. Layak dipakai buat aktifitas produktif atau dana darurat untuk opersional. Mitigasi resiko penting agar hasil keringat tak tergerus beban biaya siluman yang mencekik.",5,2026-05-02 11:10:51,positif,temu seabank fair beban biaya debitur bedah komprehensif layak pakai aktifitas produktif dana darurat opersional mitigasi resiko hasil keringat gerus beban biaya siluman cekik
Aplikasi TOP MEMBANTU SEKALI BUAT DANA DARURAT,5,2026-05-02 11:10:14,positif,aplikasi top bantu dana darurat
seabank saya ko ga bisa buat login ?,5,2026-05-02 11:09:57,positif,seabank ko ga login
termkasih seabnk,5,2026-05-02 10:49:42,positif,termkasih seabnk
banyak membantu,5,2026-05-02 09:53:10,positif,bantu
"ini gimana sih mau buka rekening gabisa terus, muter terus di verifikasi e-KTP",2,2026-05-02 09:47:37,negatif,gimana sih buka rekening gabisa muter verifikasi ektp
masa iya pengguna baru buat langsung dapet saldo 200k ???,5,2026-05-02 09:41:33,positif,iya guna langsung dapet saldo k
"saya mengajukan pengembalian dana tetap aja dipersulit. udah capek laporan dengan cs seabank,tapi tetap tidak ada jawaban pasti. saya transaksi memakai SKN dan sudah saya tunggu 2×24 tidak ada data penerimaan dana. entah gimana lah orang""seabank ini kerja...",1,2026-05-02 09:24:12,negatif,aju kembali dana aja sulit udah capek lapor cs seabanktapi transaksi pakai skn tunggu  data terima dana gimana orangseabank kerja
mna saldo nya,5,2026-05-02 09:01:11,positif,mna saldo nya
kelas,5,2026-05-02 08:40:19,positif,kelas
"seabank yang luar biasa memberikan gratis transfer ke semua bang sebanyak 100 kuota, sungguh luar biasa",5,2026-05-02 08:32:43,positif,seabank gratis transfer bang kuota sungguh
KUPIKIR KLO BUAT REKENING SEABANK DAPAT RP 200RB TERNYATA ZONK,5,2026-05-02 08:27:04,positif,pikir klo rekening seabank rp rb zonk
terbaik terbaik terbaik,5,2026-05-02 07:42:46,positif,baik baik baik
aplikasinya mantep banget,5,2026-05-02 07:29:58,positif,aplikasi mantep banget
okeh bagus. adminnya cepat tanggap,5,2026-05-02 07:17:19,positif,okeh bagus adminnya cepat tanggap
sangat cocok untuk pembayaran,5,2026-05-02 06:59:49,positif,cocok bayar
berkali2 ikut pesta seabank udah kumpulin sampe 1700 - 2000 tiket. padahal yang menang yang tiketnya cuma 50an.,4,2026-05-02 06:56:29,positif,kali pesta seabank udah kumpulin sampe tiket menang tiket an
k3napa akun saya di belok,3,2026-05-02 06:40:24,netral,knapa akun belok
bagus aplikasinya,5,2026-05-02 05:58:41,positif,bagus aplikasi
aplikasi ini sangat membantu dan terpercaya dlm simpan uang,5,2026-05-02 05:39:39,positif,aplikasi bantu percaya dlm simpan uang
mohon penjelasan nya sampe saat ini kenapa tdk ada konfirmasi Menganai saldo saya. yg sudah berkurang tapi pengiriman gagal.. dan sampe kapan saldo saya tergantung...,1,2026-05-02 05:38:53,negatif,mohon jelas nya sampe tdk konfirmasi ana saldo yg kurang kirim gagal sampe saldo gantung
OTP lama sudah expired baru masuk di nomor tujuan.,5,2026-05-02 05:13:37,positif,otp expired masuk nomor tuju
sumber rezeki,5,2026-05-02 05:10:54,positif,sumber rezeki
bagus sekali tolong adakan fitur seabank pinjam nyh kak,5,2026-05-02 05:05:37,positif,bagus tolong adakan fitur seabank pinjam nyh kak
"Seabank sangat bagus aman dan terpercaya buat tabungan online,Perfec banget dan Suka mengagumkan sih, program & internalnya lebih fleksibel dipakainya,bebas iklan,bug,ataupun lelet,cepat bila dijalankan & mengakses smua menu2nya. Tapi di sayangkan pernah juga dipakai terkadang agak"" sulit membukanya pas saat koneksi sedang tidak stabil,terkadang perputarannya sedikit lelet dan cuma berputar-putar saja. mungkin cuma hal yang biasa terjadi di apps ini dan yang lain-lainnya sesuai pengalama..",5,2026-05-02 04:58:17,positif,seabank bagus aman percaya tabung onlineperfec banget suka kagum sih program internal fleksibel dipakainyabebas iklanbugataupun leletcepat jalan akses smua menu sayang pakai terkadang sulit buka pas koneksi stabilterkadang putar lelet berputarputar apps lainlainnya sesuai pengalama
"bagus ,dan banyak sekali gratisan transfernya...pelayanan jg cepat",5,2026-05-02 04:50:10,positif,bagus gratis transfernyapelayanan jg cepat
saya bingun karna gkp unya uan,1,2026-05-02 04:34:39,negatif,bingun karna gkp unya uan
kode verifikasi engga masuk masuk,1,2026-05-02 04:19:24,negatif,kode verifikasi engga masuk masuk
mudah mudahan amanah nabung di sini,5,2026-05-02 04:12:10,positif,mudah mudah amanah nabung
"bagus, baek, dan memudah kan segala pihak dan golongan",4,2026-05-02 03:53:24,positif,bagus baek mudah golong
RIBET SEABANK SEKARANG. NYURUH DI UNISTAL MULU DAN GAK BISA DIBUKA,1,2026-05-02 03:50:42,negatif,ribet seabank nyuruh unistal mulu gak buka
Lumayan nyaman dipakenya soalnya baru pake apl seabank,5,2026-05-02 03:41:24,positif,lumayan nyaman dipakenya pake apl seabank
good...,5,2026-05-02 03:39:08,positif,good
ini aplikasi knapa sih. sinyal bagus di buka gak bisa. di suruh periksa koneksi internet,1,2026-05-02 03:32:14,negatif,aplikasi knapa sih sinyal bagus buka gak suruh periksa koneksi internet
Sangat berguna,4,2026-05-02 03:15:57,positif,guna
Tetap terus bersinar dan berjaya untuk seaBank,5,2026-05-02 02:21:48,positif,sinar jaya seabank
membantu dalam setiap solusi,5,2026-05-02 02:18:20,positif,bantu solusi
mau pinjaman,5,2026-05-02 02:11:54,positif,pinjam
"kesel bgts sama seabank ini transaksi gk bisa semua mau tf, qiris gkbisaaa kesel bgts mn uang saya disituuu",1,2026-05-02 01:45:17,negatif,kesel bgts seabank transaksi gk tf qiris gkbisaaa kesel bgts mn uang disituuu
aplikasi aman bagus gratis transfer ke bank mana pun,5,2026-05-02 01:08:45,positif,aplikasi aman bagus gratis transfer bank
"Maaf tapi saya sangat kecewa kepada sea bank , soalnya sya sudah beberapa kali memohon kepada pihak sea bank untuk membuka sea bank pinjam tapi apa lah daya selalu gitu gitu aja responnya tidak ada perubahan sedikit pun sampai sekarang belum ada sea bank pinjam , apakah itu adil menurut anda soalnya saya termasuk penguna sea bank yang riwayat transfer' nya lumaya banyak , kenapa pihak sea bank tidak memercayai saya apakah karnah wilayah, tolong lah kepada pihak sea bank untuk wilayah aceh di sea",1,2026-05-02 00:22:30,negatif,maaf kecewa sea bank sya kali mohon sea bank buka sea bank pinjam daya gitu gitu aja responnya ubah sea bank pinjam adil penguna sea bank riwayat transfer nya lumaya sea bank percaya karnah wilayah tolong sea bank wilayah aceh sea
"saya pakai aplikasi seabank uda hampir 1 tahun tapi knp tiba"" saldo saya terpotong 200 ribu untuk pembayaran yang tidak pernah saya setujui??jujur saya sebagai nasabah merasa tidak aman kecewa sekali dan setelah saya komplain customer servisnya lemot, sedangkan saya tidak ada transaksi shopee pay, Spotify DLL ini murni tiba"" ada potongan sendiri tanpa sepengetahuan saya!!! ini meresahkan sekali buat nasabah",1,2026-05-01 22:56:44,negatif,pakai aplikasi seabank uda knp saldo potong ribu bayar setujuijujur nasabah aman kecewa komplain customer servis lot transaksi shopee pay spotify dll murni potong tahu resah nasabah
ngebantu bangett,5,2026-05-01 21:26:19,positif,ngebantu bangett
terlalu banyak percobaan terus-menerus kenapaa,3,2026-05-01 20:56:20,netral,coba terusmenerus kenapaa
kenapa akun bang saya tiba-tiba di blokir,2,2026-05-01 20:10:33,negatif,akun bang tibatiba blokir
alhamdulillah,5,2026-05-01 20:02:52,positif,alhamdulillah
seabank saya di blokir sementara cara nya buka gimana,5,2026-05-01 20:00:19,positif,seabank blokir nya buka gimana
ribet,1,2026-05-01 19:42:14,negatif,ribet
"jangan download ni aplikasi apaa apaan temen gw tf tanggal 29 april sampe skrng blm masuk katanya pending lah ada kendala lah gw di suruh nunggu 3x24 udh gw tunggu sampe 3x24 eh belum masuk juga malah di suruh nunggu lagi 3x24 , jangan deh jangan di download ngehambat transaksi doang ni aplikasi ga recommended",1,2026-05-01 19:40:41,negatif,download ni aplikasi apaa temen gw tf tanggal april sampe skrng blm masuk pending kendala gw suruh nunggu x udh gw tunggu sampe x eh masuk suruh nunggu x deh download ngehambat transaksi doang ni aplikasi ga recommended
semoga seabank lancaar jaya..baru coba buka rekening di seabank,5,2026-05-01 19:26:34,positif,moga seabank lancaar jayabaru coba buka rekening seabank
sangat baik pelayanan nya cepat,5,2026-05-01 19:20:02,positif,layan nya cepat
mantap bosku,4,2026-05-01 19:12:27,positif,mantap bos
7UY6RQ Yukk yang mau nabung di seabank🤗,5,2026-05-01 18:44:35,positif,uyrq yukk nabung seabank
sangat baik dan memuwaskan mudah peraktis,5,2026-05-01 18:32:53,positif,memuwaskan mudah peraktis
recomended,5,2026-05-01 18:28:46,positif,recomended
saya ingin sea bank pinjam buat modal usaha,5,2026-05-01 17:32:36,positif,sea bank pinjam modal usaha
"tidak ada pinjaman,tidak kayak pakai dana ada dana cicilnya",4,2026-05-01 17:29:58,positif,pinjamantidak kayak pakai dana dana cicil
"penipuan ngga sih, di iklan nya daftar dapat saldo 200. udah daftar hening. kocak",1,2026-05-01 17:28:51,negatif,tipu ngga sih iklan nya daftar saldo udah daftar hening kocak
aplikasi paling keren,5,2026-05-01 17:27:22,positif,aplikasi keren
seabenk selalu untuk mu,5,2026-05-01 17:17:20,positif,seabenk mu
kuharap aku pake seabank rezekiku ngalir terus yaa allah,5,2026-05-01 16:24:40,positif,harap pake seabank rezeki ngalir yaa allah
mantap dan mudah,5,2026-05-01 15:45:24,positif,mantap mudah
aneh banget di suruh masukin password ontime tapi paswordnya gak dikirim,1,2026-05-01 14:56:33,negatif,aneh banget suruh masukin password ontime paswordnya gak kirim
setiap tranfer kenak admin katanya gratis 100x trasfer,2,2026-05-01 14:48:06,negatif,tranfer nak admin gratis x trasfer
"ini seabank lagi kenapa ya ko tiba tiba akun gue terblokir sementara,dan gue cek akun temen gue pun sama seperti yang gue alami,apakah sistem sedang gangguan?",1,2026-05-01 14:43:20,negatif,seabank ya ko akun gue blokir sementaradan gue cek akun temen gue gue alamiapakah sistem ganggu
"alhamdulillah bebas biaya admin,,jujur sudah hmpir 2 tahun pake seabank Alhamdulillah tidak ada kendala transfer biaya juga gratis...tapiiiiii baru kali ini mau nangis karena pembayaran finance tertunda pdahal uang sudah terpotong...semogaa penanganannya bisa lebih cepat🙏🙏🙏",5,2026-05-01 14:10:29,positif,alhamdulillah bebas biaya adminjujur hmpir pake seabank alhamdulillah kendala transfer biaya gratistapiiiiii kali nang bayar finance tunda pdahal uang terpotongsemogaa tangan cepat
"bintang 4 dlu. sayang banget ga semua akun bisa dapat pinjaman. padahal lumayan sering pakai.. tp overall keren, mantap ga lelet aplikasinya",4,2026-05-01 13:52:29,positif,bintang dlu sayang banget ga akun pinjam lumayan pakai tp overall keren mantap ga lelet aplikasi
ok puas banget,5,2026-05-01 13:25:30,positif,ok puas banget
"aplikasi scam,setor tunai dari atm BCA sudah mengikuti cara setornya ttp aja gada masuk uangnya smpe di tunggu 24jam pun gda masuk,padahal udh update aplikasi dll ttp gda masuk,kecewa 540rb hilang gitu aja🥲",1,2026-05-01 13:05:27,negatif,aplikasi scamsetor tunai atm bca ikut setor ttp aja gada masuk uang smpe tunggu jam gda masukpadahal udh update aplikasi dll ttp gda masukkecewa rb hilang gitu aja
sangat memudahkan transaksi,5,2026-05-01 13:03:49,positif,mudah transaksi
SeaBank sangat membantu untuk kalangan mn sj,5,2026-05-01 12:57:44,positif,seabank bantu kalang mn sj
kenapa ya dari tadi sore ada yang transfer keseabank saya tapi saldo y gak masuk2,1,2026-05-01 12:50:58,negatif,ya sore transfer keseabank saldo y gak masuk
sangat puas dan Terbantu sekali,5,2026-05-01 12:48:49,positif,puas bantu
bos coba gera kaya orang orang bisa pake kris jualan,5,2026-05-01 12:35:06,positif,bos coba gera kaya orang orang pake kris jual
adain lg dong promo topup sldo ke ovo dan gopay nya.,4,2026-05-01 12:18:55,positif,adain lg promo topup sldo ovo gopay nya
geratisss asikkk,5,2026-05-01 11:42:44,positif,geratisss asikkk
ok lah,5,2026-05-01 10:59:33,positif,ok
sangat hebat,5,2026-05-01 10:37:24,positif,hebat
semua jadi mudah,5,2026-05-01 10:31:07,positif,mudah
kayak paa pinjamannya,2,2026-05-01 10:21:04,negatif,kayak paa pinjam
"maaf ya, kenapa saat mau daftar gak menerima kode otp nya udah berulang-ulang dicoba sampe ganti nomor tetep gak bisa",1,2026-05-01 09:41:20,negatif,maaf ya daftar gak terima kode otp nya udah berulangulang coba sampe ganti nomor tetep gak
Sering nge lag Apk nya,5,2026-05-01 09:16:55,positif,nge lag apk nya
sangat nyaman KLO pke seabank,5,2026-05-01 09:05:50,positif,nyaman klo pke seabank
"auto uninstal... dah lama jd nasabah seabank, pengajuan loan gk pernah di setujui... pindah bank digital lain aj ah... tolong gk ush kirim2 info tentang seabank pinjam lagi,,, gk pernah di approve sy mau stop pakai seabank... percuma sdh lama jd nasabahya",1,2026-05-01 07:57:36,negatif,auto uninstal dah jd nasabah seabank aju loan gk tuju pindah bank digital aj ah tolong gk ush kirim info seabank pinjam gk approve sy stop pakai seabank sdh jd nasabahya
fungsi pinjaman itu untuk apa? kalau hanya kebijakan bank yang tidak melihat keluar masuknya uang atas akun akun pribadi seabank. sangat mengecewakan. mending dihapus saja,1,2026-05-01 07:55:18,negatif,fungsi pinjam bijak bank masuk uang akun akun pribadi seabank kecewa mending hapus
bagus bnget,2,2026-05-01 07:50:56,negatif,bagus bnget
semoga tetap amanah dan berjaya,5,2026-05-01 07:41:28,positif,moga amanah jaya
niat mau nabung malah kepotong Mulu setiap bulan 14k ga ngotak,5,2026-05-01 07:38:05,positif,niat nabung potong mulu k ga ngotak
kalo misalkan kita tarik tunai uang ke atm mana aja atau bayar seperti bayar makan apa bisa,5,2026-05-01 07:24:03,positif,kalo tarik tunai uang atm aja bayar bayar makan
baggus,5,2026-05-01 07:14:46,positif,baggus
mantap seabank 👍👍,5,2026-05-01 07:12:37,positif,mantap seabank 
I don't have an idea. It's the first time for me.,5,2026-05-01 07:05:35,positif,i dont have an idea its the first time for me
"sudah menghabiskan pulsa banyak buat telp cs untuk ganti nomor, giliran nomor udah di ganti, ini masalh otp gak masuk2...",1,2026-05-01 06:36:29,negatif,habis pulsa telp cs ganti nomor gilir nomor udah ganti masalh otp gak masuk
"untuk beli token , keterangan 100k bayar 100k.tp kenyataan nya kok bayar 102.750k.tidak amanah ini",3,2026-05-01 06:19:51,netral,beli token terang k bayar ktp nyata nya bayar ktidak amanah
costumer service tidak bisa di hubungi,1,2026-05-01 06:15:07,negatif,costumer service hubung
"Alhamdulillah setelah hp sama kartu hilang bisa kebuka LG seabank nya,, costumer nya ramah juga bertanggungjawab the best sea bank",5,2026-05-01 05:53:36,positif,alhamdulillah hp kartu hilang buka lg seabank nya costumer nya ramah bertanggungjawab the best sea bank
buka rekening kata nya dapet saldo 200 RB gausah bohong begitulah marketing,3,2026-05-01 05:53:19,netral,buka rekening nya dapet saldo rb gausah bohong marketing
mengapa saya tidak bisa login kembali ke akun saya dengan alasan harus verifikasi ktp namun sudah beberapa kali mencoba tetap tidak bisa digunakan tolong untuk segera diperbaiki terima kasih,3,2026-05-01 05:50:16,netral,login akun alas verifikasi ktp kali coba tolong baik terima kasih
sebenernya sudah bagus. hanya saja pada bukti tf ada watermark seabank agar menghindari penipuan.,4,2026-05-01 05:48:01,positif,sebenernya bagus bukti tf watermark seabank hindar tipu
untuk tim live chat nya tidak ada nelpon cs juga mahal,1,2026-05-01 05:27:46,negatif,tim live chat nya nelpon cs mahal
terimakasih banyakk 🙏,4,2026-05-01 05:26:43,positif,terimakasih banyakk 
Rekening SeaBank saya diblokir dengan alasan tidak jelas,1,2026-05-01 04:57:11,negatif,rekening seabank blokir alas
kenapa gris punya saya seeBank gak bisa.,5,2026-05-01 04:55:13,positif,gris seebank gak
sangat membantu bertransaksi,5,2026-05-01 04:41:22,positif,bantu transaksi
"luar biasa,pergantian nomor telpon hubungi Cs jsangat cepat respon,sea bank yg terbaik,kenapa di sulawesi utara belum ada cabangnya ya",5,2026-05-01 04:28:24,positif,biasapergantian nomor telpon hubung cs jsangat cepat responsea bank yg terbaikkenapa sulawesi utara cabang ya
Praktis 👍👍👍,5,2026-05-01 03:56:39,positif,praktis 
sangat baik pokonya ok,5,2026-05-01 02:46:30,positif,poko ok
deitel luar biasa 🔥🔥🔥,5,2026-05-01 02:41:56,positif,deitel 
"saya muak harus selalu ubah limit transaksi, bisa ga tanpa limit aja jadi setiap mau transaksi tinggal kirim² aja",5,2026-05-01 02:01:33,positif,muak ubah limit transaksi ga limit aja transaksi tinggal kirim aja
"gak banyak Koment ,yg penting 5 bintang 🌟tapi 200rb bonus yg di janjikan sampai sekarang belum aku dapatkan! dari sejak aku buka rekening Seabank ,Janji itu=Hutang !!!",5,2026-05-01 01:56:28,positif,gak koment yg bintang tapi rb bonus yg janji dapat buka rekening seabank janji ituhutang
mantap free admin.... kelain bank,5,2026-05-01 01:51:09,positif,mantap free admin lain bank
bagus banget ini seabank aman dan cepat,5,2026-05-01 01:46:06,positif,bagus banget seabank aman cepat
gampang dipakai gak ribet,5,2026-05-01 00:57:15,positif,gampang pakai gak ribet
pitur spin jam nya blm ada,5,2026-05-01 00:14:39,positif,pitur spin jam nya blm
pokoknya seabank sederhana tapi mantap,5,2026-05-01 00:11:53,positif,pokok seabank sederhana mantap
proses cepat tanpa ribet,5,2026-04-30 23:56:29,positif,proses cepat ribet
GOOD 👍,5,2026-04-30 23:36:31,positif,good 
mantap aplikasi ini jadi nyaman untuk saya banyak gratisan nya transper antar bang setor tunai jadi mudah,5,2026-04-30 23:36:04,positif,mantap aplikasi nyaman gratis nya transper bang setor tunai mudah
"sangat baik,0 biaya admin",5,2026-04-30 23:33:58,positif,biaya admin
limit nya sangat besar sekali,5,2026-04-30 23:12:32,positif,limit nya
kenapa akun saya dibatasi??? uang saya ada 3 jt didalam bagaiamana cara saya masuk???? jika 24 jam tidak bisa juga saya akan laporkan ke OJK,1,2026-04-30 22:56:00,negatif,akun batas uang jt dalam bagaiamana masuk jam lapor ojk
sering gagal login,3,2026-04-30 22:47:14,netral,gagal login
"baru mencoba.. semoga bermanfaat buat saya, hanya saja prosesnya sangat lama saya kwatir apakah dapat diproses atau tidak 🙏",5,2026-04-30 22:19:17,positif,coba moga manfaat proses kwatir proses 
bagus aplikasi nyah ayo kawan kita nabung uang di seabank,5,2026-04-30 22:13:02,positif,bagus aplikasi nyah ayo kawan nabung uang seabank
mantap u kl,5,2026-04-30 21:38:45,positif,mantap u kl
tolong aktifkan saya menjadi nasabah sea bank,5,2026-04-30 21:15:08,positif,tolong aktif nasabah sea bank
sangat baik 👍👍,5,2026-04-30 19:45:36,positif,
"saya kasih bintang 4 Krn saya susah login selalu minta KTP di fhoto itu terus berulang""",4,2026-04-30 18:29:33,positif,kasih bintang krn susah login ktp fhoto ulang
"hallo min, kenapa aplikasi seabank aku tidak bisa merespon sentuhan / klik ya? sudah 4bulan ini, mohon bantuan nya ya🙏🏼",5,2026-04-30 18:26:40,positif,hallo min aplikasi seabank merespon sentuh klik ya mohon bantu nya ya
jempol 10 kyak gimna ya,5,2026-04-30 17:46:07,positif,jempol kyak gimna ya
sangat puas dgn aplikasi ini,5,2026-04-30 17:20:36,positif,puas dgn aplikasi
"Lanqsunq ku kasih bintanq 5 ya, smqqa puas atas pelayanan aplikasi ini!",5,2026-04-30 16:11:58,positif,lanqsunq ku kasih bintanq ya smqqa puas layan aplikasi
"sangat terbaik dan terbantu, memudahkan transaksi dan pinjaman cepat dan mudah",5,2026-04-30 15:58:31,positif,baik bantu mudah transaksi pinjam cepat mudah
aplikasi gajelas tiba2 nyedot duit 220k dengan alasan buat google play,1,2026-04-30 15:45:30,negatif,aplikasi gajelas nyedot duit k alas google play
cukup bagus mantap,5,2026-04-30 15:19:38,positif,bagus mantap
TOLONG DONG INI MASA SALDO SAYA TIBA2 MINUS 300 DAN GAADA KETERANGAN ATAU RIWAYAT PEMBAYARAN APAPUN. KECEWA BERATT AKUN SAYA JGA TIBA2 DIBATASI.,1,2026-04-30 14:51:14,negatif,tolong saldo minus gaada terang riwayat bayar apa kecewa beratt akun jga batas
Pelayanan sangat baik,5,2026-04-30 14:18:20,positif,layan
"Kenapa kok semua filtur pada gak bisa termasuk QR, dana dll",3,2026-04-30 13:40:33,netral,filtur gak qr dana dll
100% baik dn bgus,5,2026-04-30 13:15:14,positif,dn bgus
"kok belum keluar juga yaa,,, seabank pinjam nya??",5,2026-04-30 12:59:33,positif,yaa seabank pinjam nya
siiip👍,5,2026-04-30 12:57:30,positif,siiip
sangat bagus untuk di gunakan,5,2026-04-30 12:50:16,positif,bagus
kenapa saya tidak bisa membuat akun rekening kenapa sering gagal? suda bercoba berkali kali tapi tetap tida bisa why?,3,2026-04-30 12:48:37,netral,akun rekening gagal suda coba kali kali tida why
"ini gimana ya, saya coba verifikasi ktp tapi tidak bisa karena kamera sea bank nya (blur/tidak fokus), sedangkan saat saya coba kamera sendiri bagus bagus aja. Sudah saya instal ulang tetap begini....tolong minn😔",4,2026-04-30 12:47:52,positif,gimana ya coba verifikasi ktp kamera sea bank nya blurtidak fokus coba kamera bagus bagus aja instal ulang beginitolong minn
jelek sering eror padahal udah masukin pin yg bnar tapi ga bisa,1,2026-04-30 12:31:45,negatif,jelek eror udah masukin pin yg bnar ga
"seabank bank andalan kita,seabank bunga cair setiap hari, seabank memang tak ada duanya ,ayo deposito atau nabung di seabank pasti untung..",5,2026-04-30 11:59:42,positif,seabank bank andal kitaseabank bunga cair seabank dua ayo deposito nabung seabank untung
Sangat membantu dan praktis,5,2026-04-30 11:59:07,positif,bantu praktis
kk gmn cara ganti nomor akun seabank yg sudah hilang,4,2026-04-30 11:51:51,positif,kk gmn ganti nomor akun seabank yg hilang
"aplikasi seabank saya gak bisa di klik tombolnya sering terkunci, aplikasi yg lain bisa semua... gmna ini cara atasinya.",2,2026-04-30 11:35:19,negatif,aplikasi seabank gak klik tombol kunci aplikasi yg gmna atas
gak bsa login,1,2026-04-30 10:40:18,negatif,gak bsa login
"Sangat Aman, Bagus, Memudahkan Pengguna",5,2026-04-30 10:32:09,positif,aman bagus mudah guna
mudah cepat 👍,5,2026-04-30 10:26:42,positif,mudah cepat 
Terima Kasih SeaBank🥰🥰,5,2026-04-30 10:20:33,positif,terima kasih seabank
sangat bagus prose cepat,5,2026-04-30 09:53:36,positif,bagus prose cepat
bisa beli robux,5,2026-04-30 09:34:46,positif,beli robux
"oke,",5,2026-04-30 08:45:02,positif,oke
"setiap transaksi selalu aman gak pernah ada trouble, m-banking paling cocok buat gen Z",5,2026-04-30 08:08:07,positif,transaksi aman gak trouble mbanking cocok gen z
sangat mudah bagi saya,5,2026-04-30 08:01:31,positif,mudah
"ini kenapa akun saya ga bisa kebuka sih, udah log in² ga bisa²2 dri tadi udah verifikasi ktp balik lagi ke awal suruh masukkin pin trs suruh verifikasi ktp lahi gitu ajaa terus tolong dong min ini muak banget saya",1,2026-04-30 07:59:18,negatif,akun ga buka sih udah log in ga bisa dri udah verifikasi ktp suruh masukkin pin trs suruh verifikasi ktp lah gitu ajaa tolong min muak banget
sukaa,5,2026-04-30 07:54:30,positif,sukaa
"5 bintang tidak cukup bos,jika masih ada bintang saya kasih semua bintang untuk kelayakan aplikasi ini",5,2026-04-30 07:52:39,positif,bintang bosjika bintang kasih bintang layak aplikasi
apa apa harus verifikasi wajah taikkku,1,2026-04-30 07:52:27,negatif,verifikasi wajah taikkku
parah keluhan belum terselesaikan sudah 4 hari transferan belum masuk sementara dari pihak pengirim sudah dinyatakan berhasil,1,2026-04-30 07:19:54,negatif,parah keluh selesai transfer masuk kirim nyata hasil
"akhirnya setelah setahun bisa buka rekening, alasan setahun tidak bisa buka krn dr pusat bermasalah 🙏",4,2026-04-30 06:43:23,positif,tahun buka rekening alas tahun buka krn dr pusat masalah 
bagus sih cuman tolong tempatkan ATM keseluruhan wilayahnya biar tarik tunai nya ada.....,5,2026-04-30 05:59:19,positif,bagus sih cuman tolong tempat atm wilayah biar tarik tunai nya
ini bukan si bank pinjaman hal,5,2026-04-30 05:12:48,positif,si bank pinjam
"Tgl 29-30 april 2026 sering eror, proses transfer lama, aplikasi loading lama. Internet bagus, hp ram 12 padahal. Berarti sistem nya sedang tidak baik2 saja",1,2026-04-30 04:34:16,negatif,tgl april eror proses transfer aplikasi loading internet bagus hp ram sistem nya
"gak jelas nih seabank sekarang masa Tiba tiba akses akun di batasi,sudah telpon cs ,besoknya normal ,eh 2 jam kemudian akses akun di batasi lagi",1,2026-04-30 04:33:47,negatif,gak nih seabank akses akun batasisudah telpon cs besok normal eh jam akses akun batas
"ini knpa erorr dah ,kode otp kaga mau masuk",3,2026-04-30 03:56:18,netral,knpa erorr dah kode otp kaga masuk
"Bagus Terbaik Mantap Buat Harian Dan Biaya Admin Sangat Murah Terjangkau, Minus Nya Cuma Terkadang Seabank Error Kaya Seolah Olah Jaringan Bermasalah, Padahal Jaringan Normal Dan Bagus Untuk Ini Tolong Segera Diperbaiki. Terimakasih",5,2026-04-30 03:54:09,positif,bagus baik mantap hari biaya admin murah jangkau minus nya terkadang seabank error kaya olah jaring masalah jaring normal bagus tolong baik terimakasih
bagus.. sangat membantu buat bayar tagihan. dan bunga nya ada tiap hari.. terbaik lah SeaBank....,5,2026-04-30 03:39:08,positif,bagus bantu bayar tagih bunga nya baik seabank
bagus cuma kadang lemot muter² padahal jaringan bagus.,5,2026-04-30 03:35:52,positif,bagus kadang lot muter jaring bagus
SANGAT BAGUS DAN EFISIEN,5,2026-04-30 03:02:36,positif,bagus efisien
min kalo boleh tambahin kemanan nya jangan pakai opsi verivikasi wajah hp syaa kamera depan nya rusak jadi ga bisa masuk ke akun saya,5,2026-04-30 02:57:41,positif,min kalo tambahin keman nya pakai opsi verivikasi wajah hp syaa kamera nya rusak ga masuk akun
kenapa ak gak bisa ngescan cog,1,2026-04-30 02:48:07,negatif,ak gak ngescan cog
"pinjam pertama dan berikutnya sebaiknya jangan di Satuin,bedakan dengan nomor kontrak,tapi masih dalam 1 aplikasi sperti halnya bank digital lain, itu jauh lebih oke",5,2026-04-30 02:46:01,positif,pinjam satuinbedakan nomor kontraktapi aplikasi sperti hal bank digital oke
gooddd,4,2026-04-30 02:02:43,positif,gooddd
"gak jelas seabank ini, aku isi pulsa 10 ribu kenak nya 13 ribu, terus saldo di potong tapi pulsa nya gak masuk², dan pas di chat cs nya, malah gak ada respon...",1,2026-04-30 01:44:58,negatif,gak seabank isi pulsa ribu nak nya ribu saldo potong pulsa nya gak masuk pas chat cs nya gak respon
kok buat scan barcode GK bisa kak eror knp?,4,2026-04-30 01:37:22,positif,scan barcode gk kak eror knp
"ini kenapa sea bank eror gini baru pertama kali gini mana ada yang komen di TT ilang lah uang nya, mana saldonya masih lumayan gede lagih, ya elah kenapa ini",4,2026-04-30 01:23:25,positif,sea bank eror gin kali gin komen tt ilang uang nya saldo lumayan gede lagih ya elah
Memudahkan dalam menabung dan bertransaksi.. seabank is the best.,5,2026-04-30 01:07:54,positif,mudah tabung transaksi seabank is the best
untuk seabank adain kartu fisiknya dong,5,2026-04-30 01:06:37,positif,seabank adain kartu fisik
Sangat Baik,5,2026-04-30 00:53:41,positif,
"costumer servis kaya ee, kembali lagi kembali, nunggu lama slow respon pula, padahal cuma minta ganti nomer/tutup rekening malah aplikasinya kembali lagu kembali cape tolong lah di benahi lagi aplikasi dan costumer servisnya",1,2026-04-30 00:35:33,negatif,costumer servis kaya ee nunggu slow respon ganti nomertutup rekening aplikasi lagu cape tolong benah aplikasi costumer servis
apk andalan👍,5,2026-04-30 00:14:16,positif,apk andal
mantap semoga kedepan nya lebih di tingkatkan lg masih ada kenda2 dikit kaya masih ada bug gt,5,2026-04-29 23:44:05,positif,mantap moga depan nya tingkat lg kenda dikit kaya bug gt
"bagi ku enak,,simpell,",5,2026-04-29 23:40:28,positif,ku enaksimpell
"pengalaman selama pake seabank. Alhamdulillah sampai saat ini aman dan tidak ada kendala. tapi jujur masih ragu untuk menyimpan sekala banyak... itinya buat uang kluar masuk sampe saat ini aman sih. tetap pertahanin / lebih ditingkatin keamanannya... Good for Seabank, hopefully it will be more successful and trustworthy.",5,2026-04-29 23:25:09,positif,alam pake seabank alhamdulillah aman kendala jujur ragu simpan sekala itinya uang kluar masuk sampe aman sih pertahanin ditingkatin aman good for seabank hopefully it will be more successful and trustworthy
Mantabs...dan sangat berguna sekali..godlucky..!!,5,2026-04-29 22:28:40,positif,mantabsdan guna sekaligodlucky
kasih pinjaman dong BPK/ibu..butuh buat pendidikan,5,2026-04-29 21:57:07,positif,kasih pinjam bpkibubutuh didik
Sangat mudah menggunakannya dan biaya transaksi serba murah,5,2026-04-29 21:13:33,positif,mudah guna biaya transaksi serba murah
",,,,👍👍👍",5,2026-04-29 19:24:50,positif,
bagus keren mantap lah Poko transaksi jdi lebih mudah,5,2026-04-29 19:22:52,positif,bagus keren mantap poko transaksi jdi mudah
"Udah buka rekening sejak 2022, tpi sampe 2026 msh blm dpt fitur seabank pinjam! Kecewa!",1,2026-04-29 18:42:52,negatif,udah buka rekening tpi sampe msh blm dpt fitur seabank pinjam kecewa
mudah Dan Cepat,5,2026-04-29 18:38:48,positif,mudah cepat
sangat cocok untuk nabung,5,2026-04-29 18:35:03,positif,cocok nabung
MAntap,4,2026-04-29 18:10:14,positif,mantap
terimakasih Bagus app,5,2026-04-29 18:06:50,positif,terimakasih bagus app
Temukan kemudahan dalam bertransaksi digital dengan seabank.,5,2026-04-29 17:46:52,positif,temu mudah transaksi digital seabank
aplikasi sampah,1,2026-04-29 17:09:10,negatif,aplikasi sampah
"suku bunga pinjaman 3 s/d 4%. bisa dikatakan rendah dibandingkan bank digital lainnya, tetapi...begitu diajukan malah ditolak.",1,2026-04-29 17:04:12,negatif,suku bunga pinjam sd rendah banding bank digital tetapibegitu aju tolak
aplikasi nya cepat banget aku sih rekomen,5,2026-04-29 16:30:56,positif,aplikasi nya cepat banget sih rekomen
saya senang sekali pakai sea bank,5,2026-04-29 16:08:52,positif,senang pakai sea bank
sangat buruk. pinjaman sudah selesai udah nunggu 4bln masih blm bisa mengajukan pinjaman. bilangnya masih ada tunggakan. buruk sangat buruk.,1,2026-04-29 16:04:52,negatif,buruk pinjam selesai udah nunggu bln blm aju pinjam bilang tunggak buruk buruk
sangat mudah bertransaksi,5,2026-04-29 15:40:56,positif,mudah transaksi
"memuatnya 1 menit kaka, sama seperti bintang yang kukasih",1,2026-04-29 15:29:27,negatif,muat menit kaka bintang kasih
sangat memudahkan pengguna,4,2026-04-29 15:16:49,positif,mudah guna
"mudah, dan tidak pernah ada kendala",5,2026-04-29 15:01:40,positif,mudah kendala
👍🙏🙏🙏,5,2026-04-29 14:46:47,positif,
"aplikasi mudah digunakan buat yg gaptek""... tapi ada beberapa kasus, termasuk saya yg akun seabanknya tiba"" dapet notif kalo 3 hari kemudianakun seabanknya mau di tutup permanen tanpa ada informasi di awal, tanpa penjelasan sebab akibat... jadi seabank lebih cocok untuk penggunaan pribadi dengan nominal perputaran kecil, TIDAK COCOK UNTUK BISNIS, padahal tiap hari sudah dimintain verif muka, ribet, tapi ttp saya apply tiap hari untuk memastikan itu di gunakan oleh saya sendiri...",2,2026-04-29 14:14:54,negatif,aplikasi mudah yg gaptek yg akun seabanknya dapet notif kalo kemudianakun seabanknya tutup permanen informasi jelas akibat seabank cocok guna pribadi nominal putar cocok bisnis dimintain verif muka ribet ttp apply
bagus tapi belum ada pinjaman uang,5,2026-04-29 13:21:21,positif,bagus pinjam uang
"uang saya hilang 1,6 juta",2,2026-04-29 13:03:14,negatif,uang hilang juta
semoga bisa ajukan seabank pinjam.. padahal sudah sering transalsi pakai seabank,5,2026-04-29 13:01:17,positif,moga aju seabank pinjam transalsi pakai seabank
terimakasih atas respon yang cepat dan baik,4,2026-04-29 12:42:19,positif,terimakasih respon cepat
dah lancar,5,2026-04-29 12:40:43,positif,dah lancar
mantap pakek aplikasi seabank,5,2026-04-29 12:36:52,positif,mantap pakek aplikasi seabank
aku saya tiba tiba di blokir semantara,1,2026-04-29 12:22:08,negatif,blokir semantara
belum ngerti baru coba,5,2026-04-29 12:01:53,positif,ngerti coba
"woooooy kenapa akun gw di blokir sementara, masalah nya, ada saldonya itu,",1,2026-04-29 11:58:55,negatif,woooooy akun gw blokir nya saldo
saya ga transaksi apa² tb² ke blokir gmn ini tanggung jawab uang saya diapk ini smuaaa,1,2026-04-29 11:53:43,negatif,ga transaksi apa tb blokir gmn tanggung uang diapk smuaaa
aplikasikan kacau gak bisa dibuka 🤦,1,2026-04-29 11:50:59,negatif,aplikasi kacau gak buka 
pake seabank nyaman banget,5,2026-04-29 11:50:35,positif,pake seabank nyaman banget
BAHAGIA,5,2026-04-29 11:45:26,positif,bahagia
ok min,5,2026-04-29 11:31:45,positif,ok min
kenapa eror saya gabisa login udh lapor cs ttp aja eror jaringan kapan normal lg,1,2026-04-29 11:29:03,negatif,eror gabisa login udh lapor cs ttp aja eror jaring normal lg
akun terblokir berkali kali buat laporan ke CS bertele tele lama bgt,1,2026-04-29 11:16:21,negatif,akun blokir kali kali lapor cs tele tele bgt
dari dulu pake seabank nyaman banget gak ada potongan juga,5,2026-04-29 11:16:04,positif,pake seabank nyaman banget gak potong
susah sekali mau tutup akun padahal tidak pernah digunakan,2,2026-04-29 10:35:22,negatif,susah tutup akun
Super Bagus,5,2026-04-29 10:29:37,positif,super bagus
"good job, lanjutkan.",5,2026-04-29 10:21:15,positif,good job lanjut
tiap login eror mulu apaan pake wifi pun ngaruh? padahal jaringan bagus buka apk yg lain,1,2026-04-29 09:50:17,negatif,login eror mulu pake wifi ngaruh jaring bagus buka apk yg
"apk lemottt, bayar va banyak muter gajelas pdhl jaringan lancar buat yg lain, akhirnya bbrp va kecancel krn lemot ni apk",1,2026-04-29 09:42:23,negatif,apk lemottt bayar va muter gajelas pdhl jaring lancar yg bbrp va kecancel krn lot ni apk
lagi ada perbaikan yah?,4,2026-04-29 09:37:28,positif,baik yah
Mayan lah,3,2026-04-29 09:35:44,netral,mayan
"Lambat banget, padahal koneksi saya lancar. Bisa buka YouTube lancar.",3,2026-04-29 09:31:44,netral,lambat banget koneksi lancar buka youtube lancar
"koneksi internet gua lancar, tapi waktu buka seabank kenapa ga bisa internet eror. tolong sesegranya di perbaiki biar bisa di gunakan.",5,2026-04-29 09:30:54,positif,koneksi internet gua lancar buka seabank ga internet eror tolong sesegranya baik biar
bagus dan terpercaya semoga membantu segala kebutuhan masyarakat.. amin,5,2026-04-29 09:23:18,positif,bagus percaya moga bantu butuh masyarakat amin
saya sudah download tapi tidak ada masuk saldo 200.000,2,2026-04-29 09:22:03,negatif,download masuk saldo
sering internet trouble padahal buat internetan yang lain lancar,4,2026-04-29 09:19:42,positif,internet trouble internetan lancar
nih gmna seabank ga bisa di buka eror terus gangguan kah,5,2026-04-29 09:19:24,positif,nih gmna seabank ga buka eror ganggu kah
kenapa sering eror padahal mau bayar hutang nahh tolong diperbaiki lagi,4,2026-04-29 09:16:06,positif,eror bayar hutang nahh tolong baik
ngapa sih mau login sama TF leg banget adeh,1,2026-04-29 09:13:28,negatif,ngapa sih login tf leg banget adeh
kenapa tidak bisa dibukak ya ?,1,2026-04-29 09:13:28,negatif,dibukak ya
ga jelas suka eror gak bisa masuk,5,2026-04-29 09:12:22,positif,ga suka eror gak masuk
knpa seabank sy ga bisa di buka,1,2026-04-29 09:11:55,negatif,knpa seabank sy ga buka
PINDAH AJA GAYS RIBET APK NYA KALAU URGENT SUSAH LOGIN !! KOCAK SIH WIFI GA BISA MASA IYA GANTI KARTU PROVIDER BUAT NGAMBIL DUID DOANG !!,1,2026-04-29 09:11:28,negatif,pindah aja gays ribet apk nya urgent susah login kocak sih wifi ga iya ganti kartu provider ngambil duid doang
Kok nggak bisa masuk sih?,1,2026-04-29 09:11:21,negatif,nggak masuk sih
"minn, ini kenapaa kok sea bank hari ini ga bisa di bukaa?",5,2026-04-29 09:10:59,positif,minn kenapaa sea bank ga bukaa
ANEH AJA SIH.. AKU BACA KOMEN2 NYA KE BAWAH KOK PADA KALIMAT2 NYA ... JGN2 YG KOMEN ROBOT SEMUA YG PURA2 BAGUS2 IN APLIKASI DOANG TP NYATANYA AMBURADUL.... JADI RAGU,1,2026-04-29 09:10:35,negatif,aneh aja sih baca komen nya kalimat nya jgn yg komen robot yg pura bagus in aplikasi doang tp amburadul ragu
dikit dikit gangguan jelek bener si,1,2026-04-29 09:10:04,negatif,dikit dikit ganggu jelek bener si
"kenapa tiap mau buka selalu loading lama muter"" padahal jaringan aman ini ngebug atau gimana tolong lah diperbaiki menganggu banget kalo pas dipake transaksi",3,2026-04-29 09:09:41,netral,buka loading muter jaring aman ngebug gimana tolong baik menganggu banget kalo pas dipake transaksi
tdk bisa login pdhl sedang urgent. alasannya koneksi buruk padahal buat buka aplikasi lain lancar,1,2026-04-29 09:08:54,negatif,tdk login pdhl urgent alas koneksi buruk buka aplikasi lancar
tolong seabank perhari ini tidak bisa di buka kenapa ya,5,2026-04-29 09:08:25,positif,tolong seabank hari buka ya
tolong buka akun sayang yang terblokir sementara tiba',4,2026-04-29 09:07:36,positif,tolong buka akun sayang blokir
ada masalah kah seabank detik ini?,3,2026-04-29 09:07:29,netral,kah seabank detik
"tidak bisa masuk aplikasi, jaringan normal parahhh nih seabankk",1,2026-04-29 09:05:26,negatif,masuk aplikasi jaring normal parahhh nih seabankk
ini kenapa APLIKASI SEABANK ?....KENAPA Saya tidak bisa membuka nya ?...padahal pasword saya sudah benar...ini kenapa seabank nya ?,2,2026-04-29 09:04:49,negatif,aplikasi seabank buka nya pasword benarini seabank nya
"sistemnya selalu bermasalah, untuk menggunakan aplikasinya selalu terkendala",2,2026-04-29 09:04:32,negatif,sistem masalah aplikasi kendala
Kalo Lagi Maintenance itu bilang jangan loading teruss beg,5,2026-04-29 09:04:08,positif,kalo maintenance bilang loading teruss beg
Perbaiki sistem mu we bank gede loh ini,1,2026-04-29 09:02:58,negatif,baik sistem mu we bank gede loh
kenapa aplikasi seabank lemot banget. tolong dong kasih kejelasan nya min. dari kemarin didaerah kecamatan Natar Lampung Selatan Lampung,4,2026-04-29 09:00:09,positif,aplikasi seabank lot banget tolong kasih jelas nya min kemarin daerah camat natar lampung selatan lampung
sudah beberapa hari ini leleett banget mau buka susah mau transaksi gangguan terus padahal sinyal bagus,3,2026-04-29 08:59:54,netral,leleett banget buka susah transaksi ganggu sinyal bagus
"tolong seabank ini kenapa saya ngga bisa masuk ke akun , bikin transaksi jadi terhambat tolong dong saya mau bayar ke orang jadi dikejar2",1,2026-04-29 08:58:32,negatif,tolong seabank ngga masuk akun bikin transaksi hambat tolong bayar orang kejar
"lalod mulu, padahal sebelumnya bagus2 aja.. ini mau tf ke BRi aja susahnya mnta ampun. bayar via qris juga lemod banget. mau beli aja nggak jadi",1,2026-04-29 08:58:27,negatif,lalod mulu bagus aja tf bri aja susah mnta ampun bayar via qris lemod banget beli aja nggak
nice jangan sering lelet,5,2026-04-29 08:57:13,positif,nice lelet
"Sulit login, jaringan aman tapi keterangannya kendala jaringan. Kode : AE - 1001",1,2026-04-29 08:55:38,negatif,sulit login jaring aman terang kendala jaring kode ae
apasii tolol lagi buru buru pengen TF malah jaringan anda belum stabil padahal bagus terus jadi banyak ngelagnya,1,2026-04-29 08:55:02,negatif,apasii tolol buru buru ken tf jaring stabil bagus ngelagnya
taiii mempersulit,1,2026-04-29 08:52:52,negatif,taiii sulit
mohon di perbaiki akhir akhir ini suka delay,5,2026-04-29 08:52:51,positif,mohon baik suka delay
"ni apk bobrok, setiap login gak bisa ( mohon periksa jaringan anda) sialan kuota baru beli gak bisa, pake wifi juga gak bisa, mau pakai apalagi??? itu uang yg di dalam seabank lagi butuuhh DARURAT!!!!",1,2026-04-29 08:52:41,negatif,ni apk bobrok login gak mohon periksa jaring sial kuota beli gak pake wifi gak pakai uang yg seabank butuuhh darurat
setelah konfirmasi email qo jadi lemot,3,2026-04-29 08:52:37,netral,konfirmasi email qo lot
males banyak gangguan nya,1,2026-04-29 08:51:37,negatif,males ganggu nya
saya kasih bintang 3 dulu karena setelah saya update malah nggak bisa dibuka padahal mau transfer tapi malah nggak bisa,3,2026-04-29 08:51:27,netral,kasih bintang update nggak buka transfer nggak
ini kenapa bug nya sering banget bikin ga nyaman,5,2026-04-29 08:50:56,positif,bug nya banget bikin ga nyaman
"seabank kok sekarang login gak bisa yaa kesalahan jaringan terusss lagi gangguan kah, sanggat menghambat transaksi saya",1,2026-04-29 08:49:49,negatif,seabank login gak yaa salah jaring terusss ganggu kah sanggat hambat transaksi
app tolol lemot,1,2026-04-29 08:49:29,negatif,app tolol lot
lah knapa seabank lagi gangguan gabisa login,4,2026-04-29 08:49:23,positif,knapa seabank ganggu gabisa login
apk busuk mau di pake ganguan j,1,2026-04-29 08:48:46,negatif,apk busuk pake ganguan j
"aplikasi lawak,, kebanyakan maintenance",5,2026-04-29 08:48:43,positif,aplikasi lawak banyak maintenance
tolong dong jaringan benerin. jangankan mau transfer .mau login aja susah msalah jaringan trus. pdahal buka apk lain lancar aja normal,2,2026-04-29 08:47:48,negatif,tolong jaring benerin transfer login aja susah msalah jaring trus pdahal buka apk lancar aja normal
"apk sudah bagus tpi terkadang sinyal bagus ,kouta banyak, tetep agak lag tolong di perbaiki min",4,2026-04-29 08:44:58,positif,apk bagus tpi terkadang sinyal bagus kouta tetep lag tolong baik min
tidak bisa login. padahal sinyal dan jaringan bagus. tolong dj perbaiki. karna menyulitkan untuk bertransaksi,1,2026-04-29 08:43:55,negatif,login sinyal jaring bagus tolong dj baik karna sulit transaksi
aplikasi aneh padahal sinyal bagus tapi mau login ke akun nya malah tulisan eror [ sinyal jelek ],3,2026-04-29 08:42:52,netral,aplikasi aneh sinyal bagus login akun nya tulis eror sinyal jelek
eror mulu,1,2026-04-29 08:40:16,negatif,eror mulu
maaf turun ke bintang 2. seabank gbisa sibuka. disuruh cek jaringan. lah jaringan lancar aja tuh. duit gue di situ buat bayar jurnal. ini gbisa dibuka daritadi.,2,2026-04-29 08:39:41,negatif,maaf turun bintang seabank gbisa sibuka suruh cek jaring jaring lancar aja tuh duit gue situ bayar jurnal gbisa buka daritadi
kereeen,5,2026-04-29 08:38:33,positif,kereeen
Ada apa dengn sea bank kok mutar mutar kayak gasing lamanya masuk ke akun saya ada apa,5,2026-04-29 08:38:30,positif,dengn sea bank mutar mutar kayak gasing masuk akun
kok jadi lemot ya,3,2026-04-29 08:37:06,netral,lot ya
jelek login gabisa bisa,1,2026-04-29 08:36:35,negatif,jelek login gabisa
"aplikasi nya entah kenapa susah banget untuk buka qris, bahkan tampilan awal saja loading nya lama sekali bahkan error padahal jaringan internet lancar",2,2026-04-29 08:35:48,negatif,aplikasi nya susah banget buka qris tampil loading nya error jaring internet lancar
lgi eror ga bisa di gunakan udah sehari,5,2026-04-29 08:33:45,positif,lgi eror ga udah hari
"jaringan data pribadi masih full sinyak, paket data masih ada. loginnya susah suruh periksa jaringan terus. alhasil mau transfer ga bisa ini",1,2026-04-29 08:32:28,negatif,jaring data pribadi full sinyak paket data loginnya susah suruh periksa jaring alhasil transfer ga
"ada apa ini seabank, koq tiba-tiba eror tak bisa transaksi. tak kira paket data ku yang eror. sudah pakai jaringan terbaik tetap saja. halooo... gimana ini seabank?",1,2026-04-29 08:31:13,negatif,seabank koq tibatiba eror transaksi paket data ku eror pakai jaring baik halooo gimana seabank
benerin woy apk nya muter trs ga bisa d buka,5,2026-04-29 08:27:39,positif,benerin woy apk nya muter trs ga d buka
gak bisa login padahal sinyal nya bagus,2,2026-04-29 08:27:19,negatif,gak login sinyal nya bagus
lemot sinyal bagus tapi buffering lama,1,2026-04-29 08:25:29,negatif,lot sinyal bagus buffering
"aplikasi sering error ""periksa jaringan"" , ""maintanance"" , ""ba bisa barcode Qris"" dll ketika dibuka, apalagi klo lg urgent susah dibuka. tolong perbaiki",3,2026-04-29 08:17:01,netral,aplikasi error periksa jaring maintanance ba barcode qris dll buka klo lg urgent susah buka tolong baik
"mau login aja susah bgt asu, gua mau bayar kopi jadi susah!",1,2026-04-29 08:15:40,negatif,login aja susah bgt asu gua bayar kopi susah
bintang 3 ya min..soalnya sekarang kenapa sering susah masuk nya lemot bangettt bingung gak kaya biasanya min..cepet ...duhh perbaiki min. aku snagat suka sama seabank asli deh,3,2026-04-29 08:15:37,netral,bintang ya minsoalnya susah masuk nya lot bangettt bingung gak kaya mincepet duhh baik min snagat suka seabank asli deh
ini kenapa yah seabank susah dibuka masalah jaringan terus padahal jaringan aman bagus,3,2026-04-29 08:15:33,netral,yah seabank susah buka jaring jaring aman bagus
muncul kode AE-1001 g bisa buka padahal internet bagus,1,2026-04-29 08:11:37,negatif,muncul kode ae g buka internet bagus
"kenapa susah banget si sekarang mau masuk aja ribet banget , pdahal paket dataku masih banyak sinyal jg 5G ,kk ada tulisan priksa koneksi anda ,HEM CAPEKKKK",1,2026-04-29 08:11:37,negatif,susah banget si masuk aja ribet banget pdahal paket data sinyal jg g kk tulis priksa koneksi hem capekkkk
seabank sedang ganguan kah,5,2026-04-29 08:11:31,positif,seabank ganguan kah
aneh sering lag aplikasi nya padahal jaringan lancar,1,2026-04-29 08:11:10,negatif,aneh lag aplikasi nya jaring lancar
Gajelas sinyal bagus buka aplikasi lain juga bagus. buka seabank gabisa error terus katanya sinyal tidak ada,1,2026-04-29 08:09:34,negatif,gajelas sinyal bagus buka aplikasi bagus buka seabank gabisa error sinyal
Kendala jaringan sistem ga bisa masuk dan tidak ada pemberitahuan dari aplikasi kalau maintenance,3,2026-04-29 08:09:18,netral,kendala jaring sistem ga masuk pemberitahuan aplikasi maintenance
hari ini ga bisa login kenapa ya,3,2026-04-29 08:08:53,netral,ga login ya
ini knapa ya tiba tiba loading gak bisa di buka padahal mau ambil uang 😭😭,3,2026-04-29 08:07:28,netral,knapa ya loading gak buka ambil uang 
Jaringan Data/WiFi Aman lancar jaya begitu login masuk Periksa jaringan anda (error) tolong perbaiki sistem login sering error,4,2026-04-29 08:06:38,positif,jaring datawifi aman lancar jaya login masuk periksa jaring error tolong baik sistem login error
"seabank makin kesini makin lemot stiap mau login, kaya masuk brankas 5M aja. tolong perbaiki jgn bikin kecewa!",1,2026-04-29 08:06:33,negatif,seabank kesini lot stiap login kaya masuk brankas m aja tolong baik jgn bikin kecewa
banyak banget kendala nih seabank,1,2026-04-29 08:05:48,negatif,banget kendala nih seabank
"eror mulu,payah banget",3,2026-04-29 08:05:20,netral,eror mulupayah banget
gangguan jangan posisi jam kerja woy,1,2026-04-29 08:04:36,negatif,ganggu posisi jam kerja woy
apknya lalott bangett mohon di benahi jadi lama transaksinya,1,2026-04-29 08:03:13,negatif,apknya lalott bangett mohon benah transaksi
lemot aplikasinya buat pembayaran shopee sekarang susah banget,1,2026-04-29 08:01:42,negatif,lot aplikasi bayar shopee susah banget
parah banget kok susah login,1,2026-04-29 08:01:34,negatif,parah banget susah login
apk loading terus gabisa dibuka uang saya nyangkut,1,2026-04-29 08:01:16,negatif,apk loading gabisa buka uang nyangkut
"sering gangguan servernya, jaringan stabil padahal tapi pas masuk ke sea loading mulu",1,2026-04-29 08:01:02,negatif,ganggu servernya jaring stabil pas masuk sea loading mulu
"sering ngeleg padahal pake bank lain gk ngeleg, paketan baru aja di isi buat tiktok an bisa buat buka seabank gak bisa",3,2026-04-29 08:00:53,netral,ngeleg pake bank gk ngeleg paket aja isi tiktok an buka seabank gak
ini gimna sih sinyal bagus mau login sulit tolol.banget,2,2026-04-29 08:00:35,negatif,gimna sih sinyal bagus login sulit tololbanget
"kebanyakan erornya ,gangguan mendadak cih",3,2026-04-29 08:00:26,netral,banyak eror ganggu dadak cih
aplikasi buruk masa jaringan bagus pake wifi mau transaksi sinyal tidak connect anehh,1,2026-04-29 07:59:11,negatif,aplikasi buruk jaring bagus pake wifi transaksi sinyal connect anehh
"jaringan sistem error trus masalah jaringan, padahal jaringan kenceng lancar",2,2026-04-29 07:57:35,negatif,jaring sistem error trus jaring jaring kenceng lancar
bank sering ga bisa di gunain sering trobel ga jelas,1,2026-04-29 07:55:21,negatif,bank ga gunain trobel ga
"aneh banget pemakaian udah lama tiba"" kayak nggak bisa ke buka padahal sinyak wifi bagus + pakek data juga nggak bisa tolong di perbaiki asli kecawa",1,2026-04-29 07:55:18,negatif,aneh banget pakai udah kayak nggak buka sinyak wifi bagus pakek data nggak tolong baik asli kecawa
min ini apk kenapa sih muter terus g bsa d buka lagi,1,2026-04-29 07:54:29,negatif,min apk sih muter g bsa d buka
kena setiap saya mau masuk ke aplikasi ya lelet terus padahal paket saya masih banyak,4,2026-04-29 07:52:41,positif,kena masuk aplikasi ya lelet paket
sea bank lagi eror mohon di percepat,5,2026-04-29 07:52:14,positif,sea bank eror mohon cepat
"APK GJLS, MASA TIBA TIBA AKUN GUA DI BLOKIR TANPA ALASAN YG JELAS!!! padahal gua download resmi lewat PlayStore.. yg awalnya apk ini mulai lemot, waktu saya mau login malah di blokir sementara. maksudnya gmn coba??.. orang mau bayar jadi gabisa bayar gagara ini apk, kapok saya pake aplikasi ini lagi",1,2026-04-29 07:51:47,negatif,apk gjls akun gua blokir alas yg gua download resmi playstore yg apk lot login blokir maksud gmn coba orang bayar gabisa bayar gagara apk kapok pake aplikasi
loginnya skrg suka erorr kka,5,2026-04-29 07:47:24,positif,loginnya skrg suka erorr kka
ini kenapa ga bisa di gunakan woy aplikasi nyaa,1,2026-04-29 07:44:24,negatif,ga woy aplikasi nyaa
gangguan mulu,1,2026-04-29 07:43:31,negatif,ganggu mulu
aplikasi banyak perbaikan aneh gak kaya yang lain,2,2026-04-29 07:42:19,negatif,aplikasi baik aneh gak kaya
seabank kacaaauuu jaringan internet stabil tapi susah log in,1,2026-04-29 07:41:39,negatif,seabank kacaaauuu jaring internet stabil susah log in
Terlalu sering maintenance... Padahal uang ada disitu. menyusahkan,1,2026-04-29 07:41:02,negatif,maintenance uang situ susah
gangguan,1,2026-04-29 07:38:47,negatif,ganggu
g bisa di buka aneh ini seabank,1,2026-04-29 07:38:11,negatif,g buka aneh seabank
"ini lagi lag lagi??, sumpah ya udah berapa kali bug bug kaya gini astagaaa",3,2026-04-29 07:37:37,netral,lag sumpah ya udah kali bug bug kaya gin astagaaa
"aplikasi aneh gabisa masuk lelet, bnyak bnget bug,bilang ga lelet uang ga aman 100% taii",1,2026-04-29 07:36:57,negatif,aplikasi aneh gabisa masuk lelet bnyak bnget bugbilang ga lelet uang ga aman taii
ganguan Mulu woi,1,2026-04-29 07:35:41,negatif,ganguan mulu woi
"Lemot parah, pas dibuka aplikasinya muncul tulisan ""mohon periksa koneksi internet anda"" padahal pake wifi lancar buat apk lain. Seabank aja yg bug",1,2026-04-29 07:35:29,negatif,lot parah pas buka aplikasi muncul tulis mohon periksa koneksi internet pake wifi lancar apk seabank aja yg bug
apk jlk,1,2026-04-29 07:34:48,negatif,apk jlk
"kenapa eror terus ya ,gak bisa loging",3,2026-04-29 07:33:36,netral,eror ya gak loging
"sinyal aman, data aman, payment sm login aplikasi muter terus alesannya jaringan pdhl smuanya aman, cpt tindak lanjuti ga smua org punya waktu lebih buat ngurus ginian doang!!",1,2026-04-29 07:32:54,negatif,sinyal aman data aman payment sm login aplikasi muter alesannya jaring pdhl smuanya aman cpt tindak lanjut ga smua org ngurus ginian doang
"ok,bagus banget",5,2026-04-29 07:30:56,positif,okbagus banget
ini knpa. ya kok saya buka seaBank maslah jaringan trus gk bisa kebuka ada apa ya padahal buka yg lain aman2 aja,5,2026-04-29 07:30:48,positif,knpa ya buka seabank mas jaring trus gk buka ya buka yg aman aja
BURIK BANGET,1,2026-04-29 07:30:02,negatif,burik banget
menurut saya gk enak make apk ini sering terjadi eror gagal.login alasan jaringan la apalah padalan jaringan bagus bnyak eror ny... gk.mikirin perasaan orng mana ada isi sesuka hati aja eror sister ae ae lah apa.lah mhon input la,1,2026-04-29 07:29:11,negatif,gk enak make apk eror gagallogin alas jaring la apa padalan jaring bagus bnyak eror ny gkmikirin asa orng isi suka hati aja eror sister ae ae apa mhon input la
kebanyakan ngelag haduu,1,2026-04-29 07:29:04,negatif,banyak ngelag haduu
kok ga bisa2 dibuka? loading lama bgt. itu yg ngasih bintang 5 ratingnya kata2nya mirip2. AI kah?,2,2026-04-29 07:25:25,negatif,ga buka loading bgt yg ngasih bintang ratingnya ai kah
eror gbs login,2,2026-04-29 07:24:03,negatif,eror gbs login
ga bisa login oy parahhhh,1,2026-04-29 07:22:03,negatif,ga login oy parahhhh
"mohon maaf mau nanya pas saya sedang daftarkan nomor darurat kenapa gabisa terus ,padahal identitas seperti data diri udh berhasil saya kasih bintang 1 dlu",1,2026-04-29 07:20:55,negatif,mohon maaf nanya pas daftar nomor darurat gabisa identitas data udh hasil kasih bintang dlu
sering eror susah masuk.,1,2026-04-29 07:19:55,negatif,eror susah masuk
"Seabank bulan ini sering eror terus tulisan ga ada sinyal, bulak balik eror padahal udah ganti ke wifi & data, lagi urgent mau transfer malah eror, udah di coba berkali-kali berakhir kena blokir akun seabank saya!!! pelayanan buruk!",1,2026-04-29 07:13:06,negatif,seabank eror tulis ga sinyal bulak eror udah ganti wifi data urgent transfer eror udah coba berkalikali kena blokir akun seabank layan buruk
suka tiba' error najis bgt,1,2026-04-29 07:09:38,negatif,suka error najis bgt
memuat terus pdhl sudah pke wifi dan data,2,2026-04-29 07:08:43,negatif,muat pdhl pke wifi data
ini kenapa seabank kok susah masuk kendala jaringan tidak tersedia ?,5,2026-04-29 07:06:51,positif,seabank susah masuk kendala jaring sedia
setelah di update aplikasi ny lemot tidak merespon tolong perbaiki,3,2026-04-29 07:05:22,netral,update aplikasi ny lot merespon tolong baik
"gimana ini gabisa login,mana uang disitu semua,ada kebutuhan banget inii",2,2026-04-29 07:04:27,negatif,gimana gabisa loginmana uang situ semuaada butuh banget ini
ini kenapa dah apk kok jaringan saya bermasalah padahal lancar aj dan fiut bantuan aj ga bermasalah,1,2026-04-29 07:04:07,negatif,dah apk jaring masalah lancar aj fiut bantu aj ga masalah
woy seabank ada gangguan apa ni lola mulu,1,2026-04-29 07:02:58,negatif,woy seabank ganggu ni lola mulu
terimakasih kami sangat nyaman,4,2026-04-29 07:02:36,positif,terimakasih nyaman
aplikasi payah susah banget loginnya. pas masukin password selalu ga bisa login dg alasan internet error,1,2026-04-29 07:01:47,negatif,aplikasi payah susah banget loginnya pas masukin password ga login dg alas internet error
gagal log In terus padahal signal bagus,1,2026-04-29 06:58:57,negatif,gagal log in signal bagus
"sudah lama pakai seabank kenapa sekarang jadi sering lag ? tim IT nya bagaimana? ayo gerak cepat perbaikan sistemnya agar kualitas makin bagus , cepat, lancar !!! aku tunggu sampai besok kalau masih sering lag bintang 1 akan di tambah di akun lain. terimakasih",1,2026-04-29 06:58:55,negatif,pakai seabank lag tim it nya ayo gerak cepat baik sistem kualitas bagus cepat lancar tunggu besok lag bintang akun terimakasih
WOII SEABANK hari ini di tanggal 29 April 2026 knapa Tiba tiba tidak bisa di buka ? ada apa ? takut nya ada transfer gaji ke seabank malah tidak bisa di buka . perbaiki lagi dong . kalo gaji saya hangus kalian harus tanggung jawab .. gimana sih ini aplikasi ? FAST RESPON NYA PLIZZ 🙏,1,2026-04-29 06:58:26,negatif,woii seabank tanggal april knapa buka takut nya transfer gaji seabank buka baik kalo gaji hangus tanggung gimana sih aplikasi fast respon nya plizz 
apk istimewa,5,2026-04-29 06:58:11,positif,apk istimewa
lemot..amat yaj,5,2026-04-29 06:57:16,positif,lemotamat yaj
plis ga usah lagi pake sea bank lemot banget koneksi tidak stabil trus udah pake wifi pake data juga sama malu² in mau banyar pake QR aja susah mana banyak yang nungguin malu banget !!,1,2026-04-29 06:56:07,negatif,plis ga pake sea bank lot banget koneksi stabil trus udah pake wifi pake data malu in banyar pake qr aja susah nungguin malu banget
setiap buka pasti error terus padahal jaringannya stabil,1,2026-04-29 06:56:05,negatif,buka error jaring stabil
"ini seabank knpa yaa dari tadi pagi GK bisa di bukak pdhal sya mau transaksi loh ,,,katanya perikakoneksi internet kmu pdahal kuota gua bnyak lol,,,,ada apa dengan sistim seabank",3,2026-04-29 06:54:35,netral,seabank knpa yaa pagi gk bukak pdhal sya transaksi loh perikakoneksi internet kmu pdahal kuota gua bnyak lolada sistim seabank
makin lemot aplikasi nya,1,2026-04-29 06:51:06,negatif,lot aplikasi nya
seabank lagi eror lah? padahal jaringan lancar aman tapi gk bisa kebuka,3,2026-04-29 06:50:58,netral,seabank eror jaring lancar aman gk buka
"woy ini kenapa ga bisa masuk, loading terus alasan jaringan, padahal jaringan bagus buka youtube lancar, akhir2 ini jadi susah di buka, sekarang malah ga bisa di buka sama sekali",1,2026-04-29 06:47:51,negatif,woy ga masuk loading alas jaring jaring bagus buka youtube lancar susah buka ga buka
"Msalah jaringan terus, padahal internet bagus",2,2026-04-29 06:44:00,negatif,msalah jaring internet bagus
si paling gangguan,1,2026-04-29 06:40:47,negatif,si ganggu
sumpah ini seabank kenapasih ngelag amat nggak bisa terbuka error terus gimnaa mau nyimpan uang banyak klw begini kita lagi darurat mau membayar malah tidak bisa terbuka kecewa banget sama nih bank,2,2026-04-29 06:40:17,negatif,sumpah seabank kenapasih ngelag nggak buka error gimnaa nyimpan uang klw darurat bayar buka kecewa banget nih bank
"kenapa sekarang sering banget ngelag aplikasi'a pas login jaringan erorr trus padahal buka yg lain lancar"" aja",2,2026-04-29 06:37:09,negatif,banget ngelag aplikasia pas login jaring erorr trus buka yg lancar aja
apknya makin g jelas sinyal bagus pun g bisa login terkendala jaringan tolol,3,2026-04-29 06:36:55,netral,apknya g sinyal bagus g login kendala jaring tolol
seabnk kenapa ya akhir2 ini jadi susah banget buat login.tolong di perbaiki lagi,1,2026-04-29 06:33:06,negatif,seabnk ya susah banget logintolong baik
apasi jaringan lancar muter muter maksudnya ap?,1,2026-04-29 06:28:38,negatif,apas jaring lancar muter muter maksud ap
sangat membantu dalam pembayaran dan aman bagi nasabah nya,5,2026-04-29 06:25:15,positif,bantu bayar aman nasabah nya
"akun terblokir karena percobaan login,ya jelas mau pakek saya coba login tp apk kalian super lemot gak bisa2 dibuka. kembalikan akun saya sangat mengganggu kepentingan saya. saya belum bayar shopee",1,2026-04-29 05:51:39,negatif,akun blokir coba log pakek coba login tp apk super lot gak buka kembali akun ganggu penting bayar shopee
tahap percobaan !,4,2026-04-29 05:42:38,positif,tahap coba
"buat user seabank agar lebih berhati2 dalam menyimpan uang di aplikasi ini, akun saya baru saja di banned pihak seabank, syukur saldo sudah saya pindahkan ke mbanking lain",1,2026-04-29 05:14:17,negatif,user seabank hati simpan uang aplikasi akun banned seabank syukur saldo pindah mbanking
"Aplikasi tiba tiba tidak dapat dibuka, saldo saya juga tidak masuk sama sekali. Padahal status tf berhasil",1,2026-04-29 04:59:00,negatif,aplikasi buka saldo masuk status tf hasil
ini knpa sea bank agak lemot banget padahal jaringan pul tolong di perbaiki dong gmna ini susah banget lakukan transaksi krim uang,2,2026-04-29 04:58:59,negatif,knpa sea bank lot banget jaring pul tolong baik gmna susah banget laku transaksi krim uang
"apasi eror mulu mana lagi urgent, gabisa di andelin banget ampun",1,2026-04-29 04:55:47,negatif,apas eror mulu urgent gabisa andelin banget ampun
seabank lemot,1,2026-04-29 04:53:56,negatif,seabank lot
kenapa sekarang lemot banget ya?,1,2026-04-29 04:50:26,negatif,lot banget ya
"ganguan anehh ,lolot mana lagi urgent",1,2026-04-29 04:50:19,negatif,ganguan anehh lolot urgent
kok seabank saya gak masuk yha,5,2026-04-29 04:49:19,positif,seabank gak masuk yha
kok gabisa masuk ke dalam seabank padahal jaringan nya bagus dan pasword nya benar,5,2026-04-29 04:47:24,positif,gabisa masuk seabank jaring nya bagus pasword nya
"tapi sekarg koq berat apk nya, di buka koneksi eror padahal sinyal bagus",5,2026-04-29 04:47:15,positif,sekarg koq berat apk nya buka koneksi eror sinyal bagus
"makin lama makin bnyak eror ini aplikasi, untuk masuk aja hari2 rusak",2,2026-04-29 04:45:07,negatif,bnyak eror aplikasi masuk aja rusak
sekarang jadi sering error susah masuk,2,2026-04-29 04:42:47,negatif,error susah masuk
"lemot, sering susah login.",1,2026-04-29 04:41:54,negatif,lot susah login
"Kak saya ko gabisa akses akun seabank ya, disitu ada tulisan masalah koneksi padahal data saya nyala dan masih ada kuota tp error mulu gimana ini ka?",3,2026-04-29 04:40:45,netral,kak ko gabisa akses akun seabank ya situ tulis koneksi data nyala kuota tp error mulu gimana ka
"gak berguna,gak bisa diandelin login susah,gagal koneksi padahal apl lain gampang.",1,2026-04-29 04:40:06,negatif,gak bergunagak diandelin login susahgagal koneksi apl gampang
"apa sih memuat mulu udah mulai lemot nih seabank ga sama kaya pas awal, turunin bintang lah",2,2026-04-29 04:38:38,negatif,sih muat mulu udah lot nih seabank ga kaya pas turunin bintang
cepet dan aman.,5,2026-04-29 04:38:22,positif,cepet aman
banyak gangguan nya,1,2026-04-29 04:34:29,negatif,ganggu nya
gagal login terus padahal koneksi internet bagus loh,5,2026-04-29 04:32:08,positif,gagal login koneksi internet bagus loh
"saat ini sebank lagi error kah? kalo maintenance berkabar dong, jangan tbtb ga bisa akses, internet aman, saldo aman, tapi apk nya ga bisa di gunain",2,2026-04-29 04:31:01,negatif,bank error kah kalo maintenance kabar tbtb ga akses internet aman saldo aman apk nya ga gunain
saya tidak bisa login. mau transaksi jdi terganggu. mohon bantuannya,5,2026-04-29 04:27:32,positif,login transaksi jdi ganggu mohon bantu
"Tidak bisa dibuka ,padahal jaringan bagus.. tolong diperbaiki lagi dong!!",3,2026-04-29 04:26:27,netral,buka jaring bagus tolong baik
lemot banget sekarang seabank padahal pake wifi,1,2026-04-29 04:21:17,negatif,lot banget seabank pake wifi
gangguan terus,1,2026-04-29 04:17:08,negatif,ganggu
tolong kenapa tidak bisa di buka Padalal jaringan bagus tapi terus aja muncul masalah koneksi,4,2026-04-29 04:16:26,positif,tolong buka padalal jaring bagus aja muncul koneksi
gagal bintang 5 mohon periksa koneksi server anda,1,2026-04-29 04:11:10,negatif,gagal bintang mohon periksa koneksi server
LEMOT BANGET SEABANK,1,2026-04-29 04:10:33,negatif,lot banget seabank
"sering banget gangguan, buka aplikasi nya aja susah. sinyal udah bagus, versinya juga udah di update tapi masih aja ga gangguan error mulu",1,2026-04-29 04:10:11,negatif,banget ganggu buka aplikasi nya aja susah sinyal udah bagus versi udah update aja ga ganggu error mulu
bug loading lama,1,2026-04-29 04:05:05,negatif,bug loading
seabank kenapa yaa kok keterangan nya hari ini di jam 10.00 - 11.01WIB Layanan sedang sibuk terus dibuat transaksi gak bisa kenapa ini,2,2026-04-29 04:02:01,negatif,seabank yaa terang nya jam wib layan sibuk transaksi gak
"mohon segera diperbaiki, saat masuk apk sea bank jaringan selalu tidak stabil pdahal saat membuka aplikasi lain jaringan tidak ada masalah.",1,2026-04-29 03:56:07,negatif,mohon baik masuk apk sea bank jaring stabil pdahal buka aplikasi jaring
"makin kesini makin jelek aplikasi nya saya setiap bulan transaksi puluhan juta tapi apk nya ada aja gangguan dan delay nya, malah nyalahin jaringan saya. aneh.",1,2026-04-29 03:54:39,negatif,kesini jelek aplikasi nya transaksi puluh juta apk nya aja ganggu delay nya nyalahin jaring aneh
"ini sebank kenapa gangguan terus sih, saya pengguna lama sering terganggu kalo gini caranya !!!",1,2026-04-29 03:53:41,negatif,bank ganggu sih guna ganggu kalo gin
"seabank lagi kenapa? saya buka dari kemarin loading aja, jangan bikin saya kecewa dan emosi.",1,2026-04-29 03:50:05,negatif,seabank buka kemarin loading aja bikin kecewa emosi
sebank mmng mantap,5,2026-04-29 03:41:51,positif,bank mmng mantap
tadinya gak pernah ada kendala . tp akhir2 ini sering eror ga bs login . bacaanya periksa jaringan terus . pdhal sinyal bagus buka apk lain gada masalah . dan ternyata kendala seperti ini bukan cuma saya saja tp banyak jg yg seabanknya error . tolong diperbaiki ya kak,2,2026-04-29 03:37:37,negatif,gak kendala tp eror ga bs login bacaanya periksa jaring pdhal sinyal bagus buka apk gada kendala tp jg yg seabanknya error tolong baik ya kak
sekarang sering gangguan koneksi. padahal koneksi saya aman. seabank kocak!,1,2026-04-29 03:36:57,negatif,ganggu koneksi koneksi aman seabank kocak
gangguan kah? gabisa login,1,2026-04-29 03:36:56,negatif,ganggu kah gabisa login
"kenapa ini gabisa login2, saya jadi gabisa transfer uang",1,2026-04-29 03:34:54,negatif,gabisa login gabisa transfer uang
sea bank nya eror trs,2,2026-04-29 03:34:13,negatif,sea bank nya eror trs
gak bisa dibuka,1,2026-04-29 03:33:03,negatif,gak buka
"goblog kalo pagi kaga bisa di akses, jaringan bagus tapi lemot bener",1,2026-04-29 03:32:07,negatif,goblog kalo pagi kaga akses jaring bagus lot bener
"pelayanan buruk, saat baru tersambung ke customer service langsung di akhiri panggilan nya dan juga sering banget bug gabisa masuk dan menyalahkan jaringan nasabah",1,2026-04-29 03:30:58,negatif,layan buruk sambung customer service langsung panggil nya banget bug gabisa masuk salah jaring nasabah
seabank kadang kadang eror sinyal sama jaringan normal malah ga bisa login oyyy apaan ini kenapa dengan seabank ada apa kenapa ga bisa login astagaaa mau bayar pakai qris pun ga bisa kalo sekiranya lagi maintenance kasih info dong aduh respon dong,1,2026-04-29 03:29:16,negatif,seabank kadang kadang eror sinyal jaring normal ga login oyyy seabank ga login astagaaa bayar pakai qris ga kalo maintenance kasih info aduh respon
jaringan Lo di benerin dulu yg bner!!😡😡,1,2026-04-29 03:27:01,negatif,jaring lo benerin yg bner
"saya tidak bisa login ke aku akun seabank saya, sudah 4 hari loop e-KYC verifikasi ktp terus tapi tidak mau masuk ke akun. uang saya tertahan tidak bisa, dan saya perlu uang itu urgent",1,2026-04-29 03:26:08,negatif,login akun seabank loop ekyc verifikasi ktp masuk akun uang tahan uang urgent
di tingkatkan,5,2026-04-29 03:22:43,positif,tingkat
apa seabank lagi gangguan,5,2026-04-29 03:21:44,positif,seabank ganggu
"APLIKASI JELEKKK, SAYA MAU BAYAR PAKE QRIS MALAH ""LAYANAN TIDAK TERSEDIA"" MALU SAYA SAMA PEMILIK WARUNG NYA, KATANYA KONEKSI TIDAK STABIL PADAHAL SAYA BUKA YOUTUBE LANCAR, APLIKASI JELEKKKKK",1,2026-04-29 03:21:36,negatif,aplikasi jelekkk bayar pake qris layan sedia malu milik warung nya koneksi stabil buka youtube lancar aplikasi jelekkkkk
"tolong perbaiki bug pada aplikasi sea bank,",4,2026-04-29 03:20:38,positif,tolong baik bug aplikasi sea bank
"buruk, gangguan gak ada pemberitahuan membuat saya malu saya melakukan pembelian menggunakan QRIS dan layanan tidak tersedia sampai sampai gojeknya harus menunggu belasan menit saya jadi pindah ke bank lain, mending pakai bank jago/blu by bca.",1,2026-04-29 03:18:50,negatif,buruk ganggu gak pemberitahuan malu beli qris layan sedia gojek tunggu bas menit pindah bank mending pakai bank jagoblu by bca
ini gmn ini masa kuota bnyk kaga bs di buka mana uang narik di masukin sini lagi udh gitu mau byr susah jadiny knp sih kecewa sy,1,2026-04-29 03:18:45,negatif,gmn kuota bnyk kaga bs buka uang narik masukin udh gitu byr susah jadiny knp sih kecewa sy
gangguan tengah hari bolong wkwkwk pinter bener lu blok !!,1,2026-04-29 03:13:49,negatif,ganggu bolong wkwkwk pinter bener lu blok
"ga bisa login, kendala jaringan padahal kalo buka apk lain aman2 aja sinyal, cuma apk sea bank bermasalah, udh kontak email blm di balas.",1,2026-04-29 03:13:06,negatif,ga login kendala jaring kalo buka apk aman aja sinyal apk sea bank masalah udh kontak email blm balas
"saya pake 1bulan langsung ganti apk lain ,, terlalu banyak gangguan, lemot buat transfer,, kualitas apknya jelek banget.. saya sarankan mending pake yang lain",1,2026-04-29 03:10:37,negatif,pake langsung ganti apk ganggu lot transfer kualitas apknya jelek banget saran mending pake
"gangguan bgt ini aplikasi , yang lain lancar ini ga bisa di buka seakan akan tidak ada sinyal",1,2026-04-29 03:03:29,negatif,ganggu bgt aplikasi lancar ga buka akan sinyal
mangkin di-update makin banyak gangguan kadang mau login susah jaringan error katanya padahal jaringan normal,3,2026-04-29 03:01:37,netral,mangkin diupdate ganggu kadang login susah jaring error jaring normal
nge lag Mulu ni aplikasi apaan dah koneksi gw aman² aja bahkan lancar dipake apapun heran,1,2026-04-29 02:59:39,negatif,nge lag mulu ni aplikasi dah koneksi gw aman aja lancar dipake apa heran
akhir akhir ini agak lemot bank lain aja ga lemot,1,2026-04-29 02:59:25,negatif,lot bank aja ga lot
LEMOT SEKALI APK SEABANK,3,2026-04-29 02:56:45,netral,lot apk seabank
"apaansi servernya lemot banget, padahal sinyalku bagus kok susah bener buka apknya",2,2026-04-29 02:54:36,negatif,apaansi servernya lot banget sinyal bagus susah bener buka apknya
"ini kenapa jadi lag bgt ya padahal jaringan internet lancar jaya, mau transfer kemana2 pun susah",3,2026-04-29 02:52:59,netral,lag bgt ya jaring internet lancar jaya transfer mana susah
sebank kenapa gangguan terus,1,2026-04-29 02:52:43,negatif,bank ganggu
bolehhhhh,5,2026-04-29 01:58:03,positif,bolehhhhh
sangat cepat dan membantu,5,2026-04-29 01:53:37,positif,cepat bantu
bug kode verifikasi SMS otp GK bisa masuk,3,2026-04-29 01:23:09,netral,bug kode verifikasi sms otp gk masuk
mantap bagus banget apk nya 👍,5,2026-04-29 00:30:35,positif,mantap bagus banget apk nya 
limit nya sampey brapa ya sya mau ngirim sampey 30jt aga susah. mohon jawaban nya. dan bantuan nya. supaya saya bisa transfer,5,2026-04-29 00:17:31,positif,limit nya sampey brapa ya sya ngirim sampey jt aga susah mohon nya bantu nya transfer
mantap sekali sangat memudahkan bertransaksi,5,2026-04-29 00:05:34,positif,mantap mudah transaksi
bos kenapa rekning saya di blokir permane kenapa dan saldo saya bagaimana cara pemindahan saldo kami sementara arahan dari pihak sebank kita sudah turuti apa alasan kalian main blokir?,1,2026-04-28 23:04:52,negatif,bos rekning blokir permane saldo pindah saldo arah bank turut alas main blokir
kenapa di aplikasinya tidak keluar seabank pinjamnya,5,2026-04-28 22:19:45,positif,aplikasi seabank pinjam
sudah bertahun2 puas menggunakan apk Seabank tapi di tahun 2026 ini kecewa krn hampir semua ada biaya adminnya utk topup e wallet kecuali Shopeepay padahal waktu awal2 semua gratis KECEWA...😓,4,2026-04-28 21:26:17,positif,tahun puas apk seabank kecewa krn biaya adminnya utk topup e wallet kecuali shopeepay gratis kecewa
keren sekali semoga tidak bayar admin terus,5,2026-04-28 20:01:28,positif,keren moga bayar admin
BELI PAKET DATA SERING PENDING!!,1,2026-04-28 19:07:01,negatif,beli paket data pending
tinggal sp pinjam yang blom muncul di Seabank saya,5,2026-04-28 18:57:40,positif,tinggal sp pinjam blom muncul seabank
ok sangat bagus &fleksibek,5,2026-04-28 18:26:58,positif,ok bagus fleksibek
"Saran Kak Sea, Buatkan Fitur ""AJAK TEMAN AJUKAN PINJAMAN"" dan dapatkan Bonus. 🎁 👌🤝",5,2026-04-28 18:00:06,positif,saran kak sea buat fitur ajak teman aju pinjam dapat bonus  
"katanya dapat hadia 200 ribu, apabila sudah buka rekening, ternyata tidak ada",2,2026-04-28 17:22:47,negatif,hadia ribu buka rekening
pembohong langsung dapat saldo 200ribu mana..?,5,2026-04-28 17:17:03,positif,bohong langsung saldo ribu
sangat menyenangkan mengunakan seabank,5,2026-04-28 16:59:28,positif,senang mengunakan seabank
karena saya baru bergabung dengan seabank jadi mau ikutan ajh,5,2026-04-28 16:33:33,positif,gabung seabank ikut ajh
aman dan terpecaya,5,2026-04-28 16:11:30,positif,aman terpecaya
"simpel,aman sangat amat aman",5,2026-04-28 15:59:20,positif,simpelaman aman
"apaan anjir pas buka sering gada jaringan, aneh jadi ga bisa di pake saat waktu genting",1,2026-04-28 15:41:59,negatif,anjir pas buka gada jaring aneh ga pake genting
akses akun saya di batasi dan saya sudh menghubungi costume service nya tapi belum di respon jadi tolong min di respon secepatnya kalau bisa,1,2026-04-28 15:33:01,negatif,akses akun batas sudh hubung costume service nya respon tolong min respon cepat
"aneh sinyal bagus gda kendala HP jga bagus, tapi buka aplikasi bacaannya layanan gabisa internet gabisa aneh udh gtu keluar2 sendiri aplikasi aneh saya uninstall trs download lagi cuma buat saya oper uangnya ke aplikasi laen gamau make aplikasi ini lagi",1,2026-04-28 15:13:09,negatif,aneh sinyal bagus gda kendala hp jga bagus buka aplikasi baca layan gabisa internet gabisa aneh udh gtu aplikasi aneh uninstall trs download oper uang aplikasi laen gamau make aplikasi
"up versi terbaru nya min,sekalian tambahin fitur mode gelap nya🙏",5,2026-04-28 15:11:57,positif,up versi baru nya minsekalian tambahin fitur mode gelap nya
"jaringan gw bagus, gw urgent mau tf ga bisa bisa memuat' apaan si jaringan gw bagus ye pake wifi ga bisa",1,2026-04-28 15:08:09,negatif,jaring gw bagus gw urgent tf ga muat si jaring gw bagus ye pake wifi ga
good jobs this is one to kredibilitas,5,2026-04-28 14:58:27,positif,good jobs this is one to kredibilitas
sangat bagus sekali .dan sangat membantu saya,5,2026-04-28 14:13:35,positif,bagus bantu
"aplikasi aneh tiba tiba sering eror tiap ada yg transfer mau cek transaksi Eror Mulu tiba tiba susah login , Gimana nih saldo saya 500ribu udah seharian ngga bisa dibuka akun Seabank 28 April 2028 mau bayar belanja jadi nyusahin mana uang nya disitu semua",2,2026-04-28 13:45:46,negatif,aplikasi aneh eror yg transfer cek transaksi eror mulu susah login gimana nih saldo ribu udah hari ngga buka akun seabank april bayar belanja nyusahin uang nya situ
cepat no lambat,5,2026-04-28 13:15:16,positif,cepat no lambat
Makasih SEA BANK,5,2026-04-28 13:06:23,positif,makasih sea bank
Sering error saat mau masuk jadi ngeri simpan uang di seabank.,1,2026-04-28 12:49:58,negatif,error masuk ngeri simpan uang seabank
"suka bug, di suruh update pas udh update msh gbisa msuk",1,2026-04-28 12:32:19,negatif,suka bug suruh update pas udh update msh gbisa msuk
"menurutku rek paling bagus, mudah, pokoknya terbaiikkkk🤎🤎🤎",5,2026-04-28 12:26:28,positif,turut rek bagus mudah pokok terbaiikkkk
bagussss,5,2026-04-28 12:24:10,positif,bagussss
aduh ko pas pembaruan/update malah lelet ya,1,2026-04-28 12:13:23,negatif,aduh ko pas pembaruanupdate lelet ya
"knpa gw kena limit harian?? transaksi hari ini aja ga ada?? ini mau bayar tagihan shopeepay jgn sampe kena denda karna telat bayar, pdhl emg seabank nya bermasalah",5,2026-04-28 12:05:43,positif,knpa gw kena limit hari transaksi aja ga bayar tagih shopeepay jgn sampe kena denda karna telat bayar pdhl emg seabank nya masalah
oke.mantav,5,2026-04-28 11:19:43,positif,okemantav
semogah menbantu,5,2026-04-28 10:51:01,positif,semogah menbantu
Tp aku ma ga bisa lihat pemayaran listrik,5,2026-04-28 10:46:27,positif,tp ma ga lihat payar listrik
sangat bagus dan aman.,5,2026-04-28 10:34:52,positif,bagus aman
gak neko2 cuma VA aja yang agak sulit,5,2026-04-28 10:30:38,positif,gak neko va aja sulit
terima kasiii sea bank,5,2026-04-28 09:30:28,positif,terima kasiii sea bank
knp sekarang jd lemot,1,2026-04-28 08:47:58,negatif,knp jd lot
"bagus deh, cuma limit sedikit sama angsuran 1tahun, coba kalo bisa 2-3 tahun",5,2026-04-28 08:44:25,positif,bagus deh limit angsur coba kalo
"lemot bgt,knp sih",4,2026-04-28 08:41:19,positif,lot bgtknp sih
aplikasi tempek sinyal bagus GK bisa masuk,1,2026-04-28 08:28:36,negatif,aplikasi tempek sinyal bagus gk masuk
busuk,1,2026-04-28 08:27:02,negatif,busuk
kebanyakan maintenance,1,2026-04-28 08:25:07,negatif,banyak maintenance
"udah 3 kalai error/bug, pas login masuk ke akun memuat terus dan muncul tulisan periksa koneksi anda pasahal jaringan saya lancar saya coba pake wifi juga tetap sama, tolong di atasi dong bug kek gini, ketika kita urgent mau transaksi muncul kek gini nyusahin banget, makasih",3,2026-04-28 08:22:59,netral,udah kalai errorbug pas login masuk akun muat muncul tulis periksa koneksi pasahal jaring lancar coba pake wifi tolong atas bug kek gin urgent transaksi muncul kek gin nyusahin banget makasih
"susah betul masuk ke aplikasi, minta verifikasi KTP terus",1,2026-04-28 08:20:41,negatif,susah masuk aplikasi verifikasi ktp
plis jangan lemot dong... saya pakai untuk aplikasi lain aman aja internet nya... tp buka aplikasi ini kok coba lagi trus... trimakasih,5,2026-04-28 08:20:31,positif,plis lot pakai aplikasi aman aja internet nya tp buka aplikasi coba trus trimakasih
hadeh,1,2026-04-28 08:18:01,negatif,hadeh
"hari ini pas Selasa 28 April 2026 pukul 14:29 ada potongan dri rekening sea bank saya, padahal saya tidak sedang melakukan transaksi apapun! kemudian saya chat cs nya tidak ada respon,saya kirim melalui email juga sama.......apa cuma saya yg di perlakukan seperti ini?",2,2026-04-28 08:02:04,negatif,pas selasa april potong dri rekening sea bank transaksi apa chat cs nya responsaya kirim email samaapa yg laku
aplikasi bank gajelas tiba tiba di isi saldo malah kepotong 22 ribu katanya penyesuaian saldo. maksudnya apa ga dijelasin tiba tiba ditahan terus dipotong! nipu banget katanya ga ada admin tapi malah potong saldo se enak jidat!,1,2026-04-28 07:57:55,negatif,aplikasi bank gajelas isi saldo potong ribu sesuai saldo maksud ga dijelasin tahan potong nipu banget ga admin potong saldo enak jidat
"bagus,keamanan nya tercamin",5,2026-04-28 07:57:53,positif,baguskeamanan nya tercamin
"apk apa ini kirim kode otp aja lambat ga muncul""",1,2026-04-28 07:49:51,negatif,apk kirim kode otp aja lambat ga muncul
TOLONG TINGKATKAN PERFORMA APLIKASI NYA LAH MASA HARUS LAG-LAG?? MEMUAT?? EROR??,2,2026-04-28 07:39:36,negatif,tolong tingkat performa aplikasi nya laglag muat eror
udh hampir 1mnggu error,2,2026-04-28 07:35:47,negatif,udh mnggu error
mantap aplikasi,5,2026-04-28 07:30:55,positif,mantap aplikasi
udah buka rekening via shope tapi gak dapet bonus apa2😡,1,2026-04-28 07:28:16,negatif,udah buka rekening via shope gak dapet bonus apa
sukaaa laggg,1,2026-04-28 07:22:03,negatif,sukaaa laggg
"lumayan lah,daripada gak megang uang sama sekali",5,2026-04-28 07:18:47,positif,lumayan lahdaripada gak megang uang
"saya suka dengan seabank, namun aku benci yang dimana ketika ingin membuka aplikasi memuat mulu atau ngelag. tolong perbaiki masalah ini",5,2026-04-28 07:16:29,positif,suka seabank benci mana buka aplikasi muat mulu ngelag tolong baik
"mantap,lancar jaya",5,2026-04-28 06:44:43,positif,mantaplancar jaya
"untuk sementara ini masih naik baik saja,",5,2026-04-28 06:31:59,positif,
iklan merusak suasana bermain,1,2026-04-28 06:31:21,negatif,iklan rusak suasana main
sangat menuaskan,5,2026-04-28 06:20:00,positif,tuas
ga da lagi developer seabank yg jago? masalah OTP nunggunya ngimbangin pembagian bansos..,1,2026-04-28 06:17:19,negatif,ga da developer seabank yg jago otp nunggunya ngimbangin bagi bansos
keren aplikasi joss,5,2026-04-28 06:11:43,positif,keren aplikasi joss
"Senang sekali sy menggunakan SeaBank, semua nya lancar dan aman, mau transfer juga tidak ada biaya admin, moga lebih di tingkat kan lagi kedepan nya.💪💪💪",5,2026-04-28 05:56:47,positif,senang sy seabank nya lancar aman transfer biaya admin moga tingkat depan nya
ngelag trs njir gasuka banget,1,2026-04-28 05:49:51,negatif,ngelag trs njir gasuka banget
mantap tingkat ke amanan ny,5,2026-04-28 05:39:09,positif,mantap tingkat aman ny
apk egois. sistem tidak berguna dengan baik. ga banget deh ini apk. apalagi admin nya ga pake banget dah. ga bisa selesaikan masalah nasabah nya. jadi mohon maaf kasih bintang 1 buat apk ini. udah terlanjur benci sama admin sama apk nya. maka dari itu ga akan mau pakai transaksi lagi di apk ini 🙏🙏,1,2026-04-28 05:12:47,negatif,apk egois sistem guna ga banget deh apk admin nya ga pake banget dah ga selesai nasabah nya mohon maaf kasih bintang apk udah lanjur benci admin apk nya ga pakai transaksi apk 
kaga jelas. masuk di minta in fhoto KTP lagi. pas masuk KTP anda Uda terdptar. ya knp di pintah lagi.....terus kaya gitu di pinta KTP LG....ane.....kaga masuk masuk jadi ya...,1,2026-04-28 04:58:52,negatif,kaga masuk in fhoto ktp pas masuk ktp uda terdptar ya knp pin lagiterus kaya gitu pinta ktp lganekaga masuk masuk ya
amanah dan aman,5,2026-04-28 04:52:22,positif,amanah aman
mudah digunakan dan sangat membantu,5,2026-04-28 04:45:55,positif,mudah bantu
ada bonus saldo bagi pengguna baru sebesar 200rb..setelah buka akun pertama ternyata bonus tersebut tidak ada..alias zonk,3,2026-04-28 04:29:46,netral,bonus saldo guna rbsetelah buka akun bonus adaalias zonk
sudah daftar tapi tetep ngg bisa,1,2026-04-28 04:27:30,negatif,daftar tetep ngg
Kenapa saya engga bisa masuk ke akun saya?,1,2026-04-28 04:23:01,negatif,engga masuk akun
bank trbaikkk krna smua trnsfer no admin cepat lengkap bayar apaapun smuanya lancar bunga harian dpat dan lebih senang lagi bisa dpat pinjaman dengan bunga yg tidak trlalu tinggi trmksih seabank saya sudah pakai selama 3thun lebih,5,2026-04-28 03:56:20,positif,bank trbaikkk krna smua trnsfer no admin cepat lengkap bayar apaapun smuanya lancar bunga hari dpat senang dpat pinjam bunga yg trlalu trmksih seabank pakai thun
sangat membant,5,2026-04-28 03:49:42,positif,membant
seabank ni kalo ada duid nya lemot banget !!!!!! sengajaapa gimana sih,1,2026-04-28 03:44:24,negatif,seabank ni kalo duid nya lot banget sengajaapa gimana sih
bikin kesel juga pelayanan lewat costomer servis. awal akun .di blokir tulisan .di aplikasi akses keamanandi batasi untuk alasan keamanan.. padahal waktu lelepon juga sudah di kasih data yang benar sesuai data akun .dan terahir transaksi dan nominal tapi masih blum bisa membantu alasan yang belum sesuai.padahal verivikasi juga sudah selesai. trus apa lagi yang harus di. isi datanya .iya kalau telepon murah sih gak apa apa telepon juga mahal pakai uang juga. tolong dong admin seabank.yang amanh,2,2026-04-28 03:41:48,negatif,bikin kesel layan costomer servis akun blokir tulis aplikasi akses keamanandi batas alas aman lelepon kasih data sesuai data akun terahir transaksi nominal blum bantu alas sesuaipadahal verivikasi selesai trus isi data iya telepon murah sih gak telepon mahal pakai uang tolong admin seabankyang amanh
system nya lelet,1,2026-04-28 03:38:52,negatif,system nya lelet
bagus mudah transfer kemana mana gratis,5,2026-04-28 03:19:18,positif,bagus mudah transfer mana gratis
enak sihh enakk pake apk seabank tuh segala mudah tapi ko tiba tiba rekening saya di tutup tanpa alasan yang jelas padahal engga buat pelanggaran apa apa anehh sihh,2,2026-04-28 03:15:00,negatif,enak sihh enakk pake apk seabank tuh mudah ko rekening tutup alas engga langgar anehh sihh
cs tdk membantu saldo deposito ke potong tidak jelas.,1,2026-04-28 02:59:02,negatif,cs tdk bantu saldo deposito potong
uangku hilang di sea bank. pdahal di email ada notif masuk di sea bank gak nambah saldo,2,2026-04-28 02:53:13,negatif,uang hilang sea bank pdahal email notif masuk sea bank gak nambah saldo
bagus dan bermanfaat bagi menyimpan uang atau tabungan👍,5,2026-04-28 02:49:11,positif,bagus manfaat simpan uang tabung
knp akun saya tidak bisa buka mohon penjelasannya,2,2026-04-28 02:39:59,negatif,knp akun buka mohon jelas
pelayanan buruk saya udah verivikasi wajah ktp di bilang data tidak sesuai padahal saya mau mintak tolong untuk bisa login karna saya lupa no hp dan udah gk aktif eeeh katanya data tidak sesuai padahal nama ibu kandung udah saya sebut alamat sesuai ktp sesuai yg mereka mintak eeeh katanya data gk sesuai 🤣🤣🤣 mukamu itu gk sesuai 🤣,2,2026-04-28 02:29:58,negatif,layan buruk udah verivikasi wajah ktp bilang data sesuai mintak tolong login karna lupa no hp udah gk aktif eeeh data sesuai nama kandung udah alamat sesuai ktp sesuai yg mintak eeeh data gk sesuai  muka gk sesuai 
bagus untuk menabung,5,2026-04-28 02:20:51,positif,bagus tabung
"menurutku bagus sieh apknya mudah, dan aman ples cepat, tapi sayang nya tdk ad sea bank merchant , itu sangat berguna bagi pembisnis"" lainya karena, jika tdk ad merchant harus mindah"" saldo ke seabank",4,2026-04-28 02:05:24,positif,turut bagus sieh apknya mudah aman ples cepat sayang nya tdk ad sea bank merchant guna bisnis lai tdk ad merchant mindah saldo seabank
tidak akan. menyesal menggunakan sea bank.. semenjak memakai sea bank semua jadi. mudah 👍,5,2026-04-28 02:01:56,positif,sesal sea bank semenjak pakai sea bank mudah 
"cukup memudahkan,cepat transaksi,cukup detail,keamanan terjamin",5,2026-04-28 01:38:44,positif,memudahkancepat transaksicukup detailkeamanan jamin
"dulu awal nyaman pakai seabank, sekarang saldo berkurang sendiri tanpa adanya transaksi 100rb bahkan bisa 500lebih",1,2026-04-28 01:27:54,negatif,nyaman pakai seabank saldo kurang transaksi rb
apa kah deposito di seabank bila di cairkan ke tabungan seabank bisa dapat bunga,5,2026-04-28 01:07:36,positif,kah deposito seabank cair tabung seabank bunga
"semenjak mengganggukan akun seabank, transaksi perbankan saya jadi lebih mudah dan cepat.. 👍👍👍👍👊",5,2026-04-28 01:04:27,positif,semenjak ganggu akun seabank transaksi perban mudah cepat 
simple GK byak neko...pokonya bagus,5,2026-04-28 00:56:44,positif,simple gk byak nekopokonya bagus
"aku dlu pernah daftar sea bank, terus sekarang mau aktif kan kembali tapi nomor hp nya sdh tidak aktif dan lupa nomor nya berapa, tolong di bantu min agar saya tetap bisa menggunakan sea dengan ktp saya",5,2026-04-27 23:57:55,positif,dlu daftar sea bank aktif nomor hp nya sdh aktif lupa nomor nya tolong bantu min sea ktp
Apakah ini harus menghapus apapun game yang dipakai,1,2026-04-27 23:32:44,negatif,hapus apa game pakai
Semoga aman dan terpercaya...,5,2026-04-27 23:13:58,positif,moga aman percaya
sangat mengecewakan gak bisa di gunakan apl gak menguntungkan,1,2026-04-27 22:22:31,negatif,kecewa gak apl gak untung
gak dapat fitur seanbnk pinjam,1,2026-04-27 21:40:10,negatif,gak fitur seanbnk pinjam
turun kualitas pelayanan,3,2026-04-27 19:29:31,netral,turun kualitas layan
"masih cobain fitur aplikasix dulu, jika mmbantu sy akn tambahkan bintangx",3,2026-04-27 19:19:15,netral,cobain fitur aplikasix mmbantu sy akn tambah bintangx
aktipkan seabank pinjaman,5,2026-04-27 19:11:21,positif,aktipkan seabank pinjam
kenapa gak bisa masuk keakun udah masuk pin gak bisa mah disuruh riset pin sama aja gak bisa masuk,1,2026-04-27 18:54:29,negatif,gak masuk akun udah masuk pin gak mah suruh riset pin aja gak masuk
kenapa saya tidak mendapatkan bonus 200rb pengguna baru?,1,2026-04-27 18:50:29,negatif,bonus rb guna
Bagus sangat berguna,5,2026-04-27 18:39:00,positif,bagus guna
Tolong update untuk foldable z flip5 via cover,3,2026-04-27 18:03:18,netral,tolong update foldable z flip via cover
mantap 🙏🙏,5,2026-04-27 17:31:06,positif,mantap 
goooooooooodddd,5,2026-04-27 17:22:23,positif,goooooooooodddd
trimakasi saebenk semuga aplikasi ini bisa bermamfaat buat saya untuk penabungan uang saya,5,2026-04-27 16:48:33,positif,trimakasi saebenk semuga aplikasi bermamfaat tabung uang
katanya daftar pertama dapat 200 ribu..rupanya tdk,1,2026-04-27 16:45:30,negatif,daftar riburupanya tdk
"kekurNgannya satu, klau bisa di kasih nada dering kl ada notip masuk dan keluar. selebihnya memang mantap seabank",4,2026-04-27 16:44:49,positif,kekurngannya klau kasih nada dering kl notip masuk lebih mantap seabank
sanggar bagus,5,2026-04-27 15:57:30,positif,sanggar bagus
"sekarang udah mulai kikir nih, kirim dana asalnya gak ada admin sekarang ada, bunga suku bunga sekarang udah di kurang lagi, mungkin nanti kirim antar bank lain kena admin juga",2,2026-04-27 15:35:18,negatif,udah kikir nih kirim dana asal gak admin bunga suku bunga udah kirim bank kena admin
bagus tapi pinjaman belum ke buka,5,2026-04-27 15:29:12,positif,bagus pinjam buka
"APLIKASI PALING RIBET, AKUN TERBLOKIR SEMENTARA CS NYA BANYAK BERTELETELE UDAH TAU PAKE PULSA",1,2026-04-27 14:31:46,negatif,aplikasi ribet akun blokir cs nya berteletele udah tau pake pulsa
tidak niat bikin promo,1,2026-04-27 14:31:20,negatif,niat bikin promo
saya ingin ngalaman,3,2026-04-27 14:20:58,netral,ngalaman
berharap banget bisa ajukan pinjaman di seabank,5,2026-04-27 14:09:28,positif,harap banget aju pinjam seabank
bagus bangat pokoknyaa tiap hri saldo nambah,5,2026-04-27 14:03:12,positif,bagus bangat pokoknyaa hri saldo nambah
apk ini sangat bagus 👍👍👍,5,2026-04-27 14:00:03,positif,apk bagus 
Mantaap,5,2026-04-27 13:48:36,positif,mantaap
apk bodokkk ga gunaa.,1,2026-04-27 13:37:52,negatif,apk bodokkk ga gunaa
Aplikasi perbankan terbaik menurut saya pribadi ga hanya uang nya aman tapi nambah penghasilan juga walaupun pendapat nya sedikit tapi seenggaknya nya tiap hari dpt penghasilan,5,2026-04-27 13:30:11,positif,aplikasi perban baik pribadi ga uang nya aman nambah hasil dapat nya enggak nya dpt hasil
sangat mbntu sekali,5,2026-04-27 13:23:18,positif,mbntu
sip pokok ny sangat membatu,5,2026-04-27 13:16:57,positif,sip pokok ny batu
Cs lelet banget,1,2026-04-27 12:58:23,negatif,cs lelet banget
i like,5,2026-04-27 12:48:17,positif,i like
👍❤️,4,2026-04-27 12:17:35,positif,
sala lupa pin kok gak bisa dibantu bos,3,2026-04-27 11:55:44,netral,sala lupa pin gak bantu bos
sedikit saran buat fitur bayar instan di shopee selain fitur pengenalan wajah kadang masih agak ribet bagaimana jika ada fitur biometrik lain misal fingerprint supaya lebih simple soalnya kamera depan hp saya KLO di daerah lowloght kurang bagus terima kasih aplikasinya bagus dan sangat membantu,5,2026-04-27 11:51:16,positif,saran fitur bayar instan shopee fitur kenal wajah kadang ribet fitur biometrik fingerprint simple kamera hp klo daerah lowloght bagus terima kasih aplikasi bagus bantu
bagus mantab,5,2026-04-27 11:50:14,positif,bagus mantab
kenapa seabank gx bisa kirim ke dana,3,2026-04-27 11:42:46,netral,seabank gx kirim dana
kenapa sih sekarang pas mau login delay nya astaga kadang nggak bisa padahal sinyal bagus,1,2026-04-27 11:29:30,negatif,sih pas login delay nya astaga kadang nggak sinyal bagus
kenapa saya susah login masuk ke akun rekening saya padahal saya sudah puny akun dan kenapa trus menerus putar putar di perivikasi ktp berulang ulang,5,2026-04-27 11:24:42,positif,susah login masuk akun rekening puny akun trus terus putar putar perivikasi ktp ulang ulang
"pelayanan bagus,",5,2026-04-27 11:20:17,positif,layan bagus
"kata ny buka rekening dpt 200rb.,bo'ong ahh",2,2026-04-27 11:10:46,negatif,ny buka rekening dpt rbboong ahh
"terlalu banyak bug, mau bli paket datang selalu muncul dana pengembalian",3,2026-04-27 11:08:50,netral,bug bli paket muncul dana kembali
"sangat, sangat, sangat memudahkan",5,2026-04-27 11:02:35,positif,mudah
merasa aman nabung di seabank,5,2026-04-27 10:59:29,positif,aman nabung seabank
seabank sekarang lemot jaringan bermasalah mulu sinyal bagus juga,1,2026-04-27 09:50:27,negatif,seabank lot jaring masalah mulu sinyal bagus
mantttap,5,2026-04-27 08:17:40,positif,mantttap
good seabank,5,2026-04-27 08:12:07,positif,good seabank
"FLeksibel dipakai,bebas iklan,bug,ataupun lelet,cepat bila dijalankan & mengakses smua menu2nya. Tapi di sayangkan pernah juga dipakai terkadang agak"" sulit membukanya pas saat koneksi lagi buruk / tidak stabil,terkadang perputarannya lambat banget dan cuma berputar-putar saja. mungkin cuma hal yang biasa terjadi di apps ini dan yang lain-lainnya sesuai pengalaman transaksi sukses,,masukan tuk perkembangannya dibenahi segalanya",5,2026-04-27 08:09:21,positif,fleksibel dipakaibebas iklanbugataupun leletcepat jalan akses smua menu sayang pakai terkadang sulit buka pas koneksi buruk stabilterkadang putar lambat banget berputarputar apps lainlainnya sesuai alam transaksi suksesmasukan tuk kembang benah
mumet,5,2026-04-27 08:06:21,positif,mumet
sangat baik dan bagus saldo di rekening aman,4,2026-04-27 07:39:06,positif,bagus saldo rekening aman
tidak memuaskan,2,2026-04-27 07:16:13,negatif,muas
"saya mau bayar Google Play melalui Shopee pay, kenapa saldo tabungan seabank sy yg dipotong, saya ngga mau bayar pake seabank tapi tetap dipotong. saya kecewa, tidak akan pakai seabank lg.",1,2026-04-27 06:49:30,negatif,bayar google play shopee pay saldo tabung seabank sy yg potong ngga bayar pake seabank potong kecewa pakai seabank lg
aplikasi ini sangat membantu buat transaksi ke uangan,5,2026-04-27 06:12:57,positif,aplikasi bantu transaksi uang
oke baik.sangat membantu,5,2026-04-27 06:01:02,positif,oke baiksangat bantu
krena blum ada seabank pinjam. jd saya kasih 1 dlu,1,2026-04-27 05:52:56,negatif,krena blum seabank pinjam jd kasih dlu
seabank keren banget,5,2026-04-27 05:42:59,positif,seabank keren banget
sudah daftar punya akun ada uangnya... trus kenapa pas login minta verifikasi scan KTP untuk buka rekening baru pas di jalanian bulak balik disitu terus ga bisa ke beranda ... apakah cacat login bermasalah,1,2026-04-27 05:30:32,negatif,daftar akun uang trus pas login verifikasi scan ktp buka rekening pas jalanian bulak situ ga beranda cacat login masalah
aplikasi merugikan saya g salah apa² tiba² akun seabank saya diblokir sementara.saya punya saldo didalam mau saya ambil tapi akun saya langsung diblokir sementara tau gini saya nd akan pake ni aplikasi merugikan,1,2026-04-27 05:06:53,negatif,aplikasi rugi g salah apa tiba akun seabank blokir sementarasaya saldo dalam ambil akun langsung blokir tau gin nd pake ni aplikasi rugi
Sering koneksi eror,3,2026-04-27 04:40:37,netral,koneksi eror
lumayan lh bagus,5,2026-04-27 04:27:52,positif,lumayan lh bagus
ok tp kadang lemot,5,2026-04-27 04:05:08,positif,ok tp kadang lot
bagus dengan adanya saebenk kita sangat terbantu,5,2026-04-27 04:04:07,positif,bagus saebenk bantu
belum di cobaaa,4,2026-04-27 02:45:10,positif,cobaaa
"pengguna lama, tetapi saat pengajuan pinjaman dua kali malah di tolak terus.",1,2026-04-27 02:19:44,negatif,guna aju pinjam kali tolak
"kok saya Ng gak dapat saldo gratis...di seabank padahal udah buka rekening baru.,he.he.he.tapi oke dan mantap buat seabank..semoga sukses dan makin banyak kelebihan dan kenyamanan seaBank...mantaaap..🙏🙏🙏👍👍👍👍👍",5,2026-04-27 02:09:58,positif,ng gak saldo gratisdi seabank udah buka rekening baruhehehetapi oke mantap seabanksemoga sukses lebih nyaman seabankmantaaap
ko kode otp nya belum msukk sii,1,2026-04-27 01:54:14,negatif,ko kode otp nya msukk sii
suka bgt sama sebank,5,2026-04-27 01:46:54,positif,suka bgt bank
sejauh ini aman aman ajha buat nabung di seabank,5,2026-04-27 01:39:02,positif,aman aman ajha nabung seabank
bagus sekli,5,2026-04-27 01:38:32,positif,bagus sekli
bener² lagi butuh pinjam ..coba ajukan pinjaman idh ke 4x di tolak ..🥲,3,2026-04-27 01:25:52,netral,bener butuh pinjam coba aju pinjam idh x tolak 
SANGAT MEMBANTU SEKALI UNTUK TRANSFER SEHARI HARI,5,2026-04-27 00:55:08,positif,bantu transfer hari
3tahun memakai aplikasi seabank buat teran saksi baru minjam 1500000 di tolak Jagan untung jadong pikir orang yg udah memakai aplikasi nya 🙏 burik atau burik,1,2026-04-27 00:36:29,negatif,pakai aplikasi seabank teran saksi minjam tolak jagan untung jadong pikir orang yg udah pakai aplikasi nya  burik burik
baik dan bagus,5,2026-04-27 00:31:53,positif,bagus
"sejauh in aku nyaman dan aman2 aj buat transaksi, sranya untuk trik tunai ditmbhin kouta nya",5,2026-04-27 00:24:54,positif,in nyaman aman aj transaksi sranya trik tunai ditmbhin kouta nya
Mantap sangat membantu,5,2026-04-27 00:16:42,positif,mantap bantu
emang beneran dana 200 000,5,2026-04-26 22:24:11,positif,emang beneran dana
mantap sangat membantu dalam melakukan transaksi,5,2026-04-26 22:16:47,positif,mantap bantu transaksi
"Min tolong kasih saya fitur seabank pinjam,saya udah sering bertransaksi di seabank,shoope tapi belum muncul fitur seabank pinjam..",4,2026-04-26 22:08:38,positif,min tolong kasih fitur seabank pinjamsaya udah transaksi seabankshoope muncul fitur seabank pinjam
salah satu Bank digital yg sangat membatu kebutuhan dana mendadak dengan bunga pinjaman lumayan rendah,5,2026-04-26 21:59:57,positif,salah bank digital yg batu butuh dana dadak bunga pinjam lumayan rendah
kalo terblokir akibat banyak verifikasi wajah yang tidak terbaca gimana memulihkan kembali akun yang terblokir,3,2026-04-26 21:48:14,netral,kalo blokir akibat verifikasi wajah baca gimana pulih akun blokir
"semoga saya dpat 200 itu saya butuh ,buat bertahan di rantau",5,2026-04-26 21:17:12,positif,moga dpat butuh tahan rantau
bagus..,5,2026-04-26 19:45:09,positif,bagus
kenapa saldo saya ditahan padahal ga ngapa ngapain,1,2026-04-26 19:22:32,negatif,saldo tahan ga ngapa ngapain
bagus lancar.. semoga akun saya dapet fitur pinjaman.. akun saya sudah lama tapi belum dapet fitur pinjaman.. padahal transaksi lumayan banyak,5,2026-04-26 19:13:07,positif,bagus lancar moga akun dapet fitur pinjam akun dapet fitur pinjam transaksi lumayan
good best,4,2026-04-26 18:07:26,positif,good best
mantap ni bank apk nya ringan dan enk di genggam besst,5,2026-04-26 17:17:38,positif,mantap ni bank apk nya ringan enk genggam besst
mohon bantuan nya tidak bisa masuk akun yang terblokir padahal sudah verifikasi wajah,1,2026-04-26 17:07:51,negatif,mohon bantu nya masuk akun blokir verifikasi wajah
"saya suka dengan aplikasi seabank fiturnya mudah di pahami, dan juga untuk transaksi aman"" saja, kalau boleh buatin juga aplikasi merchant versi seabank plisss 🙏🙏",5,2026-04-26 16:25:45,positif,suka aplikasi seabank fiturnya mudah paham transaksi aman buatin aplikasi merchant versi seabank plisss 
"aplikasi cepat & ringan , antarmuka aplikasi di anggap simple, anti lemot, dan mudah di gunakan. Aman & terjamin, resmi terdaftar oleh OJK. bunga cair harian makasih seabank. tetap terbaik 👍💯",5,2026-04-26 15:40:04,positif,aplikasi cepat ringan antarmuka aplikasi anggap simple anti lot mudah aman jamin resmi daftar ojk bunga cair hari makasih seabank baik 
"Asli goodlah loh gan, program & internalnya lebih memadai dipakai,bebas iklan,bug,ataupun lelet. sip bila dijalankan dan mengakses semua menu2nya. Namun disayangkan pernah juga di pakai terkadang agak sulit membukanya pas saat koneksi lagi buruk / kurang bagus,terkadang perputarannya lambat yah dan cuma berputar-putar saja. mungkin cuma hal biasa terjadi di apps ini dan yang lain-lainnya sesuai pengalaman transaksi sukses,,masukan tuk kemajuannya di perbaiki lagi semua kekurangan.",5,2026-04-26 15:34:42,positif,asli goodlah loh gan program internal pada dipakaibebas iklanbugataupun lelet sip jalan akses menu sayang pakai terkadang sulit buka pas koneksi buruk bagusterkadang putar lambat yah berputarputar apps lainlainnya sesuai alam transaksi suksesmasukan tuk maju baik kurang
ok mantap banget,5,2026-04-26 15:19:13,positif,ok mantap banget
pin sudah benar minta reset pun terus,1,2026-04-26 14:47:14,negatif,pin reset
gampang di mengerti dan tampilan simple,5,2026-04-26 14:34:35,positif,gampang erti tampil simple
"baru bangt kemarin cowok ku ke hilangan 5 jt di SEA bank, udah kirim email juga gk di bls, plis itu gk ada riwayat transaksinya sama sekali tbtb ke longout sendiri, tolong yang sea bank di bantu , itu bukan yang yang kecil klo cuma uang 50 rb mah gak papa ini 5 jt lohh",1,2026-04-26 14:22:23,negatif,bangt kemarin cowok ku hilang jt sea bank udah kirim email gk bls plis gk riwayat transaksi tbtb longout tolong sea bank bantu klo uang rb mah gak papa jt lohh
"sekian lama saya pakai seabank, transaksi slalu lancar. gapernah ada potongan besar, saldo slalu aman. namun ada 1 kendala yg bagi saya, yaitu menghapus riwayat transaksi nya gak ada. andaikan ada fitur penghapus riwayat transaksi, saya tidak akan sering berantem sama istri, setiap habis TF ke seludupan saya... tolong min, beri tahu jika ada fitur atau cara untuk menghapus riwayat yg udah lama numpuk.",5,2026-04-26 14:16:59,positif,sekian pakai seabank transaksi slalu lancar gapernah potong saldo slalu aman kendala yg hapus riwayat transaksi nya gak andai fitur hapus riwayat transaksi antem istri habis tf seludup tolong min fitur hapus riwayat yg udah numpuk
recomen bgggtt,4,2026-04-26 14:04:10,positif,recomen bgggtt
"udah bagus, tapi masukan nih, kartu debit tarik tunainya kok gak ada ya, online bank lain padahal ada...itu aja kekuranannya....managemnt yuukk kasih kartunya dong",4,2026-04-26 13:58:32,positif,udah bagus masuk nih kartu debit tarik tunai gak ya online bank adaitu aja kekuranannyamanagemnt yuukk kasih kartu
SANGAT MEMBANTU KEUANGAN,5,2026-04-26 13:57:53,positif,bantu uang
kalo pembayaran gagal 0% balik saldo lagi,1,2026-04-26 13:55:47,negatif,kalo bayar gagal saldo
"aplikasi gila, uang ada di dalam tapi login di bilang internet buruk aplikasi saket, setiap di butuhin egk bisa login kocak 😂",1,2026-04-26 13:47:26,negatif,aplikasi gila uang login bilang internet buruk aplikasi saket butuhin egk login kocak 
semoga dapet pinjaman dari seabang pinjam dan limit yang beaar,5,2026-04-26 13:35:06,positif,moga dapet pinjam abang pinjam limit beaar
gbisa dftar dan ada tulisan akun di batasii padahal baru dowload,1,2026-04-26 12:50:10,negatif,gbisa dftar tulis akun batasii dowload
KENAPA PIN BENER DISALAHIN GABISA LOGIN. KENAPAAAAAA. GIMANA CARA AKUNYA KEMBALI,1,2026-04-26 12:43:30,negatif,pin bener disalahin gabisa login kenapaaaaaa gimana aku
Jossss,5,2026-04-26 12:23:13,positif,jossss
"Saya pengguna baru Seabank, 5 star berarti bagus 👍, sayangnya untuk fitur Seabank Pinjam muncul untuk pengguna terpilih dan sering transaksi, seandainya pengguna baru langsung ada fitur tsb, transaksi apapun pasti ngikut.",5,2026-04-26 12:15:47,positif,guna seabank star bagus  sayang fitur seabank pinjam muncul guna pilih transaksi anda guna langsung fitur tsb transaksi apa ngikut
"kebanyakan eror kocakkkkk, sinyal bagus tulisan jaringan sibuk terus anj",1,2026-04-26 12:14:52,negatif,banyak eror kocakkkkk sinyal bagus tulis jaring sibuk anj
"Semenjak di kasih fingerprint jaringan kok malah jadi delay ya. Apalagi pas di update malah parah jaringan koneksi tidak stabil sama sekali.tapi pas buka aplikasi lain dan buka M-Banking aman aman saja cuma buat buka seabank gak bisa. Sempat di unistal, restart HP dan restart wifi juga masih tetap sama saja. Chat CS via email dan Medsos nya gak ada solusinya. malah di suruh laporan ke live chat nya. gimana mau live chat masuk saja jaringan gitu. Tolong segara di bantu dan segera di perbaiki",1,2026-04-26 12:12:59,negatif,semenjak kasih fingerprint jaring delay ya pas update parah jaring koneksi stabil sekalitapi pas buka aplikasi buka mbanking aman aman buka seabank gak unistal restart hp restart wifi chat cs via email medsos nya gak solusi suruh lapor live chat nya gimana live chat masuk jaring gitu tolong segara bantu baik
"aplikasi Seabank, sangat bagus untuk nyimpan saldo dan transaksi👍👍",5,2026-04-26 11:57:33,positif,aplikasi seabank bagus nyimpan saldo transaksi
aplikasi sudah bagus tapi kenapa saldo saya tertahan tindakan itu sangat menggangu transaksi saya mohon di bantu jawaban nya,3,2026-04-26 10:58:05,netral,aplikasi bagus saldo tahan tindak menggangu transaksi mohon bantu nya
klu pakai menabung seabank paling gacor lah...,5,2026-04-26 10:18:03,positif,klu pakai tabung seabank gacor
bad,1,2026-04-26 10:00:13,negatif,bad
"4 tahun pakai, kesimpulannya. Kemudahan :mudah dipakai, bug terus berkurang. Kecepatan: sangat cepat tanpa lag. Fitur : lengkap, semua bisa bayar apapun disini. Login : mudah Keamanan: terjamin, mulai finger print hingga retina. Jadi jangan ragu pakai SEABANK app. 👍👍",5,2026-04-26 09:14:20,positif,pakai simpul mudah mudah pakai bug kurang cepat cepat lag fitur lengkap bayar apa login mudah aman jamin finger print retina ragu pakai seabank app 
bagus sekali mudah buat transfee,5,2026-04-26 09:11:37,positif,bagus mudah transfee
pelayanan gk bagus pinjaman GK nongol nongol payahhh,1,2026-04-26 08:35:31,negatif,layan gk bagus pinjam gk nongol nongol payahhh
halo seabank tolong lah tolong bantu saya buka kembali akun saya yang terblokir,5,2026-04-26 08:27:45,positif,halo seabank tolong tolong bantu buka akun blokir
"busetttt seabank baik amat, super banget deh",5,2026-04-26 07:45:32,positif,busetttt seabank super banget deh
Sangat membantu buat transaksi lebih gampang gak ribet,5,2026-04-26 07:31:33,positif,bantu transaksi gampang gak ribet
yang penting keamanan slalu di tingkatkan,5,2026-04-26 07:29:35,positif,aman slalu tingkat
saya minta maaf atas kesalahsan saya tolong kembalikan akun seabank saya supaya saya bisa megunakan aplikasi ini dengan sebagaimana mestinya dan saya tidak akan mengulamgi kesalahan yang sama,2,2026-04-26 07:25:10,negatif,maaf kesalahsan tolong kembali akun seabank megunakan aplikasi mesti mengulamgi salah
ga jelas,1,2026-04-26 06:26:51,negatif,ga
"Jangan Install aplikasi ini jika karena ada imbalan, 200 Ribu nya scam, gak ada sama sekali.",1,2026-04-26 05:52:13,negatif,install aplikasi imbal ribu nya scam gak
"SeaBank aplikasi perbankan yang mudah, gak ribet dan sangat cepat 👍👍👍 terbaik buat SeaBank",5,2026-04-26 05:44:23,positif,seabank aplikasi perban mudah gak ribet cepat  baik seabank
saya coba dulu,4,2026-04-26 05:41:53,positif,coba
Semoga hari ini bisa daftar seabank,5,2026-04-26 05:00:30,positif,moga daftar seabank
mantap sy memudahkan dalam segala transaksi,5,2026-04-26 04:58:10,positif,mantap sy mudah transaksi
Baru Daftar,5,2026-04-26 04:47:40,positif,daftar
"akses akun dibatasi disuruh nelpon cs udah ditelpon disuruh nunggu 6 hari udah lewat dari 6 hari masih aja tetep gabisa dibuka, didalem rekening itu ada saldonya gimana si sistem nya",1,2026-04-26 04:46:22,negatif,akses akun batas suruh nelpon cs udah telpon suruh nunggu udah aja tetep gabisa buka dalem rekening saldo gimana si sistem nya
bestt,5,2026-04-26 04:30:40,positif,bestt
"saya pengguna apk seabank adh 2th tp tidak ada fitur pinjaman seabank,yg lain baru kmrn pake sdh adq fitur pinjman",4,2026-04-26 03:41:58,positif,guna apk seabank adh th tp fitur pinjam seabankyg kmrn pake sdh adq fitur pinjman
saya sangat suka apk seabank...mantap,5,2026-04-26 03:40:39,positif,suka apk seabankmantap
"bntr² suka error, pdhal lagi deadline pun, asik error aja ini seabank. mana uang udh di TF ke sini lagi, mau ditarik balik pun susah kalo gni",3,2026-04-26 03:39:45,netral,bntr suka error pdhal deadline asik error aja seabank uang udh tf tarik susah kalo gni
mantuk,5,2026-04-26 03:33:51,positif,mantuk
sangat bagus luar biasa,5,2026-04-26 03:26:55,positif,bagus
manttaap,5,2026-04-26 03:07:46,positif,manttaap
sangat mantapp saldo 200 rebu langsung cair di SEABENK tooop,5,2026-04-26 03:03:44,positif,mantapp saldo rebu langsung cair seabenk tooop
"jelek banget lu, banyak masalah, sering error lah inilah",1,2026-04-26 02:54:09,negatif,jelek banget lu error
"kenapa sih setiap buka apk nya, tf, atau qr bayar selalu ""layanan tidak tersedia"" ??? ngeselin tau ga?? gituu mulu, tolong dong gimana ini",2,2026-04-26 02:43:28,negatif,sih buka apk nya tf qr bayar layan sedia ngeselin tau ga gituu mulu tolong gimana
aplikasi banyak eror saya sudah transfer ke dana saya tetapi tidak masuk nominal nya tetapi di sea bank saya sudah di terima transfer nya??,1,2026-04-26 02:13:34,negatif,aplikasi eror transfer dana masuk nominal nya sea bank terima transfer nya
Salah satu bank yg menurut saya nyaris sempurna,5,2026-04-26 01:48:25,positif,salah bank yg sempurna
"mau daftar seabank lewat no tlp hrs pake kode, tp kode ga masuk2 ke SMS smpe di coba 2 HP, pdhal jaringan baguss bgttt buat main game aja lancar, nyoba buat aplikasi lain yg login harus pake kode, kode nya masuk, lah buat seabank ga masuk2 kode nya sampe berkali-kali di coba.",2,2026-04-26 01:30:00,negatif,daftar seabank no tlp hrs pake kode tp kode ga masuk sms smpe coba hp pdhal jaring baguss bgttt main game aja lancar nyoba aplikasi yg login pake kode kode nya masuk seabank ga masuk kode nya sampe berkalikali coba
bagus dan amanah,5,2026-04-26 00:47:48,positif,bagus amanah
sangat bermanfaat bagi masyarakat,5,2026-04-26 00:03:26,positif,manfaat masyarakat
bakus,4,2026-04-26 00:03:19,positif,bakus
"tolong diterima pendaftaran rek.sea bank saya ,saya untuk menabung dan investasi ,tolong di proses dan disetujui",5,2026-04-25 23:22:56,positif,tolong terima daftar reksea bank tabung investasi tolong proses tuju
udh dfr,5,2026-04-25 23:20:16,positif,udh dfr
aplikasi ini penipu. uang sy SDH 10 hari belum dikembalikan,1,2026-04-25 23:16:42,negatif,aplikasi tipu uang sy sdh kembali
Bagus lebih mudah untuk transaksi kemanapun 👍,5,2026-04-25 21:55:28,positif,bagus mudah transaksi mana 
apakah Seabank ada pijaman online.. gimana cara nya.. trimakasih ya kak.,4,2026-04-25 21:22:39,positif,seabank pijaman online gimana nya trimakasih ya kak
cukup enak d pake APl nya mudah,5,2026-04-25 21:00:02,positif,enak d pake apl nya mudah
knp aplikasi ini klo tekular trus gak misa msuk lagi,2,2026-04-25 20:32:03,negatif,knp aplikasi klo tekular trus gak misa msuk
Customer servicenya Cepat baik dan ramah,5,2026-04-25 20:26:19,positif,customer servicenya cepat ramah
mantap transfer cepat,5,2026-04-25 20:15:09,positif,mantap transfer cepat
perlu ada seabank pi jam,5,2026-04-25 20:02:17,positif,seabank pi jam
Awal nya mengira ini aplikasi buruk saat terblokir begitu bisa kembali ternyata saldo lama ku aman Ternyata Seabank the best of the best👍,5,2026-04-25 19:21:37,positif,nya aplikasi buruk blokir saldo ku aman seabank the best of the best
udah tf tapi ga masuk ke penerima.,1,2026-04-25 18:28:33,negatif,udah tf ga masuk terima
Sangat membantu untuk berbagi macam transaksi,5,2026-04-25 18:14:32,positif,bantu bagi transaksi
Semakin maju,5,2026-04-25 17:41:52,positif,maju
kami sudah buka rekening masih belum di kasih 200 ribu,2,2026-04-25 17:37:21,negatif,buka rekening kasih ribu
"aplikasi sangat bagus, mudah, dan cepat.. 👍",5,2026-04-25 17:10:23,positif,aplikasi bagus mudah cepat 
saya punya akun seabank tapi lupa no tlpn nya karna hp saya hilng gimana caranya bisa login ke akun lama ?,5,2026-04-25 17:04:48,positif,akun seabank lupa no tlpn nya karna hp hilng gimana login akun
"sangat....sangat membantu sekali, namun tolong di tingkatkan lagi utk pencairan melalui Alfamart/ Indomart, agar org awam tak merasa kesulitan.terimakasih dan semoga Sea Bank lebih maju lagi.....!!!",4,2026-04-25 17:01:15,positif,sangatsangat bantu tolong tingkat utk cair alfamart indomart org awam kesulitanterimakasih moga sea bank maju
"Terbagus goodlah,berguna juga ya,program & internalnya lebih baik dipakai,bebas iklan,bug,ataupun lelet,cepat bila dijalankan & mengakses semua menu2nya. Tapi di sayangkan pernah juga dipakai terkadang agak"" sulit membukanya pas saat koneksi lagi burik / tidak stabil,terkadang perputarannya lambat banget dan cuma berputar-putar saja. mungkin cuma hal yang biasa terjadi di apps ini dan yang lain-lainnya sesuai pengalaman transaksi lancar jaya,masukan tuk perkembangannya dibenahi tiap masala",5,2026-04-25 16:45:20,positif,bagus goodlahberguna yaprogram internal dipakaibebas iklanbugataupun leletcepat jalan akses menu sayang pakai terkadang sulit buka pas koneksi burik stabilterkadang putar lambat banget berputarputar apps lainlainnya sesuai alam transaksi lancar jayamasukan tuk kembang benah masala
3 dulu belum dapat fitur soalnya,4,2026-04-25 16:26:08,positif,fitur
nyaman dan cepat prosesnya pun GK ribet.,5,2026-04-25 16:13:09,positif,nyaman cepat proses gk ribet
Seabank mantap,5,2026-04-25 15:50:00,positif,seabank mantap
"saya merasa dirugikan. saya isi kuota 150k di seabank tertera sukses namun kuota tidak masuk² selama 20 menit lebih. akhirnya saya beli di apk lain kemudian menelpon CS seabank. disuruh nunggu 1x24 jam klo berhasil nanti kuota nya jadi, klo gagal uang nya kembali. tapi saya tetap rugi karena saya sudah membeli kuota dengan harga sama di apk lain dan lgsg berhasil. artinya saya bakal rugi 150k buat kuota yang harus nya masuk malah belum masuk!!!. sangat merugikan!.",3,2026-04-25 15:41:19,netral,rugi isi kuota k seabank tera sukses kuota masuk menit beli apk telpon cs seabank suruh nunggu x jam klo hasil kuota nya klo gagal uang nya rugi beli kuota harga apk lgsg hasil rugi k kuota nya masuk masuk rugi
"tolong ini akun saya kenapa ya, gagal terus password nya padahal password sudah benar, dan sudah saya ganti passwordnya masih ga bisa tetep gagal",2,2026-04-25 15:01:56,negatif,tolong akun ya gagal password nya password ganti passwordnya ga tetep gagal
sering bermasalah setiap TF ke dana pasti uang sangkut trus,1,2026-04-25 14:25:44,negatif,masalah tf dana uang sangkut trus
"tida terlalu bisa diandalkan kadang lavi butuh2 nya terus ada pemberitahuan pemeliharaan app mending bank konvensional, masih ada atm",2,2026-04-25 14:00:52,negatif,tida andal kadang lavi butuh nya pemberitahuan pelihara app mending bank konvensional atm
sering gangguan bos,5,2026-04-25 14:00:27,positif,ganggu bos
"Gangguan di jam 8 malam pas lagi malam Minggu cobaa, sungguh kocag!!",1,2026-04-25 13:56:49,negatif,ganggu jam malam pas malam minggu cobaa sungguh kocag
sanget rekomendasi,5,2026-04-25 13:52:46,positif,sanget rekomendasi
bagus sih tapi mengapa saat aku topup virtual account bukti transaksi nya berhasil namun tidak masuk di virtual account nya? saat saya melakukan nya kembali Dnegan nominal yang kecil itu berhasil pada keduanya? kemna saldo saya yang pertama ????,3,2026-04-25 13:50:35,netral,bagus sih topup virtual account bukti transaksi nya hasil masuk virtual account nya nya dnegan nominal hasil kemna saldo
buruk,5,2026-04-25 13:45:41,positif,buruk
seabank ta1k pemeliharaan sistem sesuka jidatnya....gk tau situasi kondisi orang lain pada butuh. bank ta1k gk jelas. pakai uang sendiri aja jadi dipersulit,1,2026-04-25 13:45:18,negatif,seabank pelihara sistem suka jidatnyagk tau situasi kondisi orang butuh bank gk pakai uang aja sulit
Kalo mau pemeliharaan perangkat jangan pas jam sibuk.. baru jam 8 malam udah pemeliharaan perangkat aja...,1,2026-04-25 13:41:43,negatif,kalo pelihara perangkat pas jam sibuk jam malam udah pelihara perangkat aja
"tolong dong dikit-dikit pemeliharaan masa iya setiap saat begitu, tolong secepatnya di perbaiki",4,2026-04-25 13:41:22,positif,tolong dikitdikit pelihara iya tolong cepat baik
terus maintenance saya ini di depan kasir gabisa bayar,5,2026-04-25 13:40:19,positif,maintenance kasir gabisa bayar
"Gangguannya lamaa bangett, mana lagi butuh uangnya parah",1,2026-04-25 13:40:06,negatif,ganggu lamaa bangett butuh uang parah
skrg keseringan maintenace aplikasi ini kyknya prlu cari aplikasi lain ini org lgi prlu prlu nya dalam perbaikan aduh aduhh 😔,4,2026-04-25 13:39:20,positif,skrg sering maintenace aplikasi kyknya prlu cari aplikasi org lgi prlu prlu nya baik aduh aduhh 
kenapa ga bisa login padahal udh update,1,2026-04-25 13:38:47,negatif,ga login udh update
Apk sangat buruk.. Lagi mantance rekening di tutup. Pelayan admin apk sea bank robot.. Lain yang di tanya lain yang di jawab. Saya kecewa memakai sea Bank. Sedang kan saya lagi perlu untuk transfer malah pemeliharaan kayak situs judol aja ni BANK. GAK KAYAK APAK ewallet DANA. benci gua sistem sea bank,1,2026-04-25 13:38:00,negatif,apk buruk mantance rekening tutup layan admin apk sea bank robot kecewa pakai sea bank transfer pelihara kayak situs judol aja ni bank gak kayak apak ewallet dana benci gua sistem sea bank
gangguan kah ini,5,2026-04-25 13:35:59,positif,ganggu kah
gwe edit ulasanya karna piturnya jlek sipijam ajah gak ada padahal sering teansaksi👎👎👎👎👎,2,2026-04-25 13:33:30,negatif,gwe edit ulasanya karna piturnya jlek sipijam ajah gak teansaksi
sering gangguan aplikasi nya saya kurangi bintang nya,4,2026-04-25 13:33:13,positif,ganggu aplikasi nya kurang bintang nya
ko bisa gangguan disaat dibutuhkan,1,2026-04-25 13:31:03,negatif,ko ganggu saat butuh
"busuk kli, tbtb pemeliharaan sistem lagi dimoment genting dan uang semua didalam",1,2026-04-25 13:30:07,negatif,busuk kli tbtb pelihara sistem dimoment genting uang dalam
kenapa sih mau masuk ke akun seabank ga bisa mulu...???,1,2026-04-25 13:29:39,negatif,sih masuk akun seabank ga mulu
sering eror a pas malam,1,2026-04-25 13:29:28,negatif,eror a pas malam
"apa apaan ini, login gak bisa sistem sibuk terus udah refresh jaringan, masih gak bisa masuk",1,2026-04-25 13:29:21,negatif,login gak sistem sibuk udah refresh jaring gak masuk
halahh gua pen bayar indomaret malah maintance KOCAK alasan gua punya satu e walet ini apk memang sangat bagus tapi kocak malu maluin gua lu ya,3,2026-04-25 13:28:56,netral,halahh gua pen bayar indomaret maintance kocak alas gua e walet apk bagus kocak malu maluin gua lu ya
selalu ada perbaikan mulu nih akun gua mau lu apa si mempersulit hidup orang mulu,1,2026-04-25 13:28:00,negatif,baik mulu nih akun gua lu si sulit hidup orang mulu
banyak eror nya,1,2026-04-25 13:25:02,negatif,eror nya
Kenapa sekarang gampang eror seabank,5,2026-04-25 13:23:37,positif,gampang eror seabank
tolol gk bisa d buka2,1,2026-04-25 13:22:49,negatif,tolol gk d buka
saya gak bisa login knapa ya,4,2026-04-25 13:21:12,positif,gak login knapa ya
"saat update aplikasi ini ke versi terbaru ada masalah : 1.terdapat bug saat transfer ke bank lain dgn tulisan ""system busy"" 2.saat pertama kali masuk aplikasi seabank, fingerprint tidak berfungsi ""terdapat kendala sistem"" 3.saat melakukan pembayaran spaylater dan spinjam terdapat bug tidak bisa melakukan pembayaran ""system terkendala"" tolong secepatnya di perbaiki biar ga ngebug sekian",3,2026-04-25 13:18:15,netral,update aplikasi versi baru bug transfer bank dgn tulis system busy kali masuk aplikasi seabank fingerprint fungsi kendala sistem bayar spaylater spinjam bug bayar system kendala tolong cepat baik biar ga ngebug sekian
jangan simpan uang disini sering kendala sistem gabisa dibuka sama sekali pengaduan sulit,1,2026-04-25 13:18:04,negatif,simpan uang kendala sistem gabisa buka adu sulit
"ini kenapa,saya mau transaksi,malah gak bisa di buka aplikasinya?",3,2026-04-25 13:12:07,netral,kenapasaya transaksimalah gak buka aplikasi
"rawan banget sekarang pakai seabank sering gangguan,udh ga recommended banget",1,2026-04-25 13:10:49,negatif,rawan banget pakai seabank gangguanudh ga recommended banget
"ko lelet sekarang ya ,sistemnya harus di upgrade lagi",4,2026-04-25 13:09:50,positif,ko lelet ya sistem upgrade
kok gabisa login? terdapat kendala sistem katany,2,2026-04-25 13:09:39,negatif,gabisa login kendala sistem katany
np. g bisa kebuka seabank y,2,2026-04-25 13:09:30,negatif,np g buka seabank y
Jaringan Bagus malah gak bisa login,2,2026-04-25 13:06:29,negatif,jaring bagus gak login
lemooooot bangeeeeet,1,2026-04-25 12:59:51,negatif,lemooooot bangeeeeet
luat bisa,5,2026-04-25 12:38:33,positif,luat
bagus cepat layan na nya,5,2026-04-25 12:24:57,positif,bagus cepat layan na nya
mantap bosku 🙏,5,2026-04-25 11:52:01,positif,mantap bos 
Àplikasi bank digital yang bagus cepat dan lancar,5,2026-04-25 11:24:37,positif,plikasi bank digital bagus cepat lancar
saya tidak bisa membuka seabank,1,2026-04-25 10:59:01,negatif,buka seabank
gratis lagi dong buat tf ke dana dan ewallet lainnya,4,2026-04-25 10:36:54,positif,gratis tf dana ewallet
"Transaksi cepat , murah dana aman",5,2026-04-25 09:58:35,positif,transaksi cepat murah dana aman
mantap...beda sama yang lain,4,2026-04-25 09:33:28,positif,mantapbeda
Sangat sangat membantu.,5,2026-04-25 09:24:12,positif,bantu
sangat membantu!!!,5,2026-04-25 08:58:26,positif,bantu
"saya dengar syank bagus, saya ingin punya..",5,2026-04-25 08:53:39,positif,dengar syank bagus
transfer ke semua bank gratis dan cepat,5,2026-04-25 08:25:50,positif,transfer bank gratis cepat
sangat puas sama pelayanan y,4,2026-04-25 08:11:26,positif,puas layan y
susah dapat code notip,2,2026-04-25 08:02:48,negatif,susah code notip
"pengiriman tidak bisa melebihi limit ,KACAU",1,2026-04-25 07:51:48,negatif,kirim lebih limit kacau
"kecewa sekali dengan seabank, dikasih limit pinjam 11.250.000, mau cairkan 6.000.000 tapi pengajuan ditolak dan disuruh nunggu 30 hari.",3,2026-04-25 07:48:49,netral,kecewa seabank kasih limit pinjam cair aju tolak suruh nunggu
anjayy,5,2026-04-25 07:26:58,positif,anjayy
sangat membantu buat kita yg ga pnya rekening bank,5,2026-04-25 06:37:14,positif,bantu yg ga pnya rekening bank
kata download dapat saldo 100k ko aq download gak ada dan juga cara masuk kode gimana,1,2026-04-25 06:36:10,negatif,download saldo k ko aq download gak masuk kode gimana
kerennn,5,2026-04-25 06:33:28,positif,kerennn
"gausah nyimpan uang disini deh, uang ku ke kuras semua, tiba tiba pin di ganti sea bank giliran ganti sandi ada transaksi yang tdk diketahui",1,2026-04-25 06:30:41,negatif,gausah nyimpan uang deh uang ku kuras pin ganti sea bank gilir ganti sandi transaksi tdk
salah transfer dana bisa kah uang kembali,1,2026-04-25 06:01:26,negatif,salah transfer dana kah uang
keyen,5,2026-04-25 05:43:13,positif,yen
"sangat mudah, gak ribet... pokoknya top markotop",5,2026-04-25 05:13:03,positif,mudah gak ribet pokok top markotop
sangat puas nabung di SEA bank proses transfer atau Terima uang sangat cepat mudah pula penggunaan aplikasi nya.,5,2026-04-25 05:08:41,positif,puas nabung sea bank proses transfer terima uang cepat mudah guna aplikasi nya
apknya bagus sekali,5,2026-04-25 05:08:00,positif,apknya bagus
enakk banget pakek bank inibanyak gratis nya tapi sayang bunga makin lama menurun,3,2026-04-25 05:07:50,netral,enakk banget pakek bank inibanyak gratis nya sayang bunga turun
"sangat membantu, mudah, simpel, dan pasti nya sangat aman, sukses selalu ya.",5,2026-04-25 04:48:09,positif,bantu mudah simpel nya aman sukses ya
"penipuan!! mending kalian yang udah instal buruan pindah saldo and uninstall udah 2 tahunan make akhirnya ilang juga saldonya, mana isinya banyak",1,2026-04-25 04:43:06,negatif,tipu mending udah instal buru pindah saldo and uninstall udah tahun make ilang saldo isi
sampah penanganan proses transaksi sangat lambat,1,2026-04-25 04:19:08,negatif,sampah tangan proses transaksi lambat
kenapa seabank pinjam tombol konfirmasi nya tidak bisa,5,2026-04-25 03:13:58,positif,seabank pinjam tombol konfirmasi nya
"kalo tidak berhasil transaksinya batalkan saja ya,,udah setengah jam ga masuk,,",1,2026-04-25 02:47:29,negatif,kalo hasil transaksi batal yaudah jam ga masuk
"mantap seabank jdi memudahkan aku buat ngirim ngirim saldo praktis,mudah trus cpat prosesnya mntap lah pokonya",5,2026-04-25 02:20:52,positif,mantap seabank jdi mudah ngirim ngirim saldo praktismudah trus cpat proses mntap poko
Bagus untuk Kita,5,2026-04-25 02:00:12,positif,bagus
"sangat ok... tranfer ke lain bank gratis, praktis dan mudah",5,2026-04-25 01:54:34,positif,ok tranfer bank gratis praktis mudah
mantap jaya terus,5,2026-04-25 01:54:23,positif,mantap jaya
sangat cocok untuk transaksi,5,2026-04-25 00:36:22,positif,cocok transaksi
oke app,5,2026-04-25 00:27:23,positif,oke app
enak pakai seabank,5,2026-04-24 23:55:47,positif,enak pakai seabank
sayang saya ngk dapat pyleter,5,2026-04-24 23:07:13,positif,sayang ngk pyleter
"Saya lupa no handpone dan akun tidak dapat login., Saya sudah isi formulir penggantian no handpone namun sampai saat ini gak di ganti"" no handpone nya hadehh",1,2026-04-24 22:41:30,negatif,lupa no handpone akun login isi formulir ganti no handpone gak ganti no handpone nya hadehh
sangat mudah digunakan..aman terpercaya,5,2026-04-24 22:29:01,positif,mudah digunakanaman percaya
"jngan mw download hati2 dengan sea bank,, lupa pasword lupa nmor HP ga bkln bisa membuka rekening ny, walopun fto KTP seribu kali ga bkln bisa msuk,, hati2 barang kali yg msukin saldo bnyak harap berhati2, uang ny bisa ilang",1,2026-04-24 21:49:32,negatif,jngan mw download hati sea bank lupa pasword lupa nmor hp ga bkln buka rekening ny walopun fto ktp ribu kali ga bkln msuk hati barang kali yg msukin saldo bnyak harap hati uang ny ilang
sering minta upload KTP sampai sekarang ngga berhasil mana saldo ngendap lagi.,1,2026-04-24 20:50:12,negatif,upload ktp ngga hasil saldo ngendap
bagus nyaman dan aman,5,2026-04-24 19:57:51,positif,bagus nyaman aman
kenapa punya saya tidak bisa paylater ya,5,2026-04-24 19:57:23,positif,paylater ya
"sistem sangat buruk, transaksi yang dalam status proses, harus di tahan dan menunggu berhari"" baru bisa kembali. kalau gagal kanapa tidak langsung di kembalikan. bisa jadi saldo yang di proses itu, sangat di butuhkan oleh seseorang. hak kalian apa? nahan saldo costumer.",1,2026-04-24 19:37:25,negatif,sistem buruk transaksi status proses tahan tunggu hari gagal kanapa langsung kembali saldo proses butuh hak nahan saldo costumer
keren banget apk ini,5,2026-04-24 18:45:42,positif,keren banget apk
"aplikasi seabank menurut saya pribadi!!!!!!!!!!!!!! aplikasi yang sangat mengecewakan!!!!!!!, karena untuk permasalahan transaksi gagal tak unjung usai dari tanggal 23/04/2026 sampai sekarang (tidak ada kepastian/titik terang) ... dengan pertanyaan/jawaban selalu putar puter 1x24jam, pikir selalu logika dan otak yang sehat!!! aplikasi secanggih begini tidak bisa menyelesaikan permasalahan transaksi cuman 70rb... belum kembali ke dana ya",1,2026-04-24 18:20:21,negatif,aplikasi seabank pribadi aplikasi kecewa masalah transaksi gagal unjung tanggal kepastiantitik terang pertanyaanjawaban putar puter xjam pikir logika otak sehat aplikasi canggih selesai masalah transaksi cuman rb dana ya
seabank emng enk banget buat tabung duit,4,2026-04-24 17:55:51,positif,seabank emng enk banget tabung duit
"simpan dan tarik tunai gratis tanpa admin,transfer juga mudah",5,2026-04-24 17:37:17,positif,simpan tarik tunai gratis admintransfer mudah
sangat berguna bnget dan no ribet ..simple,5,2026-04-24 17:30:54,positif,guna bnget no ribet simple
TIDAK BISA DIPENCET/BUG DAN TIDAK BISA DAFTAR VERIFED MASUK AKUN,1,2026-04-24 17:26:10,negatif,dipencetbug daftar verifed masuk akun
"halo seabank, semoga seabank bisa Menyimpan Dana Para Nasabah setia dengan Aman, dan juga Transaksi ke bank lain juga ke EWallet makin Di Lengkapi, Juga bisa diTingkatkan Bunga bank per a/n, sehingga Seabank bisa Terus DiPercaya oleh Para Nasabahnya. thanks seabank.",5,2026-04-24 17:09:33,positif,halo seabank moga seabank simpan dana nasabah setia aman transaksi bank ewallet lengkap tingkat bunga bank an seabank percaya nasabah thanks seabank
kenapa yang punya saya susah masuk ke akun saya sendiri,2,2026-04-24 17:05:28,negatif,susah masuk akun
"saya pengguna baru mau daftar, seharian saya tunggin sms otp nya ngk masuk-masuk, sudah saya hubungi CS tetap aja ngk bisa",2,2026-04-24 16:47:16,negatif,guna daftar hari tunggin sms otp nya ngk masukmasuk hubung cs aja ngk
bagus sangat membantu terima kasih,5,2026-04-24 16:44:52,positif,bagus bantu terima kasih
seabank mantap transaksi cepat 👍👍👍,5,2026-04-24 16:44:04,positif,seabank mantap transaksi cepat 
SeaBank Bagus dan mudah untuk di gunakan sebagai alat Transaksi ke uangan Anda.,5,2026-04-24 15:45:30,positif,seabank bagus mudah alat transaksi uang
mantap semua cepet dapet pinjaman,5,2026-04-24 15:43:50,positif,mantap cepet dapet pinjam
terimah kasih atas adanya seaBabk sangat membantu kita semua,5,2026-04-24 15:17:26,positif,terimah kasih seababk bantu
customer service nya pada sibuk semua di hubungi,1,2026-04-24 15:08:57,negatif,customer service nya sibuk hubung
Bagus sekali,5,2026-04-24 14:46:16,positif,bagus
sangt mempermudah,5,2026-04-24 14:38:11,positif,sangt mudah
kakkk tolongg dongg akun sea bank aku kena AE1001 tolong dong kak udah feriv wajah mash aja gak bisa udah nyantumin Nik juga ternyata Nik sama no terdaftar beda aku lupaa lagi no terdaftar nya😭tolongg kak Mana saldo nya semua Ada disitu Dan sekarang lagi butuh udah usaha tlvn Cs tapi gak bisaaa😭,2,2026-04-24 14:27:27,negatif,kakkk tolongg dongg akun sea bank kena ae tolong kak udah feriv wajah mash aja gak udah nyantumin nik nik no daftar beda lupaa no daftar nya tolongg kak saldo nya situ butuh udah usaha tlvn cs gak bisaaa
kenapa ini seabank ga bisa di buka waduhhh,2,2026-04-24 14:08:42,negatif,seabank ga buka waduhhh
5 bintang untuk seabank,5,2026-04-24 13:50:12,positif,bintang seabank
the best👍👍👍,5,2026-04-24 13:47:40,positif,the best
only the stars speak,5,2026-04-24 13:44:42,positif,only the stars speak
"jaringan dah bagus, ga bagus juga katanya",1,2026-04-24 13:42:56,negatif,jaring dah bagus ga bagus
sea bank mudah dan aman,5,2026-04-24 13:05:42,positif,sea bank mudah aman
aplikasi bobrok.,1,2026-04-24 12:59:49,negatif,aplikasi bobrok
bagus aplikasi nya saya suka,5,2026-04-24 12:57:24,positif,bagus aplikasi nya suka
"buka aplikasi susah banget sekarang, katanya koneksi internet padahal internet ga lag sama sekali",1,2026-04-24 12:53:35,negatif,buka aplikasi susah banget koneksi internet internet ga lag
sangat puas sekaliii,5,2026-04-24 12:45:39,positif,puas sekaliii
ganguan Mulu perbaiki dong,1,2026-04-24 12:44:05,negatif,ganguan mulu baik
"anda mendapatkan tiket undian, tau undianya aja nggak, pengumumanya gimana juga gak tau, di umumkan di website ,lah lo bikin aplikasi buat apa kocak, demikian sedikit kritik ala anak anak zaman now versi suayaa",4,2026-04-24 12:21:58,positif,tiket undi tau undianya aja nggak pengumumanya gimana gak tau umum website lo bikin aplikasi kocak kritik ala anak anak zaman now versi suayaa
"tolong di perbaiki kadang aku mau masuk kena bug, mau masuk pasti ""koneksi anda terputus"", palau kau putus buka aplikasi lain dan ke apk bank lain bisa lah ini seharian ga mau, sekali dua kali gpp ini sering jir",1,2026-04-24 12:18:31,negatif,tolong baik kadang masuk kena bug masuk koneksi putus palau kau putus buka aplikasi apk bank hari ga kali gpp jir
ga bisa login apk rusak mana uang masih ada di apk sea bank nya,1,2026-04-24 12:15:10,negatif,ga login apk rusak uang apk sea bank nya
"sering bug,tambah jelek... aplikasi nya",1,2026-04-24 11:51:21,negatif,bugtambah jelek aplikasi nya
seabank ok,5,2026-04-24 11:47:17,positif,seabank ok
saldo gak masuk terus,1,2026-04-24 11:38:19,negatif,saldo gak masuk
"saya pengguna seabank sudah 4thn,,semoga seabank punya kantor cabang dikota kami purwokerto banyumas jawa tengah",5,2026-04-24 11:28:30,positif,guna seabank thnsemoga seabank kantor cabang kota purwokerto banyumas jawa
bagus untuk nabung,5,2026-04-24 11:13:04,positif,bagus nabung
Coba dulu,5,2026-04-24 11:00:11,positif,coba
saya mau daftar rek seabank. mita kode otp gk maauk masuk malah akhirnya kena blokir. gk bisa minta kode otp lagi.,1,2026-04-24 10:47:41,negatif,daftar rek seabank mita kode otp gk maauk masuk kena blokir gk kode otp
aplikaainya bagus,5,2026-04-24 10:46:43,positif,aplikaainya bagus
suka keluar mulu kalo jauh dari keluarga gimna ini bank rek saya satu satunya di kasih ortu,2,2026-04-24 10:30:34,negatif,suka mulu kalo keluarga gimna bank rek satu kasih ortu
bener dapat bonus 200ribu,5,2026-04-24 10:28:30,positif,bener bonus ribu
"bintang q ubah lagi karna aplikasi nya semakin bagus dan garcep untuk segala transaksi,sangat puas dengan pelayanan nya,tapi ada 1 hal yg belum bisa di gunakan,yaitu SPinjam nya tidak prnah di konfirmasi,semoga bisa segera di gunakan SPinjam nya,terimakasih🙏",4,2026-04-24 09:52:30,positif,bintang q ubah karna aplikasi nya bagus garcep transaksisangat puas layan nyatapi yg gunakanyaitu spinjam nya prnah konfirmasisemoga spinjam nyaterimakasih
"Saya kasih 3 bintang. kenapa sih? kamera jelas, gak ada gerak/ guncangan/ gak pakai topi atau orang ke tiga. tapi tetap aja gak bisa scan Verivikasi wajah.",3,2026-04-24 09:32:04,netral,kasih bintang sih kamera gak gerak guncang gak pakai topi orang aja gak scan verivikasi wajah
mantab dan terpercaya,5,2026-04-24 09:26:07,positif,mantab percaya
"saya ucapkan terimakasih buat seabank,saya merasa nyaman aman dengan seabank semoga semakin maju dan sukses selalu buat seabank",5,2026-04-24 09:23:19,positif,ucap terimakasih seabanksaya nyaman aman seabank moga maju sukses seabank
"harapan saya semoga SeaBank dapat bekerja sama dengan KANTOR POS INDONESIA, agar memudahkan untuk bertrasaksi perbankan ke kantor poa",5,2026-04-24 08:54:36,positif,harap moga seabank kantor pos indonesia mudah bertrasaksi perban kantor poa
"saya sudah lama memakai seabank dan Alhamdulillah selama pemakaian tidak pernah ada kendala,malahan saya sangat terbantu sekali untuk teransaksi apapun sangat lebih mudah dan biyaya admin geratis,dan lebih membantu lagi di Seabank bisa pinjam uang tampa ribet 5menit langsung masuk dan bunga rendah,saya udah pinjam 15jt Alhamdulillah sekarang sudah lunas,saran saya untuk pinjaman tenornya harus bisa lebih lama lagi",5,2026-04-24 08:35:47,positif,pakai seabank alhamdulillah pakai kendalamalahan bantu teransaksi apa mudah biyaya admin geratisdan bantu seabank pinjam uang tampa ribet menit langsung masuk bunga rendahsaya udah pinjam jt alhamdulillah lunassaran pinjam tenor
saya g bisa masuk akun seabank saya,5,2026-04-24 08:32:59,positif,g masuk akun seabank
saya kirim dari paypal pengiriman berhasil hari jumat jam 14.00 tapi semapi jam 1700 b belum masuk uang saya belum masuk ke seabank..,5,2026-04-24 08:26:01,positif,kirim paypal kirim hasil jumat jam map jam b masuk uang masuk seabank
puas pakek aplikasi ini,5,2026-04-24 08:21:41,positif,puas pakek aplikasi
aplikasi ribet verifikasi nya terlalu rumit tidak mengenal Hp yang di gunakan .. minimal customer service MENGUNAKAN WhatsApp. sudah verifikasi wajah masih saja harus tlf customer..hadeuh aplikasi ribet banget,3,2026-04-24 08:12:13,netral,aplikasi ribet verifikasi nya rumit kenal hp minimal customer service mengunakan whatsapp verifikasi wajah tlf customerhadeuh aplikasi ribet banget
sip banget .. senang dengan aplikasi ini,5,2026-04-24 07:22:02,positif,sip banget senang aplikasi
kapan sih seabank di Indonesia punya kartu udh senyaman ini plis,5,2026-04-24 07:03:18,positif,sih seabank indonesia kartu udh nyaman plis
keren habisss,5,2026-04-24 06:52:41,positif,keren habisss
Seabank the best,5,2026-04-24 06:13:46,positif,seabank the best
sangat cocok sekali,5,2026-04-24 05:48:02,positif,cocok
semoga dapat motor supaya driver makin semangat.,5,2026-04-24 05:10:47,positif,moga motor driver semangat
Mantap sekali,5,2026-04-24 05:10:42,positif,mantap
apk gk jelas tolong pihak seabank untuk mempercepat proses transaksi saya dari kapan tau gk ke kirim kirim di proses terus .udh menghubungi cs nya jawaban tetep sama kaya gitu terus kalo kaya gini saya terpaksa hapus apk seabank....jika proses saya di percepat mungkin bakal saya kasih bintang 5 akun seabank atas nama diki,1,2026-04-24 04:58:39,negatif,apk gk tolong seabank cepat proses transaksi tau gk kirim kirim proses udh hubung cs nya tetep kaya gitu kalo kaya gin paksa hapus apk seabankjika proses cepat kasih bintang akun seabank nama dik
Matap nyimpen uang disini aman,5,2026-04-24 04:47:35,positif,matap nyimpen uang aman
kenapa aplikasi saya tidak ada fitur tarik tunai di Alfamart sedangkan teman saya ada,3,2026-04-24 04:35:17,netral,aplikasi fitur tarik tunai alfamart teman
"aku dri tdi di TF ud 1 jam ga masuk""",1,2026-04-24 04:33:14,negatif,dri tdi tf ud jam ga masuk
coba dlu klo bagus ku kasih bintang 5,4,2026-04-24 04:28:24,positif,coba dlu klo bagus ku kasih bintang
apk... mantap pokoknya👍👍,5,2026-04-24 04:26:34,positif,apk mantap pokok
"bintang 4 dulu soalnya kadang""gangguan entah dri apk nya atau gmna ga bisa di akses",4,2026-04-24 04:13:49,positif,bintang kadanggangguan dri apk nya gmna ga akses
"Transaksi Aman, Gratis dan Terpercaya",5,2026-04-24 04:04:58,positif,transaksi aman gratis percaya
akun keuangan kalau login wajib pindai wajah dan sidik jari biar ga di acak acak sama pengganda akun gmail,3,2026-04-24 03:58:25,netral,akun uang login wajib pindai wajah sidik jari biar ga acak acak ganda akun gmail
sang at risk digunakan,5,2026-04-24 03:51:27,positif,sang at risk
Alhamdulillah mudah2an bermanfaat Aaminnn,5,2026-04-24 03:45:52,positif,alhamdulillah mudah manfaat aaminnn
good simple free admin sangat membantu,5,2026-04-24 03:36:19,positif,good simple free admin bantu
membantu sekali memanage keuangan,5,2026-04-24 03:26:15,positif,bantu memanage uang
mengapa fitur seabank pinjam nya gak ada??,1,2026-04-24 03:13:03,negatif,fitur seabank pinjam nya gak
ga da bonus kata na dapat 200rb,5,2026-04-24 02:56:21,positif,ga da bonus na rb
Ok mantaaap ga ribettttt,5,2026-04-24 01:16:38,positif,ok mantaaap ga ribettttt
oke jga.,5,2026-04-24 00:58:15,positif,oke jga
"bagus dan cepat,murah meriyah",5,2026-04-24 00:05:42,positif,bagus cepatmurah meriyah
aplikasi bagus bgt sangat-sangat membantu,5,2026-04-23 23:59:00,positif,aplikasi bagus bgt sangatsangat bantu
"Anjiirr ini aplikasi seabank beneran best banget! Semua fitur mudah dipahami dan tnp iklan bug atau apapun. Yang utama itu ada fitur seabank pinjam yg mudah bnget disetujui. Kerenlah pokoknya ini aplikasi, beneran bermanfaat banget..",5,2026-04-23 23:33:15,positif,anjiirr aplikasi seabank beneran best banget fitur mudah paham tnp iklan bug apa utama fitur seabank pinjam yg mudah bnget tuju keren pokok aplikasi beneran manfaat banget
sistem bobrok,1,2026-04-23 23:18:50,negatif,sistem bobrok
"aplikasi yang sangat membantu buat usaha , cepat dan mudah. 👍👍👍👍",5,2026-04-23 22:40:32,positif,aplikasi bantu usaha cepat mudah 
"Selalu mendukung disetiap transaksi ,Good 👍🏼",5,2026-04-23 22:36:58,positif,dukung tiap transaksi good 
mudah tidak ribet bagus,5,2026-04-23 21:10:40,positif,mudah ribet bagus
sangat baik pelayanan nya,5,2026-04-23 20:27:54,positif,layan nya
gampang loging,5,2026-04-23 19:54:26,positif,gampang loging
penipuan ada di mana mana promosi ada langsung dapat 200 ribu tau tau nya gak ada,1,2026-04-23 19:46:14,negatif,tipu promosi langsung ribu tau tau nya gak
bgaus sangat bagus,5,2026-04-23 19:32:04,positif,bgaus bagus
baguss banget,5,2026-04-23 19:31:59,positif,baguss banget
aplikasi sangat baik,5,2026-04-23 18:34:14,positif,aplikasi
sanngat membantu ddan sangat. baguss,5,2026-04-23 18:01:33,positif,sanngat bantu ddan baguss
"mudah,cepat dan aman",5,2026-04-23 17:31:06,positif,mudahcepat aman
sangat bagus.,5,2026-04-23 17:29:54,positif,bagus
terimakasih seabank transfer cepat aman,5,2026-04-23 16:54:54,positif,terimakasih seabank transfer cepat aman
saya pengen ad pinjaman dari seabank,5,2026-04-23 16:50:32,positif,ken ad pinjam seabank
cepat aman terpercaya,5,2026-04-23 16:22:20,positif,cepat aman percaya
"Sip"" dan goodlah bngt,berguna juga ya,program & internalnya lebih baik digunakan,bebas iklan,bug,ataupun lelet,cepat bila dijalankan & mengakses semua menu2nya. Tapi di sayangkan pernah juga dipakai terkadang agak"" sulit membukanya pas saat koneksi lagi buruk / tidak stabil,terkadang perputarannya lambat banget dan cuma berputar-putar saja. mungkin cuma hal yang biasa terjadi di apps ini dan yang lain-lainnya sesuai pengalaman transaksi sukses,masukan tuk lebih baik dibenahi maximal",5,2026-04-23 15:56:59,positif,sip goodlah bngtberguna yaprogram internal digunakanbebas iklanbugataupun leletcepat jalan akses menu sayang pakai terkadang sulit buka pas koneksi buruk stabilterkadang putar lambat banget berputarputar apps lainlainnya sesuai alam transaksi suksesmasukan tuk benah maximal
saya nasabah atas nama Muhamad Ali Ibrohim Akun saya dibatasin gak bisa minta kode otp melalui email ya nomor hp gw daftar ke apk sebank hilang,5,2026-04-23 15:45:41,positif,nasabah nama muhamad ali ibrohim akun dibatasin gak kode otp email ya nomor hp gw daftar apk bank hilang
untk saat in kami belum rasakan nyamanx seabank,5,2026-04-23 15:26:35,positif,untk in rasa nyamanx seabank
"sangat mudah di pahami, dan sangat bagus",5,2026-04-23 15:05:40,positif,mudah paham bagus
cepat dan tanggap,5,2026-04-23 14:35:16,positif,cepat tanggap
"semangat, semoga kita menerima banyak manfaat dari SEA Bank",5,2026-04-23 14:28:54,positif,semangat moga terima manfaat sea bank
bru sy coba apk ini krn sy sering transaksi smoga bermanfaat dan rekomend,5,2026-04-23 14:27:50,positif,bru sy coba apk krn sy transaksi smoga manfaat rekomend
sederhana dan mudah di pahami,5,2026-04-23 14:21:39,positif,sederhana mudah paham
lumnyn,4,2026-04-23 14:02:21,positif,lumnyn
knpa tidak ada fitur pinjamnya saya.. padahal perbulan uang kluar masuk hampir 30 jt lebih saya,5,2026-04-23 13:47:12,positif,knpa fitur pinjam bulan uang kluar masuk jt
mantappp jos,5,2026-04-23 13:46:12,positif,mantappp jos
bekerja mencari rejeki,5,2026-04-23 13:27:14,positif,cari rejeki
bgus g da kendala..,5,2026-04-23 13:23:35,positif,bgus g da kendala
kok tidak bisa login? tertulis bahwa harus cek jaringan sedangkan jaringan aku tidak bermasalah,1,2026-04-23 13:14:04,negatif,login tulis cek jaring jaring masalah
Smg sukses slalu,5,2026-04-23 13:12:42,positif,smg sukses slalu
mantap dan puas,5,2026-04-23 13:10:12,positif,mantap puas
bagus cuman tolong di perbaiki kalau mau masuk kadang lama atau gagal padaha udah bener . kedepan nya tolong di perbaiki ya,5,2026-04-23 13:04:32,positif,bagus cuman tolong baik masuk kadang gagal padaha udah bener depan nya tolong baik ya
simple tanpa ribet mudah untuk bertransaksi dalam pengiriman via apapun,5,2026-04-23 12:55:17,positif,simple ribet mudah transaksi kirim via apa
aplikasi bank terjelek yg pernah ada,1,2026-04-23 12:54:38,negatif,aplikasi bank jelek yg
TOP dah pokoknya,5,2026-04-23 12:48:25,positif,top dah pokok
kenapa Gak ada pijeman uang di apk ku harus Adain ya Giman min tolong bantunya saya lagih butuh terimakasih,4,2026-04-23 12:11:48,positif,gak pijeman uang apk ku adain ya gim min tolong bantu lagih butuh terimakasih
ok trimakasih semoga aplikasi ini bermanfaat,5,2026-04-23 11:50:35,positif,ok trimakasih moga aplikasi manfaat
simple terpercaya,5,2026-04-23 11:00:23,positif,simple percaya
sangat membantu saya buat bisnis,5,2026-04-23 10:47:25,positif,bantu bisnis
sangat bagus keamanan terjamin,5,2026-04-23 10:30:59,positif,bagus aman jamin
"hti² jika ingin memakai aplikasi ini. , saya bersumpah Q mengalami ny di batasi akun pdahal verifikasi wajah sesuai... tdak bs login sudah sy cba tlpn berkali kali dg menelpon pakai pulsa BKN jumlah sdikit tapi hasil nya tetap nol untung saldo cm sdikit bayangkan jika anda punya saldo yang banyak di aplikasi seabank tersebut paraaaaah....!!! gak berkah aplikasimu silahkan kalian cek berpa kali saya menelpon jelas verifikasi berhasil tp tetap di gagalkan !!!",1,2026-04-23 09:59:02,negatif,hti pakai aplikasi sumpah q alami ny batas akun pdahal verifikasi wajah sesuai tdak bs login sy cba tlpn kali kali dg telpon pakai pulsa bkn sdikit hasil nya nol untung saldo cm sdikit bayang saldo aplikasi seabank paraaaaah gak berkah aplikasi silah cek berpa kali telpon verifikasi hasil tp gagal
sangat puas layanan cepat,5,2026-04-23 09:57:02,positif,puas layan cepat
apk mntap,5,2026-04-23 09:27:09,positif,apk mntap
bgs.,5,2026-04-23 09:24:32,positif,bgs
nggak jelas seabank ni . nggak muncul fitur seabank pinjam . padahal saya sudah sering bertransaksi menggunakan seabank . katanya di versi terbaru ada fitur pinjam . bohong nggak ada . di chat melalui email nggak direspon. lebih baik kuhapus saja akun ni . akun nggak jelas,1,2026-04-23 09:16:12,negatif,nggak seabank ni nggak muncul fitur seabank pinjam transaksi seabank versi baru fitur pinjam bohong nggak chat email nggak direspon hapus akun ni akun nggak
"bagus sih bintang 5 pokoknya, cuma kok punya saya tidak muncul seabank pinjam ya? padahal sudah sering transaksi di Shopee, Spinjam aku pun aktif bayar tepat waktu",5,2026-04-23 08:56:08,positif,bagus sih bintang pokok muncul seabank pinjam ya transaksi shopee spinjam aktif bayar
pokok nya ok deh,5,2026-04-23 08:53:41,positif,pokok nya ok deh
bagus dan mudah,5,2026-04-23 08:41:31,positif,bagus mudah
"woyyy seabank,kenapa sekarang gabisa login pake verivikasi wajah jadi sulit buat login,mana ada saldo nya lagi",1,2026-04-23 08:37:21,negatif,woyyy seabankkenapa gabisa login pake verivikasi wajah sulit loginmana saldo nya
aneh transaksi gagal tapi saldo udah terpotong. kirain seabank aman ternyata sama aja,1,2026-04-23 07:57:26,negatif,aneh transaksi gagal saldo udah potong kirain seabank aman aja
Aplikasi syetan gak bisa buka nomer rekening,1,2026-04-23 07:57:01,negatif,aplikasi syetan gak buka nomer rekening
😆,5,2026-04-23 07:56:07,positif,
Kok aplikaasi sea bank sayah dikunci,3,2026-04-23 07:51:14,netral,aplikaasi sea bank sayah kunci
mantap terpercaya,5,2026-04-23 07:23:42,positif,mantap percaya
pokoknya aman,5,2026-04-23 07:18:14,positif,pokok aman
kirim nya cepat Bagus,3,2026-04-23 07:02:45,netral,kirim nya cepat bagus
Sangat memuaskan udah bisa bergabung di sini,5,2026-04-23 06:40:28,positif,muas udah gabung
semoga limit pinjaman naik dan tenor pinjaman di perlama jada bisa buat modal usaha,5,2026-04-23 06:38:44,positif,moga limit pinjam tenor pinjam lama jada modal usaha
semoga cepat muncul spinjam nya,5,2026-04-23 06:36:32,positif,moga cepat muncul spinjam nya
lancar dan sangatlah membantu pelayanan dan semuanya oke banget tahanks u seabank,5,2026-04-23 06:33:17,positif,lancar bantu layan oke banget tahanks u seabank
"terlalu rumit, ulang ulang poto KTP tapi tidak berhasil, padahal sudah di tautkan ke akun Shopee KTP asli sudah di poto, tetap tidak berhasil",1,2026-04-23 06:29:36,negatif,rumit ulang ulang poto ktp hasil taut akun shopee ktp asli poto hasil
nasabah yg tipe seperti apa bisa mendapatkan modal usaha dari sea bank,5,2026-04-23 06:14:26,positif,nasabah yg tipe modal usaha sea bank
"cs nya mempersulit, akun saya terblokir harus telpon sana sini chat sana sini, udah di chat malah di suruh nelpon, kenapa sih kalo emang ingin memastikan kan tinggal tanyain data terus buka deh belokirannya",1,2026-04-23 05:53:13,negatif,cs nya sulit akun blokir telpon chat udah chat suruh nelpon sih kalo emang tinggal tanyain data buka deh belokirannya
nyaman bertransaksi,5,2026-04-23 05:42:40,positif,nyaman transaksi
"aneh data pin bisa di jebol,padahal saya tidak memberikan ke orang lain",2,2026-04-23 05:42:39,negatif,aneh data pin jebolpadahal orang
tanpa kendala dalam hal apapun,5,2026-04-23 05:26:00,positif,kendala apa
tidak bisa masuk ke akun seabank verivikasi lewat no hp dan verifikasi KTP kenapa bolak balik muter terus dari kemarin apk parah,2,2026-04-23 05:23:10,negatif,masuk akun seabank verivikasi no hp verifikasi ktp bolak muter kemarin apk parah
mntap dan bagus,5,2026-04-23 05:13:52,positif,mntap bagus
LEBIH BAIKKK DAN TERBAIK DARI PADA MBANKING LAINYA 🫶🏻🫶🏻🫶🏻🫶🏻🫶🏻🫶🏻🫶🏻🫶🏻🫶🏻🫶🏻🫶🏻,5,2026-04-23 05:09:53,positif,baikkk baik mbanking lai 
tolong jangan salah gunakan data saya ..karna sy mau login susah sekali ..di persulit padahal saya cuma lupa sandi..terus saya ingin ganti sandi TPI di seperti di persulit . jngan salah gunakan data orang sy ..kenapa di persulit sekali cuma mau ganti pin tdi kaya di di sengaja di persulit,5,2026-04-23 05:07:30,positif,tolong salah data karna sy login susah sulit lupa sanditerus ganti sandi tpi sulit jngan salah data orang sy sulit ganti pin tdi kaya sengaja sulit
"bagus,cepet ngga ribet",5,2026-04-23 04:33:00,positif,baguscepet ngga ribet
"di Account seabank saya belum ada Seabank Pinjam, Mohon Di munculkan Seabank Pinjam nya",1,2026-04-23 04:15:57,negatif,account seabank seabank pinjam mohon muncul seabank pinjam nya
"selamat siang akun seabank saya tidak bisa login ,di mohon untuk perbaiki karena akan di gunakan untuk melakukan transaksi.trimakasih",5,2026-04-23 03:14:30,positif,selamat siang akun seabank login mohon baik transaksitrimakasih
katanya ada bonus 200rb member pertama kok gak ada yang masuk seabank tolong dong jangan hanya katanya aja,3,2026-04-23 03:09:17,netral,bonus rb member gak masuk seabank tolong aja
"mobile banking terbaik , ga kayak wondr BNI transaksi belum berhasil tapi keterangan nya uang telah kembali ke akunmu . di mutasi nya ga ada . uang ga balik ke akun kali 100 ribu masalah . ini 5 juta ga di balikin. pelayan nya lama ga resposif .",5,2026-04-23 03:00:09,positif,mobile banking baik ga kayak wondr bni transaksi hasil terang nya uang akun mutasi nya ga uang ga akun kali ribu juta ga balikin layan nya ga resposif
mqntap,5,2026-04-23 02:27:19,positif,mqntap
"saya suka dgn aplikasi seaBank dn menggunakan, transaksi cukup baik dn cepat 👍",5,2026-04-23 02:03:24,positif,suka dgn aplikasi seabank dn transaksi dn cepat 
"admin terlalu tinggi, mudah di gunakan",4,2026-04-23 02:00:53,positif,admin mudah
keamanannya nihil anj. tiba² ngirim ke orang lain tanpa kasih notifikasi ke nomor hp saya,1,2026-04-23 01:54:13,negatif,aman nihil anj tiba ngirim orang kasih notifikasi nomor hp
ok makasih banyak seabnk,5,2026-04-23 01:53:06,positif,ok makasih seabnk
selama sya pake aplikasi seabank bagi sya sangat membantu dan sangat nyaman untuk d gunakan. seabank memang ok,5,2026-04-23 01:14:31,positif,sya pake aplikasi seabank sya bantu nyaman d seabank ok
apk yg sangat bagus buat menabung,5,2026-04-23 00:51:00,positif,apk yg bagus tabung
"aplikasinya bagus, mudah dan tidak lelet,, tapi seabank pinjam kok g muncul ya, kenapa itu",5,2026-04-23 00:43:20,positif,aplikasi bagus mudah lelet seabank pinjam g muncul ya
untuk admin seabank mobondi bantu proses kendalanya belum diproses udah 4 bulanan akun saya di blokir,2,2026-04-23 00:33:03,negatif,admin seabank mobondi bantu proses kendala proses udah bulan akun blokir
ooo seabank kata mu buka rekening dpat 200rb mana janjimu,4,2026-04-23 00:21:27,positif,ooo seabank mu buka rekening dpat rb janji
walau baru pake its ok,5,2026-04-23 00:10:10,positif,pake its ok
kemudahan transaksi uang dan gratis biaya,5,2026-04-22 23:58:15,positif,mudah transaksi uang gratis biaya
sangt membantu sekali,4,2026-04-22 23:53:17,positif,sangt bantu
semoga kedepannya lebih menguntungkan customer,5,2026-04-22 23:44:29,positif,moga depan untung customer
aplikasi yang sangat membantu banget,5,2026-04-22 23:32:35,positif,aplikasi bantu banget
mudah praktiz,5,2026-04-22 23:14:58,positif,mudah praktiz
okk banget,5,2026-04-22 22:53:55,positif,okk banget
Mudah digunakan,5,2026-04-22 22:30:12,positif,mudah
"mantap, proses cepat",5,2026-04-22 22:18:53,positif,mantap proses cepat
ggood job,5,2026-04-22 22:06:29,positif,ggood job
scamer embel embel dapat 100k di shope pay,1,2026-04-22 21:55:28,negatif,scamer embel embel k shope pay
sagat membantu,5,2026-04-22 19:54:29,positif,sagat bantu
sayang nya nda bisa pake nomor hp,5,2026-04-22 19:26:58,positif,sayang nya nda pake nomor hp
apk walet bagus nih,5,2026-04-22 19:11:43,positif,apk walet bagus nih
menu pinjam masih pilih2,4,2026-04-22 18:29:41,positif,menu pinjam pilih
ini kenapa ya setiap mau ubah email pasti gak bisa alasanya harus update ke versi terbaru padahal udah versi terbaru,5,2026-04-22 17:59:52,positif,ya ubah email gak alasanya update versi baru udah versi baru
ko saya ga ada pinjam,5,2026-04-22 17:28:45,positif,ko ga pinjam
biaya kirim alias gratis,5,2026-04-22 16:20:21,positif,biaya kirim alias gratis
ko sya tdk bisa nerima kode OTP sih kaka padahal saya mau daftar,3,2026-04-22 16:12:37,netral,ko sya tdk nerima kode otp sih kaka daftar
"Suka"" berguna banget,programnya dan internalnya lebih fleksibel dipakai,bebas iklan,bug,ataupun lelet,enak ketika dijalankan & mengakses smua fitur2nya. Tapi di sayangkan sering ketika dipakai terkadang agak"" sulit membukanya pas saat koneksi lagi buruk / tidak stabil,terkadang loadingnya lambat banget dan cuma berputar-putar saja. mungkin cuma hal yang biasa terjadi di apps ini dan yang lain-lainnya sesuai pengalaman transaksi sukses,,masukan tuk perkembanganya, kekurangannya agar dibenahi",5,2026-04-22 15:38:55,positif,suka guna bangetprogramnya internal fleksibel dipakaibebas iklanbugataupun leletenak jalan akses smua fiturnya sayang pakai terkadang sulit buka pas koneksi buruk stabilterkadang loadingnya lambat banget berputarputar apps lainlainnya sesuai alam transaksi suksesmasukan tuk perkembanganya kurang benah
"ini saya ga pernah ngersa transfer tepi kenapa ada yang bisa transfer dari aplikasi saya , alhasil uang saya ilang ? mohon di tindak lanjut",1,2026-04-22 15:24:12,negatif,ga ngersa transfer tepi transfer aplikasi alhasil uang ilang mohon tindak
simple dan mudah bertransaksi,5,2026-04-22 15:22:55,positif,simple mudah transaksi
sangat membantu dan berguna berkembang,5,2026-04-22 15:06:48,positif,bantu guna kembang
medut,5,2026-04-22 15:06:43,positif,medut
hoax bonus saldonya 200,1,2026-04-22 15:01:00,negatif,hoax bonus saldo
jelek sangat jelek bikin badmood transfer ke e wallet di tunda tapi saldo nya tetap kepotong males sama seabank,1,2026-04-22 14:50:29,negatif,jelek jelek bikin badmood transfer e wallet tunda saldo nya potong males seabank
satu hal sih make sudah lama transaksi di atas 100 jt masih gak muncul pinjaman online nya sedangkan yg baru bikin muncul pinjaman nya,1,2026-04-22 14:49:40,negatif,sih make transaksi jt gak muncul pinjam online nya yg bikin muncul pinjam nya
tolong dong munculkan pinjaman,5,2026-04-22 14:46:55,positif,tolong muncul pinjam
"limit melebihi batas - limit melebihi batas,, lah aplikasi ngarudetkeun",1,2026-04-22 14:43:41,negatif,limit lebih batas limit lebih batas aplikasi ngarudetkeun
dengan meningkatkan transaksi apakah bisa menjamin fitur seabank pinjam bisa muncul di akun seabank saya?,5,2026-04-22 14:23:58,positif,tingkat transaksi jamin fitur seabank pinjam muncul akun seabank
biasakan klo gangguan di tanganj dengan cepatt,1,2026-04-22 14:12:35,negatif,biasa klo ganggu tanganj cepatt
transfer dari seabank ke mandiri sampai Sekarng TDK masuk. dari tgl 16,1,2026-04-22 13:56:19,negatif,transfer seabank mandiri sekarng tdk masuk tgl
seabank transfer apapun bisa dan Medah cepat,5,2026-04-22 13:50:29,positif,seabank transfer apa medah cepat
aplikasi ini gak bisa di daftar di no hp ku setiap aku daftar kode otp tak pernah muncul,1,2026-04-22 13:13:56,negatif,aplikasi gak daftar no hp ku daftar kode otp muncul
sayah gak terima otp terus,5,2026-04-22 13:05:11,positif,sayah gak terima otp
sangat cocok untuk saya,5,2026-04-22 13:04:00,positif,cocok
bikin transaksi dishopee jadi lebih murah dan mudah,5,2026-04-22 12:55:22,positif,bikin transaksi dishopee murah mudah
"untuk pinjaman di seabank tolong agar bisa dipercepat pembayaran nya. terlalu lama klo harus nunggu tiap bulan, rejeki orang kan ga nentu. kadang punya rejeki mau bayar malah ga bisa, harus nunggu tanggal jatuh Tempo.",5,2026-04-22 12:51:11,positif,pinjam seabank tolong cepat bayar nya klo nunggu rejeki orang ga nentu kadang rejeki bayar ga nunggu tanggal jatuh tempo
sangt senang dn cpat,5,2026-04-22 12:47:25,positif,sangt senang dn cpat
udah 5 tahun pakai gak dapat PAYLATER transaksi tiap hari,5,2026-04-22 12:35:15,positif,udah pakai gak paylater transaksi
jelek banget menyusahkan lupa password mau reset harus telpon dulu pakai pulsa,1,2026-04-22 12:23:57,negatif,jelek banget susah lupa password reset telpon pakai pulsa
"aplikasi bagus satset ada bunga cair tiap hari juga untuk keuntungan,, terimakasih seabank tetap di pertahankan ya",5,2026-04-22 11:54:27,positif,aplikasi bagus satset bunga cair untung terimakasih seabank tahan ya
mudah dan membantu,5,2026-04-22 11:29:58,positif,mudah bantu
seabank itu aplikasi mantulll...sekarang cuman pake 1 aplikasi bank..yaitu seabank,5,2026-04-22 11:29:26,positif,seabank aplikasi mantulllsekarang cuman pake aplikasi bankyaitu seabank
"kalok boleh saran bayar pinjamannya bisa di tambahin bayar lebih awal gitu gak usah nunggu sampe jatuh tempo, sama in kek di Shopee terimakasih",5,2026-04-22 10:56:45,positif,kalok saran bayar pinjam tambahin bayar gitu gak nunggu sampe jatuh tempo in kek shopee terimakasih
tolong lah jangan kerjasama dengan indomaret prihal tarik tunai.. karna setiap kali aku tarik tunai di indomaret tiap kali yang terdengar oleh telinga saya belum ada uang kami kk..! terkesan macam mau malak orang aku.. padahal aku mau ambil uang ku.. tolong lah buat opsi tarik tunai pakai mesin atm,1,2026-04-22 10:26:30,negatif,tolong kerjasama indomaret prihal tarik tunai karna kali tarik tunai indomaret kali dengar telinga uang kk kes malak orang ambil uang ku tolong opsi tarik tunai pakai mesin atm
saya senang pake gampang prosesnya terimakasih,5,2026-04-22 10:12:02,positif,senang pake gampang proses terimakasih
is the best❤️‍🩹❤️‍🩹❤️‍🩹,5,2026-04-22 09:55:04,positif,is the best
Bagus katanya,5,2026-04-22 09:44:14,positif,bagus
jaringan eror terus mau buka aplikasi mau bayar orderan jadi tertunda.. trobel kok terus2an..,2,2026-04-22 09:43:07,negatif,jaring eror buka aplikasi bayar order tunda trobel terus
"mohon maaf saya kasih bintang 2 , sebenarnya enak pake seabank buat transaksi, tapi entah kenapa per hari ni tanggal 22/4/2026 , akun saya tiba tiba tidak bisa login, udah coba telpon CS, via live chat, via email, gak ada yg membantu, sampai verifikasi e-ktp nya ada tulisan ""tidak bisa membuat foto baru, coba lagi 1bulan berikutnya "" saya mohon untuk perbaikan akun saya,apalagi ada saldonya yg lumayan banyak untuk saya , sekarang saya masuk, masukin pin, udah masuk malah buka rekening baru lagi",2,2026-04-22 09:31:33,negatif,mohon maaf kasih bintang enak pake seabank transaksi ni tanggal akun login udah coba telpon cs via live chat via email gak yg bantu verifikasi ektp nya tulis foto coba mohon baik akun sayaapalagi saldo yg lumayan masuk masukin pin udah masuk buka rekening
QRis tidak bisa digunakan terima transferan kenapa ya,4,2026-04-22 08:56:04,positif,qris terima transfer ya
seaBang oke sangat membantu untuk transfer uang dan penarikan Bang yg aman,5,2026-04-22 08:50:53,positif,abang oke bantu transfer uang tari bang yg aman
saya mendapatkan transfer dari teman saya tapi belum masuk masuk ke akun saya padahal detailnya sudah sukses,1,2026-04-22 08:32:56,negatif,transfer teman masuk masuk akun detail sukses
"mantap , program yg sangat bagus tdk ada iklan dan bug, cuma jaringan susah agak sulit masuk ke aplikasi nya",5,2026-04-22 08:27:53,positif,mantap program yg bagus tdk iklan bug jaring susah sulit masuk aplikasi nya
"suka banget pakai seabank dia itu ga ada biaya admin untuk tf, narik uang juga bisa gratis beberapa kalii, yg aku suka juga dari seabank akun aku sempet ke blokir karena salah kata sandi dan ada saldo di sana sempet panik tapi setelah di coba terus Alhamdulillah ga pake ribet atau makan waktu lama akhirnya akun aku udah bisa di gunakan kembali dan saldonya amann. Mantapp seabank ini👍",5,2026-04-22 08:24:01,positif,suka banget pakai seabank ga biaya admin tf narik uang gratis kali yg suka seabank akun sempet blokir salah sandi saldo sempet panik coba alhamdulillah ga pake ribet makan akun udah saldo amann mantapp seabank ini
sangat memudahkan ber interaksi .,5,2026-04-22 08:09:06,positif,mudah ber interaksi
aplikasi bermasalah,1,2026-04-22 07:48:44,negatif,aplikasi masalah
coba dulu,3,2026-04-22 07:41:57,netral,coba
Sedang,5,2026-04-22 07:37:56,positif,
"mudah..gampang...cepat anti ribet ngg neko2,mantap full",5,2026-04-22 07:32:39,positif,mudahgampangcepat anti ribet ngg nekomantap full
baik dan mudah,5,2026-04-22 07:11:48,positif,mudah
baru buka rekening belum berpengalaman,5,2026-04-22 07:05:31,positif,buka rekening alam
"kenapa saldo di seabank ilang ya 50 smlm ada 100 rbu shrus,tadi baru dpt tfan 150 shrua nya jadi 250 knpaa jadi 206000 ya",1,2026-04-22 06:39:39,negatif,saldo seabank ilang ya smlm rbu shrustadi dpt tfan shrua nya knpaa ya
seabank pinjaman gak muncul,1,2026-04-22 06:37:32,negatif,seabank pinjam gak muncul
AHAT YG MAHA SEMPURNA AMIIIN,5,2026-04-22 06:26:51,positif,ahat yg maha sempurna amiiin
aktifkan fitur njaman seabank,5,2026-04-22 06:26:07,positif,aktif fitur njaman seabank
semua nya mudah melalui seabank,5,2026-04-22 06:21:44,positif,nya mudah seabank
bagus dan mudah nyaman transaksi lewat seabank,5,2026-04-22 06:05:31,positif,bagus mudah nyaman transaksi seabank
masuk sea bank,5,2026-04-22 06:03:36,positif,masuk sea bank
mudah di gunakan dan menguntungkan,5,2026-04-22 05:55:55,positif,mudah untung
ok lancar,5,2026-04-22 05:32:24,positif,ok lancar
coba aja dulu,4,2026-04-22 05:26:05,positif,coba aja
makin kesni aplikasi makin ga jelas.. maaf saya uninstall aplikasi nya tidak membantu,2,2026-04-22 05:22:00,negatif,kesni aplikasi ga maaf uninstall aplikasi nya bantu
cepat dan mudah Trax,5,2026-04-22 05:02:37,positif,cepat mudah trax
"kenapa SeaBank saya tidak bisa di buka,mohon bntuan yh",5,2026-04-22 04:48:14,positif,seabank bukamohon bntuan yh
"menu bantuan gak guna , pilihan telpon CS malah kaya kita ngobrol sama bot, saya gak bisa log in karena lupa nomer hp buat log in, sudah verifikasi muka tetep aja diarahin telpon CS bot anj",1,2026-04-22 04:40:30,negatif,menu bantu gak pilih telpon cs kaya ngobrol bot gak log in lupa nomer hp log in verifikasi muka tetep aja diarahin telpon cs bot anj
"ni aplikasi aneh, adek gua tf dari 12 maret sampe sekarang ga masuk. uda email, telfon cs hampir 20x malah dibilang yg tf penipuan. bener bener duit ilang gada kejelasan.",1,2026-04-22 04:25:45,negatif,ni aplikasi aneh adek gua tf maret sampe ga masuk uda email telfon cs x bilang yg tf tipu bener bener duit ilang gada jelas
ingin mengganti no hp saja susah padahal mau login lagi ga bisa. mau chat cs slow respon. tlvn cs suruh pengaduan di chat di bolak balikan.,1,2026-04-22 04:19:30,negatif,ganti no hp susah login ga chat cs slow respon tlvn cs suruh adu chat bolak balik
buat saat ini masih aman2 aja☺,5,2026-04-22 04:09:46,positif,aman aja
"good job sea bank...makin asik,makin sukses selalu Assalamualaikum 🙏🙏🙏semoga semakin sukses dan berbahagia",5,2026-04-22 04:02:09,positif,good job sea bankmakin asikmakin sukses assalamualaikum moga sukses bahagia
saya suka seabank mudah jelas akurat .. & gratis tf di semua bank . jg bunga rendah pinjam di seabank semoga sukses selalu kedepannya jaya selalu. tks,5,2026-04-22 03:46:11,positif,suka seabank mudah akurat gratis tf bank jg bunga rendah pinjam seabank moga sukses depan jaya tks
"Pelayanan jelek, saya beli makanan di merchant offline tgl 20 Maret '26, membayar dgn Qris seabank, dana kepotong di akun tapi tidak ada masuk ke merchant, itu sudah tek-tok an dengan penjual/merchant tsb selama 1 bulan, tapi seabank hanya janji2 investigasi 1 bulan tapi hasil nol, padahal sudah ditelpon& email, bahkan diberi bukti2 ss dr rekening merchant bhw dana belum masuk, tapi mrk seabank tidak perduli. bye seabank, semoga tidak ada korban dari jasa keuanganmu yang buruk",1,2026-04-22 03:26:59,negatif,layan jelek beli makan merchant offline tgl maret bayar dgn qris seabank dana potong akun masuk merchant tektok an penjualmerchant tsb seabank janji investigasi hasil nol telpon email bukti ss dr rekening merchant bhw dana masuk mrk seabank duli bye seabank moga korban jasa uang buruk
cepat & terpercaya,5,2026-04-22 03:18:27,positif,cepat percaya
bagus kali,5,2026-04-22 03:17:21,positif,bagus kali
Coba dulu siapa tau nyaman,4,2026-04-22 03:02:14,positif,coba tau nyaman
transaksi aman dan terjamin kualitasnya,4,2026-04-22 02:50:09,positif,transaksi aman jamin kualitas
mantap seabank andalan saya,5,2026-04-22 02:16:55,positif,mantap seabank andal
ingin fitur seabank pinjam,5,2026-04-22 02:03:22,positif,fitur seabank pinjam
mudah di gunakan dan sangat membantu .. thanks,5,2026-04-22 01:56:04,positif,mudah bantu thanks
baik baik saja,5,2026-04-22 01:49:50,positif,
tolong dong buatin kartu ATM seabank,5,2026-04-22 01:29:09,positif,tolong buatin kartu atm seabank
sangat membantu terimakasi SEABANK,4,2026-04-22 01:21:04,positif,bantu terimakasi seabank
keren transaksi dg sea bank,5,2026-04-22 01:19:41,positif,keren transaksi dg sea bank
amanah tercepat,5,2026-04-22 00:36:59,positif,amanah cepat
"proses pengiriman uang cepat, tidak pakai lama♥️♥️👍👍",5,2026-04-22 00:34:35,positif,proses kirim uang cepat pakai lama
sangat mantap dan cepat,5,2026-04-21 23:35:55,positif,mantap cepat
"udh hampir mau 2thn pakai apk seabank,aman gak ribet hrs ke bank pokonya seabank is the best,sukses terus",5,2026-04-21 23:31:51,positif,udh thn pakai apk seabankaman gak ribet hrs bank poko seabank is the bestsukses
lebih praktis untuk transaksi,5,2026-04-21 22:59:55,positif,praktis transaksi
aman dan gk lelet,5,2026-04-21 22:49:40,positif,aman gk lelet
sangat membantu dan istimewa,5,2026-04-21 22:41:50,positif,bantu istimewa
goodlah pokoknya udh lama jga guna kan seabank ini sngt puas bngt,5,2026-04-21 22:36:05,positif,goodlah pokok udh jga seabank sngt puas bngt
sangat membantu sekali semenjak pake SEA BANK..SEGALANYA JADI SANGATLA MUDA..SANGAT MEMUASKAN,5,2026-04-21 21:47:56,positif,bantu semenjak pake sea banksegalanya sangatla mudasangat muas
"sea bank sangat bagus untuk transfer kemana aj bisa dan fitur2 nya lengkap,tidak ada gangguan dan ada fitur sea bank pinjam nya di saat kita butuh dana instan di sea bank aja. gak perlu pinjol2 lagi makasih sea bank",5,2026-04-21 21:35:10,positif,sea bank bagus transfer mana aj fitur nya lengkaptidak ganggu fitur sea bank pinjam nya butuh dana instan sea bank aja gak pinjol makasih sea bank
asik,5,2026-04-21 20:46:18,positif,asik
oke tapi saya tidak ada seabank cicilnya payah,5,2026-04-21 20:16:45,positif,oke seabank cicil payah
saya kecewa Makai sebank,1,2026-04-21 19:58:18,negatif,kecewa maka bank
"CS nya magang semua, mau tutup rekening aja ga becus, padahal data data lengkap.",1,2026-04-21 19:47:59,negatif,cs nya magang tutup rekening aja ga becus data data lengkap
Mantap Bos Q 😎,5,2026-04-21 18:46:18,positif,mantap bos q 
membantu saya,5,2026-04-21 18:45:50,positif,bantu
menanti janji bonus 200.000,5,2026-04-21 18:21:26,positif,janji bonus
oke si,4,2026-04-21 18:14:09,positif,oke si
ya sangat membantu sekali,5,2026-04-21 18:03:14,positif,ya bantu
sangat senang pakai seabank semua bisa dan lancar semua urusan,5,2026-04-21 18:02:39,positif,senang pakai seabank lancar urus
sebank pinjam udah muncul.tapi tiap oengajuan selalu ditolak padahal transaksi selalu rutin,5,2026-04-21 17:58:45,positif,bank pinjam udah muncultapi oengajuan tolak transaksi rutin
"kurang bagus ktp sya sudah trdaptr tapi ga bisa masuk apl y, malah suru kirim ktp lgi kecewa seabank",1,2026-04-21 17:45:36,negatif,bagus ktp sya trdaptr ga masuk apl y suru kirim ktp lgi kecewa seabank
"bagus, recommended",5,2026-04-21 17:43:39,positif,bagus recommended
APANYA YANG BAGUS BOBROK PARAH,1,2026-04-21 17:32:08,negatif,apa bagus bobrok parah
sangat membantu pembayaran,4,2026-04-21 17:29:24,positif,bantu bayar
ok membantu,5,2026-04-21 17:16:29,positif,ok bantu
"saya dapat transfer dari bank bni,,lha kok ini blom masuk""",5,2026-04-21 17:00:51,positif,transfer bank bnilha blom masuk
sangat bagus😍,5,2026-04-21 16:43:53,positif,bagus
pokoknya josss mantapppppp,5,2026-04-21 16:28:05,positif,pokok josss mantapppppp
mantap pol sangat berguna,5,2026-04-21 15:59:28,positif,mantap pol guna
kocak mau buka sandi susah di teken heran seabank ini,1,2026-04-21 15:57:51,negatif,kocak buka sandi susah teken heran seabank
"Asli-asli mantap pool,berguna,program & internalnya lebih baik dipakai,bebas iklan,bug ataupun lelet,cepat bila dijalankan & membuka semua menu2nya. Tapi di sayangkan pernah juga dipakai terkadang agak"" sulit membukanya pas saat koneksi lagi burik / tidak stabil,terkadang perputarannya lambat sekali dan cuma berputar-putar saja. mungkin cuma hal yang biasa terjadi di apps ini dan yang lain-lainnya sesuai pengalaman transaksi sukses,masukan tuk bagusnya dibenahi lagi masalah tsb",5,2026-04-21 15:53:51,positif,asliasli mantap poolbergunaprogram internal dipakaibebas iklanbug leletcepat jalan buka menu sayang pakai terkadang sulit buka pas koneksi burik stabilterkadang putar lambat berputarputar apps lainlainnya sesuai alam transaksi suksesmasukan tuk bagus benah tsb
trima kasi bos seabank applikasih ini sangt terpercaya,5,2026-04-21 15:49:20,positif,trima kasi bos seabank applikasih sangt percaya
nyaman mudah ga pake ribet,5,2026-04-21 15:49:09,positif,nyaman mudah ga pake ribet
kgx ada payleternya,1,2026-04-21 15:48:46,negatif,kgx payleternya
praktis bangett,4,2026-04-21 15:15:36,positif,praktis bangett
Mantapp.. 👍👍👍,5,2026-04-21 15:03:45,positif,mantapp 
"mudah, praktis dan cepat",5,2026-04-21 14:33:27,positif,mudah praktis cepat
berikan saya ficture pinjaman saya belum memiliki seabank pinjaman tidak ada fasilitas spinjam di akun saya,5,2026-04-21 14:12:54,positif,ficture pinjam milik seabank pinjam fasilitas spinjam akun
sangat membantu pokoknya mantap,5,2026-04-21 14:06:51,positif,bantu pokok mantap
balikin uang saya,5,2026-04-21 14:02:05,positif,balikin uang
mantap...,5,2026-04-21 13:58:36,positif,mantap
mau ganti nomer aja di bust susah Saya sudah vertivikasi wajah malah gk bisa buat buka aku nya hadeuh apk gk jelas,1,2026-04-21 13:54:41,negatif,ganti nomer aja bust susah vertivikasi wajah gk buka nya hadeuh apk gk
cuma bisa TF min 10k coba naikin lagi limit nya,1,2026-04-21 13:40:16,negatif,tf min k coba naikin limit nya
yea Yes,4,2026-04-21 13:30:54,positif,yea yes
baik digunakan,5,2026-04-21 13:23:00,positif,
update kedepan nya ada in thema gelap min,4,2026-04-21 13:09:42,positif,update depan nya in thema gelap min
patennn,5,2026-04-21 13:02:34,positif,patennn
baik baik,5,2026-04-21 12:49:05,positif,
lengob,1,2026-04-21 12:30:30,negatif,lengob
the best pokoknya👍👍👍👍👍,5,2026-04-21 12:20:18,positif,the best pokok
epic transaksi,5,2026-04-21 12:18:14,positif,epic transaksi
sangat mudah untuk melakukan transaksi,5,2026-04-21 12:16:48,positif,mudah transaksi
jangan Terlalu Ribet Ajjach,5,2026-04-21 12:04:11,positif,ribet ajjach
"Aplikasinya sangat bagus dan bermanfaat, cocok untuk menabung dalam waktu jangka pendek maupun jangka panjang, untuk aplikasi Seabank "" Trmksh"" 🙏",5,2026-04-21 11:58:25,positif,aplikasi bagus manfaat cocok tabung jangka pendek jangka aplikasi seabank trmksh 
akun ku kemaren gk bsa di buka setelah mengikuti intruksi menghubngi pihak seabank alhamdulliah sudah terbuka dan cepat proses nya cuman 2 menit dh siap,4,2026-04-21 11:57:07,positif,akun ku kemaren gk bsa buka ikut intruksi menghubngi seabank alhamdulliah buka cepat proses nya cuman menit dh
"pengguna baru dapat 200ribu,tpi mana ko sy kga dpt?🤦‍♂️",3,2026-04-21 11:54:16,netral,guna ributpi ko sy kga dpt
aplikasi ini bagus sekali,5,2026-04-21 11:51:36,positif,aplikasi bagus
aneh saya kok Ndak bisa loKetuk pada klip untuk menempelnya pada kotak teks.,5,2026-04-21 11:49:22,positif,aneh ndak loketuk klip tempel kotak teks
Okay,5,2026-04-21 11:48:00,positif,okay
"Masukan R̳P̳W̳M̳U̳4̳ ini yang sangat bagus!!! proses pendaftarannya juga sangat mudah dan cepat nabung di SEABANK pasti untung dengan suku bunga harian yang langsung bisa kalian terima itu adalah salah satu keunggulan aplikasi SEABANK dan bisa Grtais tranfer hingga 100x setiap bulannya,saran saya kalau ini bisa gratis tranfer kemanapun dan tanpa limit jadi semua orang yang menggunakan buat transaksi tranfer lebih dari 100x masih tenang tidak ada potongan adminnya,selainnyaSEABANK sudah bagus",5,2026-04-21 11:47:52,positif,masuk r p w m u bagus proses daftar mudah cepat nabung seabank untung suku bunga hari langsung terima salah unggul aplikasi seabank grtais tranfer x bulannyasaran gratis tranfer mana limit orang transaksi tranfer x tenang potong adminnyaselainnyaseabank bagus
aplikasi bagus bnget cepet bwat transaksi tapi koc punya saya gak ada pinjamanyan,5,2026-04-21 11:41:39,positif,aplikasi bagus bnget cepet bwat transaksi koc gak pinjamanyan
Cepat dan praktis,5,2026-04-21 11:22:11,positif,cepat praktis
bagus aplikasi ny,5,2026-04-21 11:18:21,positif,bagus aplikasi ny
tidak bisa d perbarui,3,2026-04-21 11:16:10,netral,d baru
"mantap, mudah dan terpercaya...",5,2026-04-21 11:11:38,positif,mantap mudah percaya
masih enakan versi dulu,4,2026-04-21 11:04:20,positif,enak versi
menyusahkan pengguna untuk menutup akun malah di persulit,1,2026-04-21 11:02:53,negatif,susah guna tutup akun sulit
"Bagus & oke juga harga,terjangkau.programnya & internalnya lebih bekerja dgn baik,bebas iklan,bug,ataupun lelet,cepatlah ketika dijalankan & mengakses smua menu2nya. Tapi di sayangkan sering ketika dipakai terkadang agak"" sulit membukanya pas saat koneksi lagi buruk / tidak stabil, terkadang loadingnya lambat banget dan cuma berputar2 saja. mungkin cuma hal yang biasa terjadi di apps ini dan yang lain2nya sesuai pengalaman transaksi sukses,masukan tuk bagusnya dibenahi segalanya -anargya",5,2026-04-21 10:58:07,positif,bagus oke hargaterjangkauprogramnya internal dgn baikbebas iklanbugataupun leletcepatlah jalan akses smua menu sayang pakai terkadang sulit buka pas koneksi buruk stabil terkadang loadingnya lambat banget putar apps sesuai alam transaksi suksesmasukan tuk bagus benah anargya
"baik dan sangat membantu sekali,senang bisa bekerjasama dengan baik, terimakasih seabank",5,2026-04-21 10:54:40,positif,bantu sekalisenang bekerjasama terimakasih seabank
Exelent,5,2026-04-21 10:53:27,positif,exelent
cepat ga ribet,5,2026-04-21 10:37:16,positif,cepat ga ribet
saya sangat puas.proses cepat.tingkat ke amanan tinggi,5,2026-04-21 10:34:20,positif,puasproses cepattingkat aman
overall good sih,4,2026-04-21 10:23:01,positif,overall good sih
Excelent,5,2026-04-21 10:17:13,positif,excelent
Aman terpercaya,5,2026-04-21 10:11:01,positif,aman percaya
enak banget,5,2026-04-21 10:08:02,positif,enak banget
matap,5,2026-04-21 09:58:30,positif,matap
tidak ada biaya admin ke bank manapun dan lancar,5,2026-04-21 09:58:09,positif,biaya admin bank mana lancar
percaya lah,5,2026-04-21 09:55:30,positif,percaya
"luar biasa cepat, dan potongan nya sdkit skli terimakasih.",5,2026-04-21 09:54:43,positif,cepat potong nya sdkit skli terimakasih
apk yg bagus dan amanah,5,2026-04-21 09:54:37,positif,apk yg bagus amanah
pengen ganti nomer cuma nomer nya dah ilang gimana ya 😭,5,2026-04-21 09:54:37,positif,ken ganti nomer nomer nya dah ilang gimana ya 
Good Apl Bank,5,2026-04-21 09:45:51,positif,good apl bank
Mantab,5,2026-04-21 09:44:48,positif,mantab
seabank sangat berguna,5,2026-04-21 09:34:50,positif,seabank guna
sangat membantu dan aplikasinya tidak rumit,5,2026-04-21 09:29:46,positif,bantu aplikasi rumit
mantap puas banget,5,2026-04-21 09:27:23,positif,mantap puas banget
unk saat ini sangat membantu dankerwn,5,2026-04-21 09:25:18,positif,unk bantu dankerwn
mantap Ndak kayak dana,5,2026-04-21 09:12:57,positif,mantap ndak kayak dana
sangat puas sekali mantap,5,2026-04-21 09:01:07,positif,puas mantap
melayani dg kemudahan,4,2026-04-21 08:59:27,positif,layan dg mudah
Gratis 100 Kali transfer ke semua bank,5,2026-04-21 08:53:13,positif,gratis kali transfer bank
anjai,5,2026-04-21 08:52:25,positif,anja
mudah untuk bertransaksi dan saldo akan menambah sendiri,5,2026-04-21 08:21:56,positif,mudah transaksi saldo tambah
Bagus banyak manfaat nya transaksi gampang admin gratis ke sesama dan ada quota gratis ke bank lain,5,2026-04-21 08:01:10,positif,bagus manfaat nya transaksi gampang admin gratis quota gratis bank
cepat/mudah,5,2026-04-21 07:40:54,positif,cepatmudah
Mudah di gunakan .,5,2026-04-21 07:34:46,positif,mudah
sanggar membantu,5,2026-04-21 07:32:17,positif,sanggar bantu
"cepet prpsesnya,,,,dan mudah",5,2026-04-21 07:16:57,positif,cepet prpsesnyadan mudah
lancar dan aman,5,2026-04-21 07:13:30,positif,lancar aman
sederhana dan mudah digunakan,5,2026-04-21 07:09:45,positif,sederhana mudah
aplikasi sangat berguna,5,2026-04-21 07:05:30,positif,aplikasi guna
mantep jiwa seabank,5,2026-04-21 07:00:09,positif,mantep jiwa seabank
"tahap uji coba seabank, tapi lumayan bagus pelayananya",5,2026-04-21 06:49:27,positif,tahap uji coba seabank lumayan bagus pelayananya
ada apa dengan aplikasi sea bank masa iya nggk bisa login,2,2026-04-21 06:37:37,negatif,aplikasi sea bank iya nggk login
"simpel, enak pengoperasiannya, fitur lengkap",5,2026-04-21 06:35:52,positif,simpel enak operasi fitur lengkap
awal minjem di acc gak pernh telat pembayaran tp saldo susah bentambah bnyk malah gak d pernh acc minjam lagi kecewa sii,2,2026-04-21 06:26:52,negatif,minjem acc gak pernh telat bayar tp saldo susah bentambah bnyk gak d pernh acc minjam kecewa sii
mudah menggunakannya,5,2026-04-21 06:23:25,positif,mudah guna
sangattt membantu,5,2026-04-21 06:13:53,positif,sangattt bantu
"Simple tapi bagus.. Mantab...Semoga keamanan akun semakin terproteksi...,👍",5,2026-04-21 05:48:54,positif,simple bagus mantabsemoga aman akun proteksi
ok kali lah.,5,2026-04-21 05:47:43,positif,ok kali
sangat baguusss,5,2026-04-21 05:43:13,positif,baguusss
mantap pokona mah euyy,5,2026-04-21 05:31:17,positif,mantap pokona mah euyy
saya gak bisa log in ke akun saya mohon bantuannya soalnya setiap kali mau log in selalu di suruh verifai ktp udh saya lakukan tetap saja gak bisa masuk ke akun saya mohon bantuanya,2,2026-04-21 05:25:21,negatif,gak log in akun mohon bantu kali log in suruh verifai ktp udh laku gak masuk akun mohon bantuanya
"saya masih mempelajari nya,nanti klu sudah faham baru saya kasih ulasan nya",3,2026-04-21 05:15:01,netral,ajar nyananti klu faham kasih ulas nya
sangat cepat pelayanan nya,5,2026-04-21 05:10:40,positif,cepat layan nya
proses transfer cepat dan gratis,5,2026-04-21 05:02:53,positif,proses transfer cepat gratis
biaya admin ringan dan prosesnya cepat sekali,5,2026-04-21 04:59:02,positif,biaya admin ringan proses cepat
sangat nyaman dan mudah menggunakan fitur seabank,5,2026-04-21 04:58:31,positif,nyaman mudah fitur seabank
untuk sementara saya pengguna baru gampang dan gak ribet.. semoga aman dan nyaman,5,2026-04-21 04:57:37,positif,guna gampang gak ribet moga aman nyaman
bagusu,5,2026-04-21 04:48:33,positif,bagusu
enak dan aman bagus dan baik,5,2026-04-21 04:40:31,positif,enak aman bagus
bAgus zekali,5,2026-04-21 04:38:17,positif,bagus zekali
sangat membantu sekali bunga ringan,5,2026-04-21 04:28:56,positif,bantu bunga ringan
ni bener download aplikasi sea bank dapat saldo 200000? ko sya udh download sampe udh buat akun malah ga dpt sldo ny ?,5,2026-04-21 04:19:39,positif,ni bener download aplikasi sea bank saldo ko sya udh download sampe udh akun ga dpt sldo ny
sy senang menggunakan kan seabank mudah prosesnya dan ga ada ADM kalau bertransaksi..,5,2026-04-21 04:07:19,positif,sy senang seabank mudah proses ga adm transaksi
mantap aplikasinya ..ga ribet ..,5,2026-04-21 04:03:39,positif,mantap aplikasi ga ribet
mantap sukses slalu SEABANK,5,2026-04-21 04:02:52,positif,mantap sukses slalu seabank
saya sdh buka tpi tak ada saldo yg di berikan.. katanya buka rekening dapat saldo 200rb. ternyata tak ada.,5,2026-04-21 03:59:31,positif,sdh buka tpi saldo yg buka rekening saldo rb
senang dan sangat mudah,5,2026-04-21 03:52:46,positif,senang mudah
keren ekosistemnya,5,2026-04-21 03:49:43,positif,keren ekosistem
"apk gila salah pin sekali langsung keblokir, bantu puluhin dong sayang bngt saldonya masih",1,2026-04-21 03:38:13,negatif,apk gila salah pin langsung blokir bantu puluhin sayang bngt saldo
Kereennn sangat memudahkan pengguna,5,2026-04-21 03:33:36,positif,kereennn mudah guna
aman dan baik,5,2026-04-21 03:24:34,positif,aman
recommend transfer uang gratis kemanapun,5,2026-04-21 03:23:55,positif,recommend transfer uang gratis mana
sangat bagus tapi bonus 200rb ga ada,5,2026-04-21 03:21:54,positif,bagus bonus rb ga
"mudah dan bagus di gunakan,semoga lancar",5,2026-04-21 03:15:28,positif,mudah bagus gunakansemoga lancar
lanjut,5,2026-04-21 03:10:06,positif,
seabank sangat mantaf,5,2026-04-21 03:07:46,positif,seabank mantaf
Aplikasi perbankan terbaik,5,2026-04-21 03:05:57,positif,aplikasi perban baik
dgn seabank semua jadi mudah,5,2026-04-21 03:05:16,positif,dgn seabank mudah
"ini kenapa putih semua layarnya, bug macam apaa nii minn tolong perbaiki",1,2026-04-21 02:58:04,negatif,putih layar bug apaa nii minn tolong baik
gratis Bi Fast sampe 100 kali perbulan,5,2026-04-21 02:49:49,positif,gratis bi fast sampe kali bulan
"APLIKASI TUKANG TIPU, KATANYA BUKA REKENING SEABANK DAPAT 200 RIBU TERNYATA TIDAK ADA, SIALAN.",1,2026-04-21 02:38:37,negatif,aplikasi tukang tipu buka rekening seabank ribu sial
josss,5,2026-04-21 02:32:54,positif,josss
"sangat di sarankan untuk transaksi sehari-hari, fiturnya bagus, akan selalu berguna untuk kami para pengguna",5,2026-04-21 02:29:37,positif,saran transaksi seharihari fiturnya bagus guna guna
selalu jaga kestabilan performa aplikasi dan prosedur2 nya..,5,2026-04-21 02:18:59,positif,jaga stabil performa aplikasi prosedur nya
saya usulkan pembayaran lewat shopee jangan di debet di rekening seabank,4,2026-04-21 02:09:37,positif,usul bayar shopee debet rekening seabank
Sangat membantu dan proses cepat terima kasih,5,2026-04-21 02:07:15,positif,bantu proses cepat terima kasih
kereennn,5,2026-04-21 02:02:57,positif,kereennn
"simpan saldonya gampang d jebol jadi bikin ga aman, walau ga bisa sembarang d ambil uangnya lewat transfer tapi saldo bs d ambil lewat d hubungkan dgn shopeepay, d shopeepay lah bs d belikan XL prepaid, atau tagihan dll dananya dari seabank. sy udah ktipu oleh oknum CS saebank yg menawarkan kartu ATM yg bs d kirim krumah nasabah. stelah perjanjian deposit slesai akan sy tarik ke bank lain dan Saebank akan sy tutup permanen akunnya.",1,2026-04-21 01:56:30,negatif,simpan saldo gampang d jebol bikin ga aman ga sembarang d ambil uang transfer saldo bs d ambil d hubung dgn shopeepay d shopeepay bs d belikan xl prepaid tagih dll dana seabank sy udah ktipu oknum cs saebank yg tawar kartu atm yg bs d kirim krumah nasabah stelah janji deposit slesai sy tarik bank saebank sy tutup permanen akun
Josss,5,2026-04-21 01:37:43,positif,josss
memberi kemudahan,5,2026-04-21 01:22:14,positif,mudah
biaya gratis admin🤩🤩,5,2026-04-21 01:20:47,positif,biaya gratis admin
lebih mudah transaksi tanpa biaya admin,5,2026-04-21 01:20:05,positif,mudah transaksi biaya admin
mudah..cepat..sangat simple..gak banyak syarat..perfect,5,2026-04-21 01:08:41,positif,mudahcepatsangat simplegak syaratperfect
sangat membantu dan praktis,5,2026-04-21 01:06:49,positif,bantu praktis
alhamdulilah TF mudah,5,2026-04-21 00:56:38,positif,alhamdulilah tf mudah
aplikasinya bagussss,5,2026-04-21 00:31:23,positif,aplikasi bagussss
Transaksi nya sangat cepat..aman Dan terpercaya...dan mudah dimengerti..,5,2026-04-21 00:29:48,positif,transaksi nya cepataman terpercayadan mudah erti
peroses cepat,5,2026-04-21 00:23:08,positif,peroses cepat
cepat g bikin ribet top pokonya,5,2026-04-21 00:08:41,positif,cepat g bikin ribet top poko
mntap mkin mudah transfer mksih seabnk,5,2026-04-20 23:55:48,positif,mntap mkin mudah transfer mksih seabnk
keamanan nya aku suka dbanding yg lain... nyaman pake seabank,5,2026-04-20 23:55:14,positif,aman nya suka dbanding yg nyaman pake seabank
"perbanyak lagi pembayaran di aplikasi seperti My Xl, my Telkomsel, dll",4,2026-04-20 23:52:38,positif,banyak bayar aplikasi my xl my telkomsel dll
cepat dan aman,4,2026-04-20 23:51:21,positif,cepat aman
mudah dan lancar,5,2026-04-20 23:43:35,positif,mudah lancar
trimakasih,5,2026-04-20 23:31:34,positif,trimakasih
udh mau 3taun pakai seabank emng juara bank digital yg 1 ini tidak pernah ada kendala apapun tolong pertahankan,5,2026-04-20 23:31:28,positif,udh taun pakai seabank emng juara bank digital yg kendala apa tolong tahan
mantap sukses,5,2026-04-20 23:09:54,positif,mantap sukses
mantap.bagus sekali.. transaksi lancar jaya,5,2026-04-20 23:01:13,positif,mantapbagus transaksi lancar jaya
puas banget memkai sea bank,5,2026-04-20 22:59:06,positif,puas banget memkai sea bank
"sangat membantu, layanan cepat dan gratis",5,2026-04-20 22:51:28,positif,bantu layan cepat gratis
terbaikkk,5,2026-04-20 22:33:24,positif,terbaikkk
klo mg mantap nanti saya tambah lq bintang nya,3,2026-04-20 22:15:06,netral,klo mg mantap lq bintang nya
pokoknya selalu mudah dalam bertransaksi,5,2026-04-20 22:09:35,positif,pokok mudah transaksi
klw bisa tf ke dana gratiss,4,2026-04-20 22:04:47,positif,klw tf dana gratiss
klo bisa gratisin lg transaksinya...,5,2026-04-20 21:00:34,positif,klo gratisin lg transaksi
saran saya kalau sudah melakukan transfer / top up E-wallet di atas 10 kali miniman di kurangin lagi biaya admin nya,5,2026-04-20 20:54:42,positif,saran transfer top up ewallet kali minim rangin biaya admin nya
bisa pakai aja lebih muda,5,2026-04-20 20:12:38,positif,pakai aja muda
"transfer tanpa biaya, mudah mudahan aman dan selalu terpecaya",5,2026-04-20 19:42:04,positif,transfer biaya mudah mudah aman terpecaya
"bgus .. tf gratis smoga gratis trus jangan kya yang lain, ntar berubah",5,2026-04-20 19:41:27,positif,bgus tf gratis smoga gratis trus kya ntar ubah
ok pokoknya,5,2026-04-20 19:38:37,positif,ok pokok
lumayan oke untuk transaksi pembayaran.trims,4,2026-04-20 19:21:58,positif,lumayan oke transaksi pembayarantrims
lancar make bank sebank,5,2026-04-20 18:39:05,positif,lancar make bank bank
"tolong di kasih tulisan ""𝙏𝙍𝘼𝙉𝙎𝘼𝙆𝙎𝙄 𝘽𝙀𝙍𝙃𝘼𝙎𝙄𝙇"" di setiap bukti resi nya",5,2026-04-20 18:11:39,positif,tolong kasih tulis   bukti resi nya
Tae,1,2026-04-20 17:51:19,negatif,tae
"sejauh ini menguntungkan, tf gratis top up gratis 2026, semakin worth it SEABANK Luvv bangettt",5,2026-04-20 17:30:48,positif,untung tf gratis top up gratis worth it seabank luvv bangettt
oke cepat,5,2026-04-20 17:17:08,positif,oke cepat
cepat tepat,5,2026-04-20 17:04:47,positif,cepat
antab,4,2026-04-20 16:57:41,positif,antab
tidak ada dana instan nya,2,2026-04-20 16:56:51,negatif,dana instan nya
sangat baik sekali,5,2026-04-20 16:56:47,positif,
"nyata tabungan dengan bunga terbaik, seabank terpercaya dan membantu ekonomi menengah kebawah. tingkatkan dan pertahankan",5,2026-04-20 16:53:59,positif,nyata tabung bunga baik seabank percaya bantu ekonomi tengah bawah tingkat tahan
senang banget,5,2026-04-20 16:50:03,positif,senang banget
puas proses login mudah,5,2026-04-20 16:42:37,positif,puas proses login mudah
"sudah pakai lama, transaksi tidak pernah kecil, tp tidak ada fitur seabank pinjam",5,2026-04-20 16:21:20,positif,pakai transaksi tp fitur seabank pinjam
"ok sih,sangat membantu",5,2026-04-20 16:20:56,positif,ok sihsangat bantu
"bagus, berguna sih namun bunga nya tidak bisa dihapus padahal saya sudah minta agar bunga nya dihapus karena tidak mau pakai bunga nya..",4,2026-04-20 16:16:27,positif,bagus guna sih bunga nya hapus bunga nya hapus pakai bunga nya
pokok nya seabank mantap,5,2026-04-20 16:05:22,positif,pokok nya seabank mantap
"gangguan mulu udah 2 minggu lebih aplikasi gabisa di buka, udah tiap transaksi ada biayanya ga kaya dulu gratis 100 transaksi pertama sementara bintang 2 dulu",2,2026-04-20 16:00:54,negatif,ganggu mulu udah minggu aplikasi gabisa buka udah transaksi biaya ga kaya gratis transaksi bintang
sangat bagus 🥰,5,2026-04-20 15:51:53,positif,bagus 
transfer cepat,5,2026-04-20 15:48:03,positif,transfer cepat
"Baik,akses juga dipermudah",5,2026-04-20 15:48:00,positif,baikakses mudah
sangat membantu sekali pelayanan sea bank. semoga sukses selalu.,5,2026-04-20 15:38:25,positif,bantu layan sea bank moga sukses
𝐛𝐚𝐠𝐮𝐬,5,2026-04-20 15:37:41,positif,
layanan bagus..,5,2026-04-20 15:34:19,positif,layan bagus
belum bisa sebank pinjam aneh,1,2026-04-20 15:32:37,negatif,bank pinjam aneh
sangat mudah buat pembayaran apapun dan aman untuk menabung.👍👍👍👍,5,2026-04-20 15:30:27,positif,mudah bayar apa aman tabung
cepat tuntas,5,2026-04-20 15:19:25,positif,cepat tuntas
lebih mudah transaksi,4,2026-04-20 15:18:05,positif,mudah transaksi
"bagus"" goodlah pokoke,berguna juga ya,program & internalnya lebih enak dipakai,bebas iklan,bug,ataupun lelet,cepat bila dijalankan & mengakses semua menu2nya. Tapi di sayangkan pernah juga dipakai terkadang agak"" sulit membukanya pas saat koneksi lagi burik / tidak stabil,terkadang perputarannya lambat banget dan cuma berputar-putar saja. mungkin cuma hal yang biasa terjadi di apps ini dan yang lain-lainnya sesuai pengalaman transaksi sukses,masukan tuk perkembangannua di perbaiki lagi",5,2026-04-20 15:17:58,positif,bagus goodlah pokokeberguna yaprogram internal enak dipakaibebas iklanbugataupun leletcepat jalan akses menu sayang pakai terkadang sulit buka pas koneksi burik stabilterkadang putar lambat banget berputarputar apps lainlainnya sesuai alam transaksi suksesmasukan tuk perkembangannua baik
bagusss guyss,5,2026-04-20 15:17:12,positif,bagusss guyss
sip bagus,5,2026-04-20 15:11:25,positif,sip bagus
sangat memuaskan menggunakan aplikasi ini,5,2026-04-20 15:10:06,positif,muas aplikasi
sampai saat ini fitur seabank pinjam belum juga ada tolong cek Uda berapa lama saya pakai seabank dan Uda banyak bertransaksi sudah puluhan juta,1,2026-04-20 15:06:49,negatif,fitur seabank pinjam tolong cek uda pakai seabank uda transaksi puluh juta
tanpa biaya admin,5,2026-04-20 14:59:53,positif,biaya admin
bagus dan sangat membantu,5,2026-04-20 14:55:55,positif,bagus bantu
cepat & mudah untuk transaksi .,5,2026-04-20 14:55:30,positif,cepat mudah transaksi
sangat senang dan mudah,5,2026-04-20 14:52:02,positif,senang mudah
Fleksibilitas bintang 5 deh,5,2026-04-20 14:49:01,positif,fleksibilitas bintang deh
"bagus dan mudah digunakan, gak banyak potongan nya",5,2026-04-20 14:48:02,positif,bagus mudah gak potong nya
bener² se masa ya saya TF dri tgl 1 April dana ga masuk kepenerima sampe sekarang & ga blk lgi rekening saya.sudah tlfon langsung kepusat seabank semua diikutin tp ttep dana ga balik sampe sekarang.tlong kebijakannya yah kembalikan dana saya,2,2026-04-20 14:36:29,negatif,bener ya tf dri tgl april dana ga masuk terima sampe ga blk lgi rekening sayasudah tlfon langsung pusat seabank diikutin tp ttep dana ga sampe sekarangtlong bijak yah kembali dana
"DARI PERTAMA PAKAI SAMPAI SEKARANG ,, APLIKASI INI,,GAK PERNAH PUASS,,GUA KALO BUKAN KARENA KERJA DI SPX HARUS PAKAI INI APLIKASI GUA GAK SUDIHH BUAT PAKAI APLIKASI INI,, PROSESNYA LAMBAT GANGGUAN MULU GAK TAU KAPAN KELARNYA GANGGUAN INI,,,,KENAPA SIH DARI SEKIAN BANYAK BANK,SPX HARUS KERJA SAMA DENGAN SEA BANK YANG GAJELAS INI",1,2026-04-20 14:27:21,negatif,pakai aplikasi inigak puassgua kalo kerja spx pakai aplikasi gua gak sudihh pakai aplikasi proses lambat ganggu mulu gak tau kelar ganggu inikenapa sih sekian bankspx kerja sea bank gajelas
okehh,4,2026-04-20 14:24:58,positif,okehh
cukup bagus dan mudah di gunakan,5,2026-04-20 14:23:23,positif,bagus mudah
keren abis,5,2026-04-20 14:21:44,positif,keren abis
"sangat mebantu,dan apk sangat bagus",5,2026-04-20 14:15:49,positif,mebantudan apk bagus
selama ini masih memuaskan jika tidak ada keluhan sampe 2 bukan kedepan bintang akan naik 5⭐,4,2026-04-20 14:02:05,positif,muas keluh sampe depan bintang 
cukup bintang yang bicara,5,2026-04-20 14:01:16,positif,bintang bicara
Perfect,5,2026-04-20 13:58:32,positif,perfect
kebanyakan gangguan sekarang ini seabank,1,2026-04-20 13:54:58,negatif,banyak ganggu seabank
gampang utk transaksi tak pake loding,5,2026-04-20 13:44:40,positif,gampang utk transaksi pake loding
sangat puasss bangett,5,2026-04-20 13:38:36,positif,puasss bangett
mudah dugunakan gratis kirim,5,2026-04-20 13:36:36,positif,mudah dugunakan gratis kirim
sangat membantu dan memudahkan,5,2026-04-20 13:31:05,positif,bantu mudah
bebas biaya admin jd bisa berhemat,5,2026-04-20 13:22:37,positif,bebas biaya admin jd hemat
sangat senag,5,2026-04-20 13:19:57,positif,senag
tolong gratis transfer di tambah 150,4,2026-04-20 13:19:40,positif,tolong gratis transfer
katanya teman teman kalau sering transaksi pakai seabank dapat kemudahan kredit,5,2026-04-20 13:17:04,positif,teman teman transaksi pakai seabank mudah kredit
sangat membantu untuk bertransaksi👍🏻👍🏻,5,2026-04-20 13:16:21,positif,bantu transaksi
praktis dan nyaman,5,2026-04-20 13:13:31,positif,praktis nyaman
gimana si tf nomer nya sudah betul tapi saldonya ngga masuk terus harus nunggu 1 hari jam kerja??!!!!,1,2026-04-20 13:12:48,negatif,gimana si tf nomer nya saldo ngga masuk nunggu jam kerja
untuk sementara waktu saya kasih 4 bintang.. klok mmg ok.. nanti saya tambah bintangnya,4,2026-04-20 13:11:14,positif,kasih bintang klok mmg ok bintang
sangat bermamfaat,5,2026-04-20 13:09:06,positif,bermamfaat
aplikasi bagus buat nabung👍,5,2026-04-20 12:58:43,positif,aplikasi bagus nabung
"memuaskan dalam transaksi, tapi untuk top-up di indomaret gratisnya kenapa cuma dapet 5 kali transaksi",5,2026-04-20 12:57:36,positif,muas transaksi topup indomaret gratis dapet kali transaksi
sangat luar biasa pengirimannya cepat n ramah 😊,5,2026-04-20 12:44:16,positif,kirim cepat n ramah 
mantaappppppppppp,5,2026-04-20 12:36:03,positif,mantaappppppppppp
"pinjaman di seabank sngt mudah,, pencairan CPT... transfer CPT dan aman...love you seabank..# pinjaman d permudah JD ingat jgn susah byr hutang #",5,2026-04-20 12:30:15,positif,pinjam seabank sngt mudah cair cpt transfer cpt amanlove you seabank pinjam d mudah jd jgn susah byr hutang
😀😀,5,2026-04-20 12:28:39,positif,
menyenangkan proses cepat,5,2026-04-20 12:28:25,positif,senang proses cepat
jelas bermutu,5,2026-04-20 12:28:04,positif,mutu
"transaksi mudah ,cepat",5,2026-04-20 12:27:32,positif,transaksi mudah cepat
transfer cepat & tanpa biaya admin,5,2026-04-20 12:26:52,positif,transfer cepat biaya admin
semoga top up ke semua e wallet gratis biaya transaksi ...masok,5,2026-04-20 12:17:53,positif,moga top up e wallet gratis biaya transaksi masok
sangat puas dan sangat membantu,5,2026-04-20 12:15:00,positif,puas bantu
praktis dan cepat,5,2026-04-20 12:13:21,positif,praktis cepat
"seneng bgt pake sea bank ga pake ribet mau transfer atau pake qris gampang bgt, dan klo transfer bebas admin tentunya, jadi lebih hemat kan",5,2026-04-20 12:09:16,positif,neng bgt pake sea bank ga pake ribet transfer pake qris gampang bgt klo transfer bebas admin hemat
sangat mudah dan aman,5,2026-04-20 12:08:33,positif,mudah aman
"4 bintang dlu,karna saya pengguna baru,klu terasa nyaman tambah 1 bintang lgi👌",4,2026-04-20 12:08:04,positif,bintang dlukarna guna baruklu nyaman bintang lgi
sayang ke e wallet lain kena tarif,3,2026-04-20 12:01:03,netral,sayang e wallet kena tarif
keren.tp saran sih gratis transaksi boleh ditambah lagi dong sampai 200 rts,5,2026-04-20 11:54:23,positif,kerentp saran sih gratis transaksi tambah rts
apalah sekarang kalo transfer ke dana ada potongan nya dulu mah gratis 100x,1,2026-04-20 11:53:56,negatif,apa kalo transfer dana potong nya mah gratis x
aplikasi sangat bagus dan relevan,5,2026-04-20 11:42:12,positif,aplikasi bagus relevan
bagus cuman kalo bisa kalo TF ke ewalet di gratis kan jga,5,2026-04-20 11:38:20,positif,bagus cuman kalo kalo tf ewalet gratis jga
"sangat rekomendasi buat yg mau menabung,, TDK ada potongan bulanan dan biyaya TF gratis",5,2026-04-20 11:35:58,positif,rekomendasi yg tabung tdk potong bulan biyaya tf gratis
"transaksi mudah, cepat dan gratis",5,2026-04-20 11:34:27,positif,transaksi mudah cepat gratis
Untuk pengaduan lupa pin koq g pernah direspon...saya sudah lama chat sc seabank terus kirim email tp g pernah dibalas,2,2026-04-20 11:34:13,negatif,adu lupa pin koq g diresponsaya chat sc seabank kirim email tp g balas
mantap saya selalu pakai seabank,5,2026-04-20 11:28:38,positif,mantap pakai seabank
tercepat dan terpecaya,5,2026-04-20 11:17:04,positif,cepat terpecaya
sangat membantu aman dan nyaman yg penting ini sangat membantu,5,2026-04-20 11:17:00,positif,bantu aman nyaman yg bantu
keren mantap aplikasi prabayar hebat,5,2026-04-20 11:14:15,positif,keren mantap aplikasi prabayar hebat
makasihh,5,2026-04-20 11:09:26,positif,makasihh
"seabank jangaan eror dong plis, jaringan ku udah bagus, tapi servernyaa sibuk mulu",2,2026-04-20 11:07:00,negatif,seabank jangaan eror plis jaring ku udah bagus servernyaa sibuk mulu
god JOB,5,2026-04-20 11:03:03,positif,god job
"Aplikasi memang bagus sekali ini saya tidak menyesal punya aplikasi ini ,Keren punya",5,2026-04-20 11:01:23,positif,aplikasi bagus sesal aplikasi keren
"limit besar, gratis transfer nya banyak",5,2026-04-20 10:55:50,positif,limit gratis transfer nya
aplikasi sangat sangat membantu,5,2026-04-20 10:55:34,positif,aplikasi bantu
baru tau TF kemanapun gapake adm,5,2026-04-20 10:46:13,positif,tau tf mana gapake adm
mantuul .,5,2026-04-20 10:37:28,positif,mantuul
nyaman sekali,5,2026-04-20 10:29:40,positif,nyaman
sangat istimewa bebas biaya,5,2026-04-20 10:24:59,positif,istimewa bebas biaya
oke mudah d gunakn ga ribet,5,2026-04-20 10:20:39,positif,oke mudah d gunakn ga ribet
"bagus banget semuanya serba mudah praktis, terjangkau dan sangat menguntungkan",5,2026-04-20 10:08:23,positif,bagus banget serba mudah praktis jangkau untung
jangan download apk ini kalau tidak ingin ketipu. sdh banyak buktinya yg menabung di SEAbank saldonya selalu berkurang sendiri..,1,2026-04-20 10:05:05,negatif,download apk tipu sdh bukti yg tabung seabank saldo kurang
simple dan jga aman praktis,5,2026-04-20 10:04:12,positif,simple jga aman praktis
Aplikasi yang sangat bermanfaat,5,2026-04-20 09:44:41,positif,aplikasi manfaat
Pertahankan Transfer gratisnya!!!,5,2026-04-20 09:39:46,positif,tahan transfer gratis
"sangat membantu untuk menabung dan transfer, aman",5,2026-04-20 09:17:52,positif,bantu tabung transfer aman
Bintang Lima...,5,2026-04-20 09:12:42,positif,bintang
thebest,5,2026-04-20 08:49:56,positif,thebest
good apk,5,2026-04-20 08:44:20,positif,good apk
SENANG,5,2026-04-20 08:41:35,positif,senang
coba dulu semoga bagus,5,2026-04-20 08:41:00,positif,coba moga bagus
admin gratis bukanya kurang uang karna admin tapi malah bertamba sangat bagus,5,2026-04-20 08:40:11,positif,admin gratis buka uang karna admin bertamba bagus
"cepat,sangat memudahkan kita",5,2026-04-20 08:39:44,positif,cepatsangat mudah
mantap .. gesit no lemot edisi,5,2026-04-20 08:23:04,positif,mantap gesit no lot edisi
"Sangat baik,dan mudah",5,2026-04-20 08:06:59,positif,baikdan mudah
lebih mudah gunakn seabank untuk keperluan apapun termasuk belanja online poko recemeded,5,2026-04-20 08:05:07,positif,mudah gunakn seabank perlu apa belanja online poko recemeded
joss mantabb....,5,2026-04-20 08:00:08,positif,joss mantabb
gampang banget,5,2026-04-20 07:54:30,positif,gampang banget
mantap betul lah Seabank niii,4,2026-04-20 07:49:28,positif,mantap seabank niii
🤭,5,2026-04-20 07:42:46,positif,
gratis biaya admin semoga aman juga jika untuk menyimpan uang,4,2026-04-20 07:42:29,positif,gratis biaya admin moga aman simpan uang
not rekomended,1,2026-04-20 07:18:05,negatif,not rekomended
bagus dan memberikan kemudahan dalam segala transaksi keuangan,5,2026-04-20 07:12:23,positif,bagus mudah transaksi uang
Gratis dan terpercaya banget sea bank. Jaya jaya jaya!!,5,2026-04-20 07:11:41,positif,gratis percaya banget sea bank jaya jaya jaya
bagis sihh tapi tolong dong aktivasi fitur seabank pinjam,5,2026-04-20 07:10:14,positif,bagis sihh tolong aktivasi fitur seabank pinjam
mantp,5,2026-04-20 07:05:26,positif,mantp
"terus maju dan berkembang menjadi sebuah kebutuhan bagi semuanya, terimakasih",5,2026-04-20 07:04:58,positif,maju kembang butuh terimakasih
"ya ,senang karena biaya administrasinya sangat membantu",5,2026-04-20 07:02:43,positif,ya senang biaya administrasi bantu
"5 tahun menggunakan seabank buat transaksi apa saja , tetapi seabank pinjam tidak muncul yg pengguna baru sudah muncul sangat tidak membantu sekali",1,2026-04-20 06:59:02,negatif,seabank transaksi seabank pinjam muncul yg guna muncul bantu
"mudah di gunakan.aman ,cepat.pokok ny mantap lh",5,2026-04-20 06:46:54,positif,mudah gunakanaman cepatpokok ny mantap lh
lumayan punya banyak kelebihan tidak merugikan seperti yang lainya,4,2026-04-20 06:33:48,positif,lumayan lebih rugi lai
Pakai seabank banyak gratis nya dan lebih mudah dan cepat,5,2026-04-20 06:33:31,positif,pakai seabank gratis nya mudah cepat
"sea bank bagus coba dong bukan hanya depasito aja , tapi juga bisa nabung emas bisa cetak fisik jauh lebih menarik lagi kalo sea bank bisa malkukan tabungan emas bisa cicil 50k perhari beli emas dan bisa di centak minimal 0,5 gram kyk apk lain",5,2026-04-20 06:23:58,positif,sea bank bagus coba depasito aja nabung emas cetak fisik tarik kalo sea bank malkukan tabung emas cicil k hari beli emas centak minimal gram kyk apk
oke 👌👌,5,2026-04-20 06:17:57,positif,oke 
"senang banget,karna ada informasi yang jelas,sehingga saya sebagai pengguna merasa senang",5,2026-04-20 06:12:34,positif,senang bangetkarna informasi jelassehingga guna senang
"aplikasi seabank habis buat transaksi langsung GK bisa login , verivikasi KTP terus bolak balik kayak gitu terus .saldo hangus bearti karena GK bisa di buka/login",5,2026-04-20 06:11:09,positif,aplikasi seabank habis transaksi langsung gk login verivikasi ktp bolak kayak gitu saldo hangus bearti gk bukalogin
"seabank sangat mudah digunakan,,, mantap sukses selalu ya 😄😄😄👍👍👍",5,2026-04-20 06:07:20,positif,seabank mudah mantap sukses ya 
"praktis,hemat waktu dan biaya",5,2026-04-20 06:05:00,positif,praktishemat biaya
mantap btul,5,2026-04-20 06:04:54,positif,mantap btul
lebih gampang untuk transaksi,4,2026-04-20 05:47:24,positif,gampang transaksi
mantap tf ke sesama seabank tanpa biaya admin,5,2026-04-20 05:45:11,positif,mantap tf seabank biaya admin
Mantapp,5,2026-04-20 05:45:05,positif,mantapp
trima ksih sngat memba tu,4,2026-04-20 05:44:57,positif,trima ksih sngat memba tu
"membantu, terimakasih",5,2026-04-20 05:33:54,positif,bantu terimakasih
saya sangat bangga dengan memakai seabank semuanya menjadikan lancar dalam pemakaian kebutuhan sehari hari dalam belanja. mksh seabank semoga kedepan ada tambahan saldo untk kenaikan limit .....sukses selalu,5,2026-04-20 05:19:51,positif,bangga pakai seabank jadi lancar pakai butuh hari belanja mksh seabank moga depan tambah saldo untk naik limit sukses
top markotop,5,2026-04-20 05:15:01,positif,top markotop
baru mencoba,5,2026-04-20 05:12:32,positif,coba
mudah peraktis sangat berguna untuk kebutuhan sehari hari terimakasih,5,2026-04-20 05:06:38,positif,mudah peraktis guna butuh hari terimakasih
sea bank saha di percaya,5,2026-04-20 05:05:16,positif,sea bank saha percaya
lancar tanpa hambatan,5,2026-04-20 05:00:32,positif,lancar hambat
🥰🥰🥰♥️ terimakasih seabank sangat membantu,5,2026-04-20 05:00:08,positif, terimakasih seabank bantu
Puas sekali,5,2026-04-20 04:57:25,positif,puas
"hallo gays aku salahsatu nambah seabank,semua saldoku ada disana😭,tiba2 saya mau masuk,dan katanya kata sandi salah...udah sandi ngk bisa di ganti,malah minta nomor guru pengajar,tetap juga salah😭😭😭😭 solusinya dong....",1,2026-04-20 04:54:54,negatif,hallo gays salahsatu nambah seabanksemua saldo sana tiba masukdan sandi salahudah sandi ngk gantimalah nomor guru pengajartetap salah solusi
min gmn caranya dapet seabank pinjam,5,2026-04-20 04:52:20,positif,min gmn dapet seabank pinjam
"apa lah mksd nya saya udah brp kali minta kode OTP tapi engga masuk"" engga jls aplikasi ini",2,2026-04-20 04:42:17,negatif,mksd nya udah brp kali kode otp engga masuk engga jls aplikasi
pemula blom paham banyak tentang seabank,4,2026-04-20 04:39:29,positif,mula blom paham seabank
sangat membantu dan terpercaya,5,2026-04-20 04:39:02,positif,bantu percaya
sangat mudah dan cepat bisa diandalkan di situasi darurat😍,5,2026-04-20 04:35:14,positif,mudah cepat andal situasi darurat
👍👍👍💕,5,2026-04-20 04:34:36,positif,
Jelek,1,2026-04-20 04:29:38,negatif,jelek
cepat mudah,5,2026-04-20 04:25:22,positif,cepat mudah
sangat di mudahkan,5,2026-04-20 04:19:52,positif,mudah
sangat bagus karna ga usah ribet ke bang bikin rekening,4,2026-04-20 04:06:53,positif,bagus karna ga ribet bang bikin rekening
limit gak bisa dicairkan 💩,1,2026-04-20 04:04:18,negatif,limit gak cair 
termantapppp,5,2026-04-20 04:01:07,positif,termantapppp
uang saya diambil 1jt gk bisa login lagi keakunnya mau login bnyk syarat mling ni aplikasi,1,2026-04-20 03:49:44,negatif,uang ambil jt gk login akun login bnyk syarat mling ni aplikasi
"sangat berguna dan bermanfaat, membantu penyimpanan dan pengeluaran keuangan, terimakasih",5,2026-04-20 03:46:17,positif,guna manfaat bantu simpan keluar uang terimakasih
gratis tf,4,2026-04-20 03:46:03,positif,gratis tf
Mantap dan Cepat,5,2026-04-20 03:41:43,positif,mantap cepat
gampang di gunakan,5,2026-04-20 03:39:14,positif,gampang
kenceng,5,2026-04-20 03:33:02,positif,kenceng
"Transfer kemanapun gratis setiap bulan 100 kali, mantap",5,2026-04-20 03:32:03,positif,transfer mana gratis kali mantap
"gratis transaksi ke manapun, gong nya bisa tarik tunai di merchant tanpa biaya admin, nice banget",5,2026-04-20 03:31:25,positif,gratis transaksi mana gong nya tarik tunai merchant biaya admin nice banget
"baguss,lebih simple",4,2026-04-20 03:28:17,positif,bagusslebih simple
qris nya aga susah,2,2026-04-20 03:21:49,negatif,qris nya aga susah
gooddd bangettt,5,2026-04-20 03:19:27,positif,gooddd bangettt
cara ubah nama semna boa,5,2026-04-20 03:19:19,positif,ubah nama semna boa
mantap puas dgan apk ini,5,2026-04-20 03:19:14,positif,mantap puas dgan apk
"aman, mudah dan cepat",5,2026-04-20 03:08:39,positif,aman mudah cepat
karena saya pengguna sopi...ya suka lah transaksi mudah banyak bonus,5,2026-04-20 03:08:11,positif,guna sopiya suka transaksi mudah bonus
Bintang 5 lah pokoknya,5,2026-04-20 03:04:48,positif,bintang pokok
pokoke puas,5,2026-04-20 03:01:19,positif,pokoke puas
saya senang memakai seabank 🥰,5,2026-04-20 02:57:53,positif,senang pakai seabank 
sangat puasss,5,2026-04-20 02:52:11,positif,puasss
terbaik dari yg lain,5,2026-04-20 02:46:55,positif,baik yg
apk ini mantap betull,5,2026-04-20 02:24:24,positif,apk mantap betull
saya cukup puas menggunakan aplikasi seabank,5,2026-04-20 02:13:46,positif,puas aplikasi seabank
"sy sebagai pengguna kartu seabank, mhn saran bgmana klau ada pisik kartu & buku tabungan terimakasih 🙏",3,2026-04-20 02:10:29,netral,sy guna kartu seabank mhn saran bgmana klau pisik kartu buku tabung terimakasih 
saya sedang mencoba semoga bermanfaat untuk saya dan teman teman,5,2026-04-20 02:09:32,positif,coba moga manfaat teman teman
transaksi lebih cepat👍,5,2026-04-20 02:09:05,positif,transaksi cepat
sangat membantu lbh mudh untk transaksi,5,2026-04-20 02:07:51,positif,bantu lbh mudh untk transaksi
"ini sering bgt susah login , tolong d perbaiki lah, SDH senang sy pake ini, eh kesini ny malah makin susah login",3,2026-04-20 02:03:10,netral,bgt susah login tolong d baik sdh senang sy pake eh kesini ny susah login
mantap lngsng masukkkk ke tujuan,5,2026-04-20 02:02:20,positif,mantap lngsng masukkkk tuju
Snagat puas.,4,2026-04-20 01:59:55,positif,snagat puas
good bgt👍❤️,5,2026-04-20 01:55:05,positif,good bgt
gratis Transfer berkali kali asliii no hoax.admin e wallet jg murah,5,2026-04-20 01:54:54,positif,gratis transfer kali kali asliii no hoaxadmin e wallet jg murah
sangat puass sma apk satu ini,5,2026-04-20 01:42:53,positif,puass sma apk
lancar jaya,5,2026-04-20 01:40:39,positif,lancar jaya
aman dangampang,5,2026-04-20 01:34:47,positif,aman dangampang
buka rek seabank dapat 200K..🤣 hati hati modus marketing.. mau dapat 200k harus nabung 2 juta dulu di diamkan selama 1 bulan..,1,2026-04-20 01:22:44,negatif,buka rek seabank k hati hati modus marketing k nabung juta diam
gampang,5,2026-04-20 01:12:49,positif,gampang
aplikasi sangat bagus,5,2026-04-20 01:09:55,positif,aplikasi bagus
Cuaman punya saya ga bisa transfer tolong aktipin awalnyh baik2ajah,5,2026-04-20 00:49:04,positif,cuaman ga transfer tolong aktipin awalnyh baikajah
transaksi bagus dan aman🙂,5,2026-04-20 00:48:16,positif,transaksi bagus aman
sangat mudah praktis...,5,2026-04-20 00:46:37,positif,mudah praktis
saran tambahin ada fitur top up e money nya,5,2026-04-20 00:44:31,positif,saran tambahin fitur top up e money nya
"sangat bagus ga lemot ga pending tidak ada gangguan , pengiriman cepat",5,2026-04-20 00:40:58,positif,bagus ga lot ga pending ganggu kirim cepat
mudah dan nyaman,5,2026-04-20 00:28:22,positif,mudah nyaman
sangat mudah utk transaksi perbankkan,5,2026-04-20 00:26:57,positif,mudah utk transaksi bank
sangat membantu seko,5,2026-04-20 00:15:43,positif,bantu seko
harusnya setiap transaksi minta password atau pin seblum memotong saldo ..saya tidak akan menginstal aplikasi ini lagi karena keamanannya tidak terjamin,1,2026-04-20 00:07:06,negatif,transaksi password pin seblum potong saldo menginstal aplikasi aman jamin
sangat terbantu skli dgn aplikasi ini☺️☺️☺️,5,2026-04-20 00:01:58,positif,bantu skli dgn aplikasi ini
😍😍mntp,5,2026-04-19 23:50:17,positif,mntp
Luar biasa,5,2026-04-19 23:44:32,positif,
sangat bagus transaksi gratis dan cepat,5,2026-04-19 23:34:19,positif,bagus transaksi gratis cepat
enaknya pakai seabank. sering gk pakai biaya,5,2026-04-19 23:27:58,positif,enak pakai seabank gk pakai biaya
Suka bgt pake SEA BANK pokoknya SMG makin maju kedepannya dan aman,5,2026-04-19 23:11:10,positif,suka bgt pake sea bank pokok smg maju depan aman
transfer ke bank manapun free biaya administrasi,5,2026-04-19 23:02:29,positif,transfer bank mana free biaya administrasi
thr best,5,2026-04-19 23:02:19,positif,thr best
josjos,4,2026-04-19 22:31:57,positif,josjos
cepet sekali,5,2026-04-19 22:16:26,positif,cepet
aplikasi yng sangat mendukung,5,2026-04-19 21:52:56,positif,aplikasi yng dukung
terimakasih SeaBank.,5,2026-04-19 21:46:08,positif,terimakasih seabank
sayang punya saya tidak muncul fitur pinjam,5,2026-04-19 21:37:59,positif,sayang muncul fitur pinjam
sukses sllu,5,2026-04-19 21:33:26,positif,sukses sllu
semoga dimudahkan lagi,5,2026-04-19 21:09:45,positif,moga mudah
lumayan baik,5,2026-04-19 21:06:10,positif,lumayan
bagus cepat,5,2026-04-19 20:45:46,positif,bagus cepat
"seabank keren, gampang penggunaan nya..",5,2026-04-19 20:22:52,positif,seabank keren gampang guna nya
sementara 4 aja dulu,4,2026-04-19 20:08:16,positif,aja
aktifkan fitur pinjam nyaa,5,2026-04-19 20:07:30,positif,aktif fitur pinjam nyaa
sangat mudah digunakannya,5,2026-04-19 19:40:22,positif,mudah guna
"TRANSFER VIA BANK PERMATA SERING GAGAL, DAN ITU SANGAT MENGECEWAKAN, TOLONG DI PERBAIKI LAGI KE DEPANNYA SUPAYA LANCAR DALAM BERTRANSAKSI KE SEMUA BANK",3,2026-04-19 19:31:32,netral,transfer via bank permata gagal kecewa tolong baik depan lancar transaksi bank
penanganan costumer service tidak profesional,1,2026-04-19 19:10:09,negatif,tangan costumer service profesional
Apk SeBank Is The Best,5,2026-04-19 19:03:31,positif,apk bank is the best
mantap seabank selalu sukses sangat muda minta bantuan kepada callcenter nya,5,2026-04-19 19:03:26,positif,mantap seabank sukses muda bantu callcenter nya
simpel praktis ok banget,5,2026-04-19 18:45:58,positif,simpel praktis ok banget
the best pokonya,5,2026-04-19 18:38:35,positif,the best poko
Recomended,5,2026-04-19 18:30:34,positif,recomended
okelahh,4,2026-04-19 18:28:54,positif,okelahh
sayang nya cman blum ada pinjaman di seabank,5,2026-04-19 18:19:31,positif,sayang nya cman blum pinjam seabank
ok sekali,5,2026-04-19 18:00:34,positif,ok
"Perfec banget pokoknya,berguna juga ya,program & internalnya lebih baik dipakai,bebas iklan,bug,ataupun lelet,cepat bila dijalankan & mengakses semua menu2nya. Tapi di sayangkan pernah juga dipakai terkadang agak"" sulit membukanya pas saat koneksi lagi burik / tidak stabil,terkadang perputarannya lambat banget dan cuma berputar-putar saja. mungkin cuma hal yang biasa terjadi di apps ini dan yang lain-lainnya sesuai pengalaman transaksi sukses,masukan tuk perkembangannya dibenahi tiap masalahnya.",5,2026-04-19 17:50:02,positif,perfec banget pokoknyaberguna yaprogram internal dipakaibebas iklanbugataupun leletcepat jalan akses menu sayang pakai terkadang sulit buka pas koneksi burik stabilterkadang putar lambat banget berputarputar apps lainlainnya sesuai alam transaksi suksesmasukan tuk kembang benah
Saya suka dengan aplikasi ini,5,2026-04-19 17:44:09,positif,suka aplikasi
responnya kurang nyambung,1,2026-04-19 17:43:02,negatif,responnya nyambung
sangat membatu she x,5,2026-04-19 17:32:35,positif,batu she x
"saya kecewa dengan apk ini, setelah saya download dan aktifkan rekening, apk nya tidak berfungsi dengan baik, da tulisan dimenu nya tidak keluar, apakah ada saran atau saya unistal apk ini",3,2026-04-19 17:27:11,netral,kecewa apk download aktif rekening apk nya fungsi da tulis menu nya saran unistal apk
bagus sekali mantap keren,1,2026-04-19 17:22:45,negatif,bagus mantap keren
"bagus,,sesuai harapan",5,2026-04-19 17:12:45,positif,bagussesuai harap
aman aman aj,5,2026-04-19 17:09:28,positif,aman aman aj
"cakep,cuma gak bisa dpt pnjaman",5,2026-04-19 17:03:40,positif,cakepcuma gak dpt pnjaman
cukup puas dengan pelayanan seabank,5,2026-04-19 16:59:05,positif,puas layan seabank
ini bagus,5,2026-04-19 16:54:17,positif,bagus
halo min info masukan untuk kartu fisik SEABANK agar lebih sempurna,4,2026-04-19 16:43:06,positif,halo min info masuk kartu fisik seabank sempurna
apk ini bagus cuman klw bisa TF ke dompet digital yg lain GK usah pakai admin,5,2026-04-19 16:40:39,positif,apk bagus cuman klw tf dompet digital yg gk pakai admin
smoga menjadi akun bank yg terpercaya,5,2026-04-19 16:23:27,positif,smoga akun bank yg percaya
"aplikasi yg bagus untuk melakukan pembayaran tanpa dikenakan biaya,mantap..",5,2026-04-19 16:18:25,positif,aplikasi yg bagus bayar kena biayamantap
sangat puas karna penggunaan nya mudah,5,2026-04-19 16:17:40,positif,puas karna guna nya mudah
saya kasih bintang 5,5,2026-04-19 15:58:54,positif,kasih bintang
APK MANTAP,4,2026-04-19 15:55:44,positif,apk mantap
Sejauh ini aman dan mudahkan di gunakan. semoga aplikasi seabank tetap amanah dan terpercaya😅,5,2026-04-19 15:37:34,positif,aman mudah moga aplikasi seabank amanah percaya
Ga bisa dipakai buat bayar PAM air Jakarta,1,2026-04-19 15:37:12,negatif,ga pakai bayar pam air jakarta
sangat mudah digunakan tidak ribet jadi saya sangat puas,5,2026-04-19 15:34:42,positif,mudah ribet puas
smoga limit pinjaman saya naik,5,2026-04-19 15:30:42,positif,smoga limit pinjam
seabank jozz,5,2026-04-19 15:26:18,positif,seabank jozz
goooddddddd,5,2026-04-19 15:24:02,positif,goooddddddd
mantao,5,2026-04-19 15:17:11,positif,mantao
baguss cepet,5,2026-04-19 15:15:58,positif,baguss cepet
ontime,5,2026-04-19 15:14:00,positif,ontime
punya saya kok gk ada seabank pinjaman ya,3,2026-04-19 15:11:55,netral,gk seabank pinjam ya
bagus sangat peraktis,5,2026-04-19 15:11:52,positif,bagus peraktis
saya pengguna seabang udah lama tapi fitus seabank pjnjam belom muncul mohon di tinjau,5,2026-04-19 15:09:22,positif,guna abang udah fitus seabank pjnjam bom muncul mohon tinjau
"simple, cepet, sejauh ini gak pernah eror",4,2026-04-19 14:59:04,positif,simple cepet gak eror
FAST RESPON MANTAB,5,2026-04-19 14:58:00,positif,fast respon mantab
mudah sekali untuk di gunakan dan selalu mendapatkan bunga harian,5,2026-04-19 14:56:26,positif,mudah bunga hari
apk seabanknya bagus bisa nabung dan dapatkan keuntungan juga saya suka 👌🫶,5,2026-04-19 14:45:28,positif,apk seabanknya bagus nabung dapat untung suka 
mempermudah untuk bertransaksi,5,2026-04-19 14:35:34,positif,mudah transaksi
transfer gagal masuk uang ga kembali gmn si udh beberapa hari belum balik saldo nya,1,2026-04-19 14:32:21,negatif,transfer gagal masuk uang ga gmn si udh saldo nya
hallo sea bank kenapa data sy ada pinjaman di sini.. sy cek di aplikasi skor dengan pinjaman 1.5 jt.. jangan jangan data sy ada yg pakai .. ingat ya..sy tdk pernah.pinjam uang atas nama imam supriyatna di aplikasi sea bank ya..,1,2026-04-19 14:25:09,negatif,hallo sea bank data sy pinjam sy cek aplikasi skor pinjam jt data sy yg pakai yasy tdk pernahpinjam uang nama imam supriyatna aplikasi sea bank ya
sy kasih 3 bintang dlu iya nanti sy ksaih 5 bintang klo aplikah.ya memuaskan,3,2026-04-19 14:15:16,netral,sy kasih bintang dlu iya sy ksaih bintang klo aplikahya muas
"nunggu kode verif doang lama bener, adminnya turu kah? gada sms masuk buat kode verifnya",1,2026-04-19 14:07:25,negatif,nunggu kode verif doang bener adminnya turu kah gada sms masuk kode verifnya
🏅,5,2026-04-19 14:03:17,positif,
gratis transfer mempermudah dalam transaksi,5,2026-04-19 13:59:34,positif,gratis transfer mudah transaksi
kenapa akun saya Gak ada fitur spinjam,5,2026-04-19 13:56:41,positif,akun gak fitur spinjam
"apknya bagus banget,cuma diapknya ada muncul seabank pinjam tapi gak bisa buat simulasi,pas dicoba disuruh aktifkan lokasi aplikasi terus padahal udah aktif semua....🤭",5,2026-04-19 13:48:55,positif,apknya bagus bangetcuma diapknya muncul seabank pinjam gak simulasipas coba suruh aktif lokasi aplikasi udah aktif semua
"Suka""lah godlah,berfungsi jg program & internalnya lebih baik dipakai,bebas iklan,bug,ataupun lelet,cepat bila dijalankan & mengakses semua menu2nya. Tapi disayangkan pernah juga dipakai terkadang agak"" sulit membukanya pas saat koneksi lagi burik / tidak stabil,terkadang perputarannya lambat banget dan cuma berputar-putar saja. mungkin cuma hal yang biasa ada di apps ini dan yang lain-lainnya sesuai pengalaman transaksi sukses,,masukan tuk perkembangannya dibenahi tiap masalah sih",5,2026-04-19 13:44:21,positif,suka godlahberfungsi jg program internal dipakaibebas iklanbugataupun leletcepat jalan akses menu sayang pakai terkadang sulit buka pas koneksi burik stabilterkadang putar lambat banget berputarputar apps lainlainnya sesuai alam transaksi suksesmasukan tuk kembang benah sih
keren dan bagus,5,2026-04-19 13:39:09,positif,keren bagus
bisa menabung,5,2026-04-19 13:35:54,positif,tabung
mantul bgt ADM TF bank Rp0 semoga kedepannya top up e-wallet bisa Rp0 jg xixixi,5,2026-04-19 13:31:56,positif,mantul bgt adm tf bank rp moga depan top up ewallet rp jg xixixi
memudah kn,5,2026-04-19 13:27:46,positif,mudah kn
very good...,4,2026-04-19 13:19:31,positif,very good
"KENAPA DI SETIAP MAU LOG IN KATANYA INTERNETNYA GA BAGUS, DLL. ASTAGHFIRULLAH PADAHAL UDAH PAKAI WIFI & DATA. RIBET KALAU URUSAN MENDESAK SEPERTI INI!!",1,2026-04-19 13:17:44,negatif,log in internetnya ga bagus dll astaghfirullah udah pakai wifi data ribet urus desak
mantap pokoknya membantu sekali,5,2026-04-19 13:17:13,positif,mantap pokok bantu
adminnya kecil,4,2026-04-19 13:15:23,positif,adminnya
suka banget,5,2026-04-19 13:01:13,positif,suka banget
semoga bermanfaat amanah,5,2026-04-19 12:53:28,positif,moga manfaat amanah
oh yess,5,2026-04-19 12:34:43,positif,oh yess
mayan,5,2026-04-19 12:27:35,positif,mayan
"mudah,cepat",5,2026-04-19 12:11:58,positif,mudahcepat
lumayan ngebantu,5,2026-04-19 12:10:55,positif,lumayan ngebantu
apk nya mudah di mengerti,5,2026-04-19 12:06:43,positif,apk nya mudah erti
"verifikasi otp nya ga masuk2, jdi ga bisa daftar",1,2026-04-19 12:04:52,negatif,verifikasi otp nya ga masuk jdi ga daftar
sudah hampir sebulan pakai seabank sejah ini aman. semoga kedepannya lancar buat trx ke semua bank & e-wallet,5,2026-04-19 12:00:28,positif,bulan pakai seabank jah aman moga depan lancar trx bank ewallet
siiip bagus nga ada admin,5,2026-04-19 11:53:54,positif,siiip bagus nga admin
sungguh bagus,5,2026-04-19 11:53:09,positif,sungguh bagus
gratis transfer nya gokil,5,2026-04-19 11:51:57,positif,gratis transfer nya gokil
luar biyasa,5,2026-04-19 11:48:51,positif,biyasa
"bagussssss, lancarrrr",5,2026-04-19 11:48:39,positif,bagussssss lancarrrr
ternyaman buat transaksi,5,2026-04-19 11:47:41,positif,nyaman transaksi
cepet transaksinya,5,2026-04-19 11:46:02,positif,cepet transaksi
"untuk pengguna baru saya blm bisa menyimpulkan namun sejauh ini seabank memberi kemudahan dalam setiap transaksi,semoga kedepannya tetap dipermudah 🥰",5,2026-04-19 11:29:30,positif,guna blm simpul seabank mudah transaksisemoga depan mudah 
Mantap dan berguna,4,2026-04-19 11:26:14,positif,mantap guna
sangat memudahkan dalam bertransaksi adminnya gratis ke semua bank,5,2026-04-19 11:23:48,positif,mudah transaksi adminnya gratis bank
sangat puas pake sebank,5,2026-04-19 11:23:33,positif,puas pake bank
aplikasi nya sangat membantu,5,2026-04-19 11:19:17,positif,aplikasi nya bantu
ok sih,5,2026-04-19 11:16:50,positif,ok sih
baik dan praktis,5,2026-04-19 11:11:26,positif,praktis
mudah plus admin nya ga gede,4,2026-04-19 11:08:57,positif,mudah plus admin nya ga gede
like,5,2026-04-19 11:08:08,positif,like
"bagus, gratis transferr",5,2026-04-19 10:55:49,positif,bagus gratis transferr
sangat cepet respon nya. banyak pilihan,5,2026-04-19 10:53:29,positif,cepet respon nya pilih
toppp,5,2026-04-19 10:49:59,positif,toppp
mudah dan manfaat,5,2026-04-19 10:48:48,positif,mudah manfaat
bagus aplikasi ini,5,2026-04-19 10:41:28,positif,bagus aplikasi
ok bget,5,2026-04-19 10:39:43,positif,ok bget
"senang menggunakan seabank, bayar apapun menjadi lebih mudah dan gampang",5,2026-04-19 10:39:41,positif,senang seabank bayar apa mudah gampang
saya senang menggunakan aplikasi ini,5,2026-04-19 10:39:20,positif,senang aplikasi
mantap makin mudah transaksi kah seabank pinjam dong kak hehe pengguna lama ni tp blm ada fiturnya,5,2026-04-19 10:34:21,positif,mantap mudah transaksi kah seabank pinjam kak hehe guna ni tp blm fiturnya
sangan nyaman,5,2026-04-19 10:29:31,positif,sangan nyaman
pokonya mantep puas bngt sukses terus,5,2026-04-19 10:27:01,positif,poko mantep puas bngt sukses
penipuan... gak ada bonus new member...,1,2026-04-19 10:10:19,negatif,tipu gak bonus new member
cara mengatasi transfer tidak masuk ke rekening seabank,5,2026-04-19 10:06:00,positif,atas transfer masuk rekening seabank
semoga selalu lancar dan tidak ada kendala.,5,2026-04-19 10:01:02,positif,moga lancar kendala
"tidak bagus, saldo saya tidak masuk",1,2026-04-19 09:28:49,negatif,bagus saldo masuk
aplikasi perbankan yang bagus,5,2026-04-19 09:27:45,positif,aplikasi perban bagus
"enak, biaya admin sedikit",5,2026-04-19 09:09:41,positif,enak biaya admin
Sangat mudah dan membantu untuk setiap jenis transaksi,5,2026-04-19 08:59:16,positif,mudah bantu jenis transaksi
ui nya di perbarui dong! kayak gak niat ui nya..,5,2026-04-19 08:58:49,positif,ui nya baru kayak gak niat ui nya
semuanya baik baik saja,5,2026-04-19 08:51:17,positif,
aplikasi ini sangat membatu saya,5,2026-04-19 08:46:32,positif,aplikasi batu
ga pernah pake sea bank pas mau daftar katanya udah pernah daftar padahal aku ga pernah daftar ini gimana sih,1,2026-04-19 08:34:37,negatif,ga pake sea bank pas daftar udah daftar ga daftar gimana sih
rekomendasi sekali pake seabank🏆,5,2026-04-19 08:32:04,positif,rekomendasi pake seabank
is the best👍🏻,5,2026-04-19 08:22:28,positif,is the best
🤟,5,2026-04-19 08:21:57,positif,
simpel ok,4,2026-04-19 08:16:53,positif,simpel ok
saya udh gunakan apk selama 3 tahun sampai sekarang masih aman aja,5,2026-04-19 08:16:28,positif,udh apk aman aja
"Top dan berguna juga ya, program & internalnya lebih fleksibel dipakai,bebas iklan,bug,ataupun lelet,cepat bila dijalankan & mengakses smua menu2nya. Tapi di sayangkan pernah juga dipakai terkadang agak"" sulit membukanya pas saat koneksi lagi buruk / tidak stabil,terkadang perputarannya lambat banget dan cuma berputar-putar saja. mungkin cuma hal yang biasa terjadi di apps ini dan yang lain-lainnya sesuai pengalaman transaksi sukses,,masukan tuk perkembangannya dibenahi admin.",5,2026-04-19 08:08:49,positif,top guna ya program internal fleksibel dipakaibebas iklanbugataupun leletcepat jalan akses smua menu sayang pakai terkadang sulit buka pas koneksi buruk stabilterkadang putar lambat banget berputarputar apps lainlainnya sesuai alam transaksi suksesmasukan tuk kembang benah admin
mantaf,5,2026-04-19 08:05:55,positif,mantaf
"pakai bank ini menyenangkan,bisa dapat bonus bunganya lumayan",5,2026-04-19 07:59:25,positif,pakai bank menyenangkanbisa bonus bunga lumayan
"transaksi lebih mudah, dan cepat",5,2026-04-19 07:54:43,positif,transaksi mudah cepat
oke aja sihhh,5,2026-04-19 07:44:10,positif,oke aja sihhh
ok mantap mudah di gunakan lancar,5,2026-04-19 07:41:22,positif,ok mantap mudah lancar
menyenangkan dan mudah,5,2026-04-19 07:34:53,positif,senang mudah
Easy to use,5,2026-04-19 07:24:02,positif,easy to use
gratis transfee sangat membantu,5,2026-04-19 07:17:35,positif,gratis transfee bantu
wah aplikasi ini hebat,5,2026-04-19 07:11:38,positif,aplikasi hebat
"serba guna, transaksi jadi lebih mudah",5,2026-04-19 07:10:48,positif,serba transaksi mudah
sukses,5,2026-04-19 07:09:07,positif,sukses
aman lancar jaya,5,2026-04-19 07:08:21,positif,aman lancar jaya
aplikasi bagus mudah dipahami,5,2026-04-19 07:07:56,positif,aplikasi bagus mudah paham
"Tidak ada Admin, menyenangkan, Semoga Uang Nasabah Aman di SEABANK",5,2026-04-19 07:04:00,positif,admin senang moga uang nasabah aman seabank
Baru Coba,5,2026-04-19 07:01:53,positif,coba
layanan nya bagus,5,2026-04-19 07:01:29,positif,layan nya bagus
mempermudah transaksi apapun..top markotop 👍👍,5,2026-04-19 06:56:51,positif,mudah transaksi apapuntop markotop 
"sangat membantu untuk saya, proses daftar tidaklah sulit, terimakasih SeaBank🙏",5,2026-04-19 06:55:07,positif,bantu proses daftar sulit terimakasih seabank
gratisin TF nya terus,4,2026-04-19 06:53:57,positif,gratisin tf nya
proses cepat tanpa ribet...kalo udah sebulan pemakaian saya kasih Bintang 5,4,2026-04-19 06:40:48,positif,proses cepat ribetkalo udah bulan pakai kasih bintang
pake seabank mantap..,5,2026-04-19 06:31:44,positif,pake seabank mantap
sippppppp,5,2026-04-19 06:07:55,positif,sippppppp
"lebih ribet dari bank bank seperti BNI BCA gtuan anying,udh perifikasi nik,nama saacan wajah tetep susah nanya ke cs nya sama aja malah suruh login dlu bego udh tau lupa nomer hp, ujung ujungnya suruh telpon cs anying stress percuma ada cs di cht kalo harus telpon mah ga ada solusi",1,2026-04-19 06:06:52,negatif,ribet bank bank bni bca gtuan anyingudh perifikasi niknama saacan wajah tetep susah nanya cs nya aja suruh login dlu bego udh tau lupa nomer hp ujung ujung suruh telpon cs anying stress cs cht kalo telpon mah ga solusi
"saya sangat puas menabung di SEABANK. Semuanya serba mudah dan nyata.. TERUTAMA; Menggunakan nomor rekening, tidak menggunakan nomor HP.",5,2026-04-19 06:03:03,positif,puas tabung seabank serba mudah nyata nomor rekening nomor hp
Lupa sandi,5,2026-04-19 05:58:27,positif,lupa sandi
mudah bertransaksi,5,2026-04-19 05:37:18,positif,mudah transaksi
banyak banget penipuan di seabank. tidak merekomendasikan,1,2026-04-19 05:32:55,negatif,banget tipu seabank rekomendasi
Suka banget tiap hari dapet bunganya haha,5,2026-04-19 05:30:56,positif,suka banget dapet bunga haha
tolong di permudah Liv cet nya,5,2026-04-19 05:20:48,positif,tolong mudah liv cet nya
aplikasi top,4,2026-04-19 05:10:53,positif,aplikasi top
transaki cepet,5,2026-04-19 04:59:58,positif,transaki cepet
terimakasih sangat memuaskan🙏🙏,5,2026-04-19 04:58:01,positif,terimakasih muas
aku udah masukin no hp yg bener tpi kode otp ga masuk samsek,3,2026-04-19 04:50:01,netral,udah masukin no hp yg bener tpi kode otp ga masuk samsek
pkony AQ seneng bgt pke seabank lancar buat smua2,5,2026-04-19 04:43:04,positif,pkony aq neng bgt pke seabank lancar smua
"knp slalu siapkan E KTP terus berulang kali,jadi GK bsa ke buka seabank ny",1,2026-04-19 04:37:19,negatif,knp slalu siap e ktp ulang kalijadi gk bsa buka seabank ny
MANTAP,5,2026-04-19 04:31:28,positif,mantap
sangat bagus buat transaksi,5,2026-04-19 04:19:46,positif,bagus transaksi
sangat senang. karena aman dan mudah,4,2026-04-19 04:15:33,positif,senang aman mudah
mudah dan simple dartar ga ribet,5,2026-04-19 04:10:21,positif,mudah simple dartar ga ribet
bagus memudahkan para pengguna,5,2026-04-19 04:08:10,positif,bagus mudah guna
mantep pokoknyamah,5,2026-04-19 04:06:41,positif,mantep pokoknyamah
"aman banget selama pake seabank,kolo bisa adain fitur Qris tab min biar memudahkan transaksi lainnya seperti naik transum dll🙏🙏",5,2026-04-19 03:53:59,positif,aman banget pake seabankkolo adain fitur qris tab min biar mudah transaksi transum dll
transaksi nya lancar,5,2026-04-19 03:53:41,positif,transaksi nya lancar
sehabis beli pulsa token selalu lama struk nya di tunggu ada 5 menit baru di kirim lama bnget tolong di perbaiki lagi,3,2026-04-19 03:50:04,netral,habis beli pulsa token struk nya tunggu menit kirim bnget tolong baik
mantap banyak gratisnya,5,2026-04-19 03:44:09,positif,mantap gratis
sangat membantu dlm melakukan segala transaksi mantapkan,5,2026-04-19 03:39:45,positif,bantu dlm transaksi mantap
sangattt baikkk membantuuu,5,2026-04-19 03:34:59,positif,sangattt baikkk membantuuu
semakin mudah karna ada sea bank,5,2026-04-19 03:33:34,positif,mudah karna sea bank
no ribet pokoknya The best pake aplikasi seabank 🥰,5,2026-04-19 03:31:31,positif,no ribet pokok the best pake aplikasi seabank 
oke deh,5,2026-04-19 03:28:08,positif,oke deh
ok bener,4,2026-04-19 03:06:03,positif,ok bener
sangat mempermudah bagi si penggunanya,5,2026-04-19 03:05:50,positif,mudah si guna
gampang TF nya,5,2026-04-19 02:50:30,positif,gampang tf nya
ok lh bisa bertransaksi,5,2026-04-19 02:43:51,positif,ok lh transaksi
"Halo, saya tunanetra pengguna pembaca layar TalkBack. Saya berharap aplikasi ini bisa ditingkatkan untuk kompatibilitasnya dengan pembaca layar TalkBack. banyak kendala-kendala yang saya alami di sini terutama pembacaan yang telat dan kurang responsif. semoga kedepannya bisa lebih inklusi bagi tunanetra. Buatlah aplikasi ini senyaman dan seringan mungkin, terlalu banyak icon-icon dinamis atau icon-icon bergerak menyusahkan TalkBack untuk membacanya dengan cepat..",1,2026-04-19 02:39:52,negatif,halo tunanetra guna baca layar talkback harap aplikasi tingkat kompatibilitas baca layar talkback kendalakendala alami baca telat responsif moga depan inklusi tunanetra buat aplikasi nyaman sering iconicon dinamis iconicon gerak susah talkback baca cepat
prosesnya sangat instan dan rekomendasi semoga selalu amanah,4,2026-04-19 02:29:49,positif,proses instan rekomendasi moga amanah
"puas pake seabang, moga aman selalu",5,2026-04-19 02:26:50,positif,puas pake abang moga aman
jadi memudahkan dlm segala hal,5,2026-04-19 02:22:54,positif,mudah dlm
sangat cepat dan baik,5,2026-04-19 02:21:38,positif,cepat
terbantu sekali dengn aplikasi seabank ini karna gratis admin nya....menghemat bnget...pokok nya the best ni apl nya...suka😍,5,2026-04-19 02:16:31,positif,bantu dengn aplikasi seabank karna gratis admin nyamenghemat bngetpokok nya the best ni apl nyasuka
sangat bagus dan mudah untuk pengiriman,5,2026-04-19 02:11:31,positif,bagus mudah kirim
"bagus, nice, congrats",5,2026-04-19 02:04:07,positif,bagus nice congrats
tranfer mudah dan gratis biaya admin,5,2026-04-19 01:55:22,positif,tranfer mudah gratis biaya admin
manatap,5,2026-04-19 01:53:54,positif,manatap
"sangat bagus, semua transaksi mudah dan cepat dan tidak ada kendala",5,2026-04-19 01:48:24,positif,bagus transaksi mudah cepat kendala
sy suka sy suka,5,2026-04-19 01:43:22,positif,sy suka sy suka
lancar transaksi,5,2026-04-19 01:36:01,positif,lancar transaksi
mantap juaranya seabank jozzz,5,2026-04-19 01:34:39,positif,mantap juara seabank jozzz
sangat senang dan mudah terimakasih seabank,5,2026-04-19 01:31:05,positif,senang mudah terimakasih seabank
mudah dan biaya transfer gratis. tq seabanj,5,2026-04-19 01:28:45,positif,mudah biaya transfer gratis tq seabanj
bagus dan nyaman,5,2026-04-19 01:25:48,positif,bagus nyaman
"mempermudah segalanya, tiada potongan",5,2026-04-19 01:21:47,positif,mudah tiada potong
"Kenapa ya min, saya mau daftar sea bank cuman ga bisa terus dengan catatan ""data diri anda berbeda dengan dukcapil, segera update data anda di dukcapil"" padahal aplikasi serupa seperti ini aman² aja tidak ada begitu.",4,2026-04-19 01:16:08,positif,ya min daftar sea bank cuman ga catat data beda dukcapil update data dukcapil aplikasi aman aja
sanagnt baik,5,2026-04-19 01:11:43,positif,sanagnt
👍🏻,5,2026-04-19 01:08:04,positif,
suka bwegt,5,2026-04-19 00:59:15,positif,suka bwegt
mantap bgt,5,2026-04-19 00:58:07,positif,mantap bgt
tak ribet,5,2026-04-19 00:46:07,positif,ribet
Aplikasi saya kok ga ada fitur pinjaman nya minta solusi nya agar muncul fitur pinjaman nya,5,2026-04-19 00:42:12,positif,aplikasi ga fitur pinjam nya solusi nya muncul fitur pinjam nya
"apk saya kok nda ada fitur pinjaman nya min,ntar kalo sdh ada saya kasih bintang 5",2,2026-04-19 00:40:39,negatif,apk nda fitur pinjam nya minntar kalo sdh kasih bintang
Mudah dan sangat recommended,5,2026-04-19 00:37:23,positif,mudah recommended
sangatt puas mengunakan se abnk,5,2026-04-19 00:23:41,positif,sangatt puas mengunakan abnk
aplikasinya lancar tidak delay rekomended pokoknya,5,2026-04-19 00:04:45,positif,aplikasi lancar delay rekomended pokok
syg kasih 🌟🌟🌟 dll,3,2026-04-19 00:01:39,netral,syg kasih  dll
aplikasi yang sangat membantu,5,2026-04-18 23:56:13,positif,aplikasi bantu
Sangat membantu sekali . Recommend banget,5,2026-04-18 23:53:50,positif,bantu recommend banget
transaksi mudah dan murah,5,2026-04-18 23:52:30,positif,transaksi mudah murah
aplikasi 👍👍👍👍👍👍 bagus,5,2026-04-18 23:45:23,positif,aplikasi  bagus
"mudah ga ribet, dan gratis",5,2026-04-18 23:24:21,positif,mudah ga ribet gratis
bagus bermanfaat,5,2026-04-18 23:12:58,positif,bagus manfaat
bagus bangattt,5,2026-04-18 23:08:43,positif,bagus bangattt
bagus sekliy,5,2026-04-18 22:51:04,positif,bagus sekliy
jadi lebih mudah,5,2026-04-18 22:13:21,positif,mudah
"Tidak pernah di acc saat daftar seabank pinjam Padahal di shopee kedua nya di acc, seperti Spaylater & Spinjam Tapi di seabank malah susah banget Padahal seandai nya di acc bakal jadi aplikasi rawatan",1,2026-04-18 21:35:16,negatif,acc daftar seabank pinjam shopee nya acc spaylater spinjam seabank susah banget anda nya acc aplikasi rawat
banyak sekali celah untuk meningkatkan uang atau saldo yang ada di rekening,5,2026-04-18 21:26:23,positif,celah tingkat uang saldo rekening
agus,5,2026-04-18 21:06:44,positif,agus
dompet digital yang mantulll,5,2026-04-18 20:51:34,positif,dompet digital mantulll
mana bonus an dana nya,5,2026-04-18 20:45:04,positif,bonus an dana nya
mantap 👍👍,5,2026-04-18 20:41:05,positif,mantap 
fiturnya pilih kasih transaksi gede gak ada pinjaman,1,2026-04-18 20:34:12,negatif,fiturnya pilih kasih transaksi gede gak pinjam
ga bisa minjem parah,5,2026-04-18 20:21:45,positif,ga minjem parah
bonosnya mana katanya dapat 200rb,5,2026-04-18 19:42:09,positif,bonosnya rb
"transfer lancar ada buanga harian, terbaik",5,2026-04-18 19:18:09,positif,transfer lancar buanga hari baik
bagus karna limit pengirimanx tinggi,5,2026-04-18 19:11:08,positif,bagus karna limit pengirimanx
sangat memuaskan disetiap pelayanan seabank👍🏻mantap,5,2026-04-18 19:02:46,positif,muas tiap layan seabank mantap
rekomendasi banget. seabank keren.,5,2026-04-18 19:01:21,positif,rekomendasi banget seabank keren
SeaBank is The Best 👍👍👍,5,2026-04-18 18:52:20,positif,seabank is the best 
sangat bagus untuk transaksi,5,2026-04-18 18:48:12,positif,bagus transaksi
keren aplikasinya,5,2026-04-18 18:40:45,positif,keren aplikasi
sangat mudah untuk bertransaksi,5,2026-04-18 18:36:31,positif,mudah transaksi
sukaaq bangettt,5,2026-04-18 18:35:15,positif,sukaaq bangettt
saya sangat senang menggunakan seabank karena transaksinya mudah,5,2026-04-18 18:15:12,positif,senang seabank transaksi mudah
nyaman saat transaksi,5,2026-04-18 18:12:24,positif,nyaman transaksi
top mntap,5,2026-04-18 17:56:02,positif,top mntap
sangat mudah dipakai,5,2026-04-18 17:14:16,positif,mudah pakai
gak bisa pinjam di seabank,4,2026-04-18 17:05:15,positif,gak pinjam seabank
mantap proses cpat,4,2026-04-18 16:59:06,positif,mantap proses cpat
sangat cepat untuk teransaksi pengiriman👍👍👍,5,2026-04-18 16:58:39,positif,cepat teransaksi kirim
saldo tiba-tiba kepotong karna terhubung shopee dan gaada konfirmasi😢,2,2026-04-18 16:57:58,negatif,saldo tibatiba potong karna hubung shopee gaada konfirmasi
sejauh ini aman dan tidak ada kendal cuma udah mulai ada admin untuk transfer ke ewallet dana.. semoga ke yang lain tetep gratis seperti biasa,5,2026-04-18 16:47:18,positif,aman kendal udah admin transfer ewallet dana moga tetep gratis
okeeeee,5,2026-04-18 16:42:15,positif,okeeeee
bagus baik,5,2026-04-18 16:22:22,positif,bagus
mantap smua transaksi jdi mudah cepet dan lancar,5,2026-04-18 16:21:04,positif,mantap smua transaksi jdi mudah cepet lancar
Bagus dan simple sih APK nya di era zaman Digitalisasi saat ini. Tetap dan berikan yang terbaik kepada Nasabahnya. Trims,4,2026-04-18 16:18:54,positif,bagus simple sih apk nya era zaman digitalisasi baik nasabah trims
Top,5,2026-04-18 15:51:57,positif,top
sanggat memuas kan bank seabank,5,2026-04-18 15:48:46,positif,sanggat muas bank seabank
"padahal pinjaman lunas dan gak telat sama sekali tapi pas pengajuan harus menunggu 30 hari setelah pengajuan gagal, gak masuk akal gak ada alasan kenapa pengajuan di tolak, Tolong dong diperbaiki supayara rating gak turun",1,2026-04-18 15:45:33,negatif,pinjam lunas gak telat pas aju tunggu aju gagal gak masuk akal gak alas aju tolak tolong baik supayara rating gak turun
menurut saya si hapus aja verivikasi wajah nya kayak dana aja ngak usah pakai verivikasi wajah dan mau transfer uang pun harus verifikasi wajah dulu biar lebih mudah aja ngak ribet tolong di baca buat admin nya🙏,2,2026-04-18 15:40:30,negatif,si hapus aja verivikasi wajah nya kayak dana aja ngak pakai verivikasi wajah transfer uang verifikasi wajah biar mudah aja ngak ribet tolong baca admin nya
like it,5,2026-04-18 15:39:34,positif,like it
seabank dasyat pokonya keuangan aman dan tidak pernh ada kendala.... trimaksih sellu membantu bisnisku ..,5,2026-04-18 15:34:21,positif,seabank dasyat poko uang aman pernh kendala trimaksih sellu bantu bisnis
alus,5,2026-04-18 15:28:45,positif,alus
good lah bagus,5,2026-04-18 15:26:47,positif,good bagus
Mudah untuk dipahami,4,2026-04-18 15:25:01,positif,mudah paham
senang menggunakan,5,2026-04-18 15:24:39,positif,senang
aplikasi sangat bagus dan mudah,5,2026-04-18 15:03:10,positif,aplikasi bagus mudah
seng bngett pke seabank,3,2026-04-18 14:52:30,netral,seng bngett pke seabank
keren dan mudah di gunakan sea Bank 👍🥰🥰🥰,5,2026-04-18 14:49:31,positif,keren mudah sea bank 
senang sekali... lancar sllu transksinya,5,2026-04-18 14:34:27,positif,senang lancar sllu transksinya
"apk ga guna, daftar aja sulit gagal terus verifikasi data udah jelas",1,2026-04-18 14:31:14,negatif,apk ga daftar aja sulit gagal verifikasi data udah
"Sangat membantu sya,mudah dan ringan",5,2026-04-18 14:27:46,positif,bantu syamudah ringan
senang banget sama aplikasi ini,5,2026-04-18 14:26:23,positif,senang banget aplikasi
okayy pisan,5,2026-04-18 14:22:57,positif,okayy pis
aplikasi yg sangat bermanfaat,4,2026-04-18 14:08:58,positif,aplikasi yg manfaat
"dari jam 7 sampe skarang jam 09.02 masih aj nga di acc, mana sudah pengajuan juga.!!!",5,2026-04-18 14:02:34,positif,jam sampe skarang jam aj nga acc aju
senang gratis pengiriman,5,2026-04-18 13:57:03,positif,senang gratis kirim
"min tlong donk d akun seabank ku, d masukkan seabank pinjamnya.. saya nasabah lama tp kok gk dpt2 ya",5,2026-04-18 13:55:42,positif,min tlong donk d akun seabank ku d masuk seabank pinjam nasabah tp gk dpt ya
gak asik sm kurang memuaskan kalau gak ada fitur seabank pinjam nya,5,2026-04-18 13:48:19,positif,gak asik sm muas gak fitur seabank pinjam nya
sea Bank sangat Bagus,5,2026-04-18 13:47:33,positif,sea bank bagus
Seabank sangat baik,5,2026-04-18 13:46:19,positif,seabank
sangat memuaskan pelayanannya,5,2026-04-18 13:44:18,positif,muas layan
bagus kilat,5,2026-04-18 13:44:10,positif,bagus kilat
bagusss bermanfaat,5,2026-04-18 13:39:39,positif,bagusss manfaat
banyak gratisannya,5,2026-04-18 13:36:39,positif,gratis
bagus dan saya sangat puas,5,2026-04-18 13:34:04,positif,bagus puas
cepat prosesnya tidak ada kendala dan lancar,4,2026-04-18 13:31:47,positif,cepat proses kendala lancar
mantap aplikasi nya,5,2026-04-18 13:26:06,positif,mantap aplikasi nya
sangat baik di gunakan,5,2026-04-18 13:20:34,positif,
praktis dan banyak promonya,5,2026-04-18 13:17:28,positif,praktis promonya
sangat mudah digunakan dan praktis.. sukses selalu buat SeaBank. terimakasih,5,2026-04-18 13:15:01,positif,mudah praktis sukses seabank terimakasih
mantap dan efisien,5,2026-04-18 13:14:30,positif,mantap efisien
sangat sangat aman dan praktis,5,2026-04-18 13:07:33,positif,aman praktis
sangat terbantu. terima kasih SeaBank,5,2026-04-18 13:06:02,positif,bantu terima kasih seabank
puas dngn apk seabank,5,2026-04-18 13:05:26,positif,puas dngn apk seabank
penggunaan simple gampang,5,2026-04-18 12:58:17,positif,guna simple gampang
responsif dan mudah,5,2026-04-18 12:55:57,positif,responsif mudah
digunakan sehari hari dan untuk jangka panjang sangat working,5,2026-04-18 12:54:14,positif,hari jangka working
sangat membantu kami para nasabah,5,2026-04-18 12:53:33,positif,bantu nasabah
simple ngak ribet,5,2026-04-18 12:53:18,positif,simple ngak ribet
sangat membantu dan baik di gunakan,5,2026-04-18 12:51:46,positif,bantu
aplikasi mudah digunakan sangat baik mantap,5,2026-04-18 12:44:43,positif,aplikasi mudah mantap
"bagus, aman dan mudah",5,2026-04-18 12:36:09,positif,bagus aman mudah
mudah dan aman..,5,2026-04-18 12:31:45,positif,mudah aman
trsfer cepat tanpa ganguan,5,2026-04-18 12:19:32,positif,trsfer cepat ganguan
seabank baik,4,2026-04-18 12:18:12,positif,seabank
👍👍🥰,5,2026-04-18 12:17:22,positif,
sangat istimewah,5,2026-04-18 12:14:50,positif,istimewah
alhamdulillah pake seabank ga ribet,5,2026-04-18 12:14:23,positif,alhamdulillah pake seabank ga ribet
Kak mohon maaf saya mau minta bantuan saya tidak masuk di aplikasi seabank karena lupa pin sama pasword boleh minta bantuan nya sedangkan di dalam rekening ada uang nya,5,2026-04-18 12:08:57,positif,kak mohon maaf bantu masuk aplikasi seabank lupa pin pasword bantu nya rekening uang nya
tanpa admin 👍👍👍,5,2026-04-18 12:05:05,positif,admin 
sngat baik,5,2026-04-18 12:00:58,positif,sngat
sangat baik lancar,5,2026-04-18 11:50:15,positif,lancar
puaaaaaaassss bangeeett,5,2026-04-18 11:46:48,positif,puaaaaaaassss bangeeett
aplikasi nya bagus untuk digunakan buat transfer,5,2026-04-18 11:42:12,positif,aplikasi nya bagus transfer
sampai saat ni masih nyaman menggunakannya,5,2026-04-18 11:37:02,positif,ni nyaman guna
bagus keren,5,2026-04-18 11:31:24,positif,bagus keren
memudahkan bertransaksi,5,2026-04-18 11:28:00,positif,mudah transaksi
"mempermudah, bagus",5,2026-04-18 11:26:46,positif,mudah bagus
biaya transfer murah,5,2026-04-18 11:24:58,positif,biaya transfer murah
transaksi cepat dan mudah serta banyak bonus,5,2026-04-18 11:21:12,positif,transaksi cepat mudah bonus
sangan membantu sekali tanpa ada kenada apapun lancar jaya👍🏻👍🏻👍🏻👍🏻,5,2026-04-18 11:19:51,positif,sangan bantu nada apa lancar jaya
baik tidak mengecewakan,5,2026-04-18 11:17:22,positif,kecewa
mantap nyaman di gunakan,5,2026-04-18 11:14:36,positif,mantap nyaman
apk good,5,2026-04-18 11:13:52,positif,apk good
seabank thebest,5,2026-04-18 11:07:59,positif,seabank thebest
"mudah untuk transaksi, cepat efektif, q suka banget",5,2026-04-18 10:56:32,positif,mudah transaksi cepat efektif q suka banget
senang menggunakan seabank...mempermudah transaksi ku,5,2026-04-18 10:55:34,positif,senang seabankmempermudah transaksi ku
tingkatkan lagi,5,2026-04-18 10:51:21,positif,tingkat
"saldo saya hilang padahal saya tidak melakukan transaksi apapun, berlangganan juga enggak, bisa bisanya terpotong",1,2026-04-18 10:47:07,negatif,saldo hilang transaksi apa langgan bisa potong
seneng bnget pke seabank . transfer gratiss ke semya bank,5,2026-04-18 10:46:16,positif,neng bnget pke seabank transfer gratiss semya bank
knp si pinjam ngk di semua aplikasi sea bank knp pilih2,5,2026-04-18 10:44:06,positif,knp si pinjam ngk aplikasi sea bank knp pilih
ko blm keluar yaa pengajuan pinjaman ya mohon dong di update,5,2026-04-18 10:37:46,positif,ko blm yaa aju pinjam ya mohon update
"oke, butuh seabank pinjam",5,2026-04-18 10:37:23,positif,oke butuh seabank pinjam
Bagus aja sih,5,2026-04-18 10:24:49,positif,bagus aja sih
bagus enak mudah di gunakan,5,2026-04-18 10:20:27,positif,bagus enak mudah
keren banget akun bank ini,5,2026-04-18 10:19:18,positif,keren banget akun bank
sangat aman dan nyaman terpercaya,5,2026-04-18 10:15:58,positif,aman nyaman percaya
"mantap dipaksa rating mulu bawel, tapi oke keren",5,2026-04-18 09:58:29,positif,mantap paksa rating mulu bawel oke keren
"bagus, mempermudah pembayaran",5,2026-04-18 09:51:33,positif,bagus mudah bayar
mantap bagus uky,5,2026-04-18 09:45:54,positif,mantap bagus uky
saya kehilangan no HP sama gmail tapi sudah saya chat sama saya telpon kok respon hanya nanya data saja tapi setelah saya kasih semua data nya blm dibalas bantu lah buat seabank saya mau login ke akun saya susah saya kehilangan no HP saya jadi saya tidak dpt login,1,2026-04-18 09:43:30,negatif,hilang no hp gmail chat telpon respon nanya data kasih data nya blm balas bantu seabank login akun susah hilang no hp dpt login
mudah dan hemat,5,2026-04-18 09:41:58,positif,mudah hemat
"mantap, transaksi sangat cepat",5,2026-04-18 09:31:26,positif,mantap transaksi cepat
mudah untuk bertransaksi,5,2026-04-18 09:22:49,positif,mudah transaksi
cara tranfer mudah yg pastinya gratis dan dpt bonus,5,2026-04-18 09:20:27,positif,tranfer mudah yg pasti gratis dpt bonus
sangat senang sekali bisa berbagi ke bank lain,5,2026-04-18 09:11:24,positif,senang bagi bank
Mantul Bank nya,5,2026-04-18 09:09:52,positif,mantul bank nya
layanan nya sangat baik,4,2026-04-18 08:46:27,positif,layan nya
"sukaaa ini ngebantu banget, banyak untungnya juga 😭✌️",5,2026-04-18 08:44:39,positif,sukaaa ngebantu banget untung 
aplikasinya sangat bagus dan mudah dipahami biaya transaksinya nuha murah,5,2026-04-18 08:41:29,positif,aplikasi bagus mudah paham biaya transaksi nuha murah
mntp bgus,5,2026-04-18 08:35:22,positif,mntp bgus
semoga tetep baik,3,2026-04-18 08:24:03,netral,moga tetep
parah udh gak bisa login lagi dari tgl 2 april 2026 udah hubingi cs katanya suruh tunggu 6 hari kerja tapi sapai skarang masih belum bisa login juga.,1,2026-04-18 08:23:00,negatif,parah udh gak login tgl april udah hubingi cs suruh tunggu kerja sapai skarang login
bagus terus kaya gini ya,5,2026-04-18 08:21:31,positif,bagus kaya gin ya
seabank membantu masyarakat pedalaman,5,2026-04-18 08:21:21,positif,seabank bantu masyarakat dalam
sejauh ini Alhamdulillah puas,5,2026-04-18 08:20:09,positif,alhamdulillah puas
andalan pokoknya bisa ke bank dan e walet dan lagi jarang eror. love pokoknya,5,2026-04-18 08:15:59,positif,andal pokok bank e walet jarang eror love pokok
Emang apk yg paling bagus.... Dan mudah untuk digunakan,5,2026-04-18 08:07:55,positif,emang apk yg bagus mudah
lumayan bagus pelayananya,3,2026-04-18 08:07:05,netral,lumayan bagus pelayananya
"ya mudah""an ada manfaat nya nabung di seaBank ..utk ke doanya srta berkembang utk dunia USHA nya.termksih..",5,2026-04-18 08:05:23,positif,ya mudah manfaat nya nabung seabank utk doa srta kembang utk dunia usha nyatermksih
"mantappp, bank andalannya gen z",5,2026-04-18 08:04:50,positif,mantappp bank andal gen z
"tadinya pake seabank karna tau tf no adm, sekarang buat tf ke dana ada adm, apalagi ke gopay, tf nya cuma 3rb, adm nya 1rb",1,2026-04-18 08:02:08,negatif,pake seabank karna tau tf no adm tf dana adm gopay tf nya rb adm nya rb
sangat membantu👍,5,2026-04-18 07:59:40,positif,bantu
sya puas,5,2026-04-18 07:55:56,positif,sya puas
tercepat terbaik terlenkap,5,2026-04-18 07:54:53,positif,cepat baik terlenkap
bank yg sangat mudah digunakan.,5,2026-04-18 07:52:12,positif,bank yg mudah
Yes.. Gaskan terus seabank ok 😊☺😉,5,2026-04-18 07:45:16,positif,yes gas seabank ok 
trimaksih seabank,5,2026-04-18 07:44:14,positif,trimaksih seabank
"Aplikasi mudah digunakan, UI smooth, sat set banget",5,2026-04-18 07:43:47,positif,aplikasi mudah ui smooth sat set banget
min bagaimn seabnk sya ngk bisa di akses,5,2026-04-18 07:23:23,positif,min bagaimn seabnk sya ngk akses
"proses mudah dan cepat,saya sangat puas",5,2026-04-18 07:22:40,positif,proses mudah cepatsaya puas
biaya transfer bebas admin,5,2026-04-18 07:17:13,positif,biaya transfer bebas admin
mudah d gunakan,5,2026-04-18 07:17:07,positif,mudah d
jangan sampai akun kami dibajak orang lain,5,2026-04-18 07:16:27,positif,akun bajak orang
ok terimakasih,5,2026-04-18 07:15:19,positif,ok terimakasih
mantap👍👍,5,2026-04-18 07:14:33,positif,mantap
aplikasi baik,5,2026-04-18 07:12:42,positif,aplikasi
"bagus bisa nabung dan bisa minjam uang di sini, mksh seabank",5,2026-04-18 07:12:13,positif,bagus nabung minjam uang mksh seabank
percaya lebih aman,5,2026-04-18 07:06:07,positif,percaya aman
Mantap...,5,2026-04-18 07:05:36,positif,mantap
singkat padat jelas,5,2026-04-18 07:01:22,positif,singkat padat
mau daftar udah berulang ulang tapi kode otp ngga dikirim trus gimana mau daftar,3,2026-04-18 06:58:35,netral,daftar udah ulang ulang kode otp ngga kirim trus gimana daftar
bagus sekali ini,5,2026-04-18 06:55:36,positif,bagus
fast respon suka sekali,5,2026-04-18 06:51:26,positif,fast respon suka
senang transfer lewat seabank,5,2026-04-18 06:49:15,positif,senang transfer seabank
Very nice,5,2026-04-18 06:34:28,positif,very nice
mudah dan aman digunakan,5,2026-04-18 06:30:04,positif,mudah aman
Kata nya dapat saldo 200.000 ribu Bosku..?? Saya cobak daftarkan atau bukak rekening di SeaBank ngak ada saldo 200.000 ribu yg saya dapatkan di akun rekening saya Bosku..?!!,5,2026-04-18 06:29:38,positif,nya saldo ribu bos cobak daftar bukak rekening seabank ngak saldo ribu yg dapat akun rekening bos
aman.. mudah tf ke manaa aja,5,2026-04-18 06:06:51,positif,aman mudah tf manaa aja
"baguss, tanpa biaya adm",5,2026-04-18 06:06:24,positif,baguss biaya adm
bgus jjur WA rumah:ts,3,2026-04-18 06:01:42,netral,bgus jjur wa rumahts
Uda lama pakai seabank untuk transaksi tapi masih belum dapat fitur seabank pinjam. .,5,2026-04-18 05:59:54,positif,uda pakai seabank transaksi fitur seabank pinjam
seneng menggunakan seabank lancar tnpa kndla,5,2026-04-18 05:58:48,positif,neng seabank lancar tnpa kndla
jos tingkatkan terus,5,2026-04-18 05:50:55,positif,jos tingkat
saya udah buka rekening seabank mana gratis saldonya 200rb ga ada,2,2026-04-18 05:50:30,negatif,udah buka rekening seabank gratis saldo rb ga
"bela belain isi pulsa buat telpon admin ,masih ngga ada solusi ,sudah masukan data benar juga ,",1,2026-04-18 05:50:06,negatif,bela bain isi pulsa telpon admin ngga solusi masuk data
sangat membantu dan memudahkan transaksi,5,2026-04-18 05:49:03,positif,bantu mudah transaksi
keren pokonya,5,2026-04-18 05:43:13,positif,keren poko
"simpel,gampang bikinnya.",4,2026-04-18 05:28:01,positif,simpelgampang bikin
"APLIKASINYA BAGUS, TAPI ADMIN TOP UP E WALLET NYA TERLALU BESAR",4,2026-04-18 05:27:50,positif,aplikasi bagus admin top up e wallet nya
"ini kenapa aih seabank sekarang kalau suka logout sendiri? giliran mau login suruh masukin poto ktp mulu. udah berhasil, eh malah balik lagi ke poto ktp. gitu aja terus ampe kiamat 🥴",1,2026-04-18 05:27:25,negatif,aih seabank suka logout gilir login suruh masukin poto ktp mulu udah hasil eh poto ktp gitu aja ampe kiamat 
"kereen ,, transfer nya tanpa administrasi",5,2026-04-18 05:22:11,positif,kereen transfer nya administrasi
makin susah buat scan .. pelayanan model apa,1,2026-04-18 05:19:38,negatif,susah scan layan model
ok ..so far so god,5,2026-04-18 05:18:25,positif,ok so far so god
satset,5,2026-04-18 05:17:40,positif,satset
mantapss,4,2026-04-18 05:17:11,positif,mantapss
recommended banget,5,2026-04-18 05:14:54,positif,recommended banget
S pinjamnya blm ada ya...,5,2026-04-18 05:05:00,positif,s pinjam blm ya
transaksi jdi lbih mudah. tmksih seabank,4,2026-04-18 04:59:57,positif,transaksi jdi lbih mudah tmksih seabank
"mantap, terimakasih sea bank",5,2026-04-18 04:53:36,positif,mantap terimakasih sea bank
cepat proses transfernya cuman d kenakan biaya seribu sayangnya,5,2026-04-18 04:50:49,positif,cepat proses transfer cuman d kena biaya ribu sayang
kasih debit virtual dong,4,2026-04-18 04:41:15,positif,kasih debit virtual
saya suka saya suka😁,5,2026-04-18 04:36:07,positif,suka suka
kebanyakan admin,4,2026-04-18 04:34:25,positif,banyak admin
gajelas bgt saldo gua tiba tiba ilang dan ga ada riwayat transaksi keluarnya kemana,1,2026-04-18 04:19:14,negatif,gajelas bgt saldo gua ilang ga riwayat transaksi keluar mana
semoga selalu pelayanan baik,5,2026-04-18 04:16:56,positif,moga layan
"saya puas menggunakan sea bank, semoga amanah menjaga data dan keamanan pengguna",5,2026-04-18 04:12:26,positif,puas sea bank moga amanah jaga data aman guna
"Terima kasih sea bank,sangat mudah dan praktis.Kembangkan terus aplikasi ini 👍",5,2026-04-18 04:03:52,positif,terima kasih sea banksangat mudah praktiskembangkan aplikasi 
mudah dan cepat .. SeaBank the Best,5,2026-04-18 03:57:12,positif,mudah cepat seabank the best
semoga berkah,5,2026-04-18 03:55:26,positif,moga berkah
tolong dong ajukan pinjam seabank,5,2026-04-18 03:55:08,positif,tolong aju pinjam seabank
mantap simpel,5,2026-04-18 03:51:21,positif,mantap simpel
amanah dan terpercaya,5,2026-04-18 03:36:13,positif,amanah percaya
"sangat baik dan cepat digunakan,dan sangat membantu disaat dibutuhkan.. terimakasih kepada seabank .",5,2026-04-18 03:34:57,positif,cepat digunakandan bantu saat butuh terimakasih seabank
cihuy,5,2026-04-18 03:32:57,positif,cihuy
"smoga Aplikasi ini sangat membantu bisa TF ke semua Aplikasi , tanpa admint &smoga Amanah",5,2026-04-18 03:23:40,positif,smoga aplikasi bantu tf aplikasi admint smoga amanah
senang banget sangat mudah tf,5,2026-04-18 03:18:52,positif,senang banget mudah tf
tida ribet tida banyak iklan yg pasti aman,5,2026-04-18 03:18:45,positif,tida ribet tida iklan yg aman
"Aplikasi ini banyak di pakai untuk akun penipuan, salah satu oknumnya bernama FAHRUL ARDIANSYAH, ini adalah oknum jual beli di market place. hati-hati jika transaksi menggunakan seabank, customer service nya juga tidak membantu jika ada laporan pengaduan (berbelit).",1,2026-04-18 03:16:44,negatif,aplikasi pakai akun tipu salah oknum nama fahrul ardiansyah oknum jual beli market place hatihati transaksi seabank customer service nya bantu lapor adu belit
tidak ribet good job,5,2026-04-18 03:10:23,positif,ribet good job
baru pertama kali nyoba pake seabank. semoga ke depannya banyak transaksi yg gratis dan menjadi bank terbaik. Terima kasih.,5,2026-04-18 03:05:07,positif,kali nyoba pake seabank moga depan transaksi yg gratis bank baik terima kasih
free tf ke bank lain,5,2026-04-18 03:04:13,positif,free tf bank
sangat manpaat,5,2026-04-18 02:47:09,positif,manpaat
"bagus, gak ada biaya admin pas transfer",5,2026-04-18 02:43:23,positif,bagus gak biaya admin pas transfer
nyaman mengunakan dan mudah proses nya,4,2026-04-18 02:43:23,positif,nyaman mengunakan mudah proses nya
fitur seabank pinjam,5,2026-04-18 02:41:35,positif,fitur seabank pinjam
"cepat ,praktis,dan mudah di pahami",5,2026-04-18 02:35:09,positif,cepat praktisdan mudah paham
"praktis, semoga biaya administrasi transfer beda bank terus gratis ya.",5,2026-04-18 02:34:02,positif,praktis moga biaya administrasi transfer beda bank gratis ya
keren sih,5,2026-04-18 02:28:38,positif,keren sih
sayasemangat,5,2026-04-18 02:11:22,positif,sayasemangat
"Overall sampai saat ini okee, semoga semakin oke untuk kedepannya.",5,2026-04-18 02:08:07,positif,overall okee moga oke depan
gua blom pernah login nih aplikasi ehhh sekalinya buat akun make no HP malah udh terdaftar kocak bnget,1,2026-04-18 02:02:16,negatif,gua blom login nih aplikasi ehhh sekali akun make no hp udh daftar kocak bnget
mudah dalam transferan,5,2026-04-18 01:59:23,positif,mudah transfer
"baru kali ini agak kecewa,, lupa password tapi sudah hubungi cs seabank tapi tidak ada respon,, sudah melapor kalau nmor yang di daftar hilang malah dimintai kode Otp terus,",3,2026-04-18 01:59:13,netral,kali kecewa lupa password hubung cs seabank respon lapor nmor daftar hilang kode otp
lebih banyak lagi quota tf gratis,5,2026-04-18 01:57:37,positif,quota tf gratis
sangat baik seabank,5,2026-04-18 01:54:42,positif,seabank
ok bagus sekali bisa membantu,5,2026-04-18 01:41:37,positif,ok bagus bantu
👍 mantaap,4,2026-04-18 01:37:52,positif, mantaap
sangat senang dan sangat membantu dengan ada nya aplikasi seabank🙏🙏🙏,5,2026-04-18 01:29:13,positif,senang bantu nya aplikasi seabank
puas menggunakan aplikasi ini,4,2026-04-18 01:27:29,positif,puas aplikasi
mantapp gess,5,2026-04-18 01:14:44,positif,mantapp gess
bagus 👉👉,5,2026-04-18 01:12:36,positif,bagus 
sudah nyaman bgttt pakai aplikasi seabank,5,2026-04-18 00:53:11,positif,nyaman bgttt pakai aplikasi seabank
aplikasi keren,5,2026-04-18 00:48:51,positif,aplikasi keren
cepat prosesnya gampang,4,2026-04-18 00:47:49,positif,cepat proses gampang
cukup,5,2026-04-18 00:45:39,positif,
seabank eror ga jelas pin nya padahal bener malah di blokir ga rispek si mana uang msuk lewat seabank ku Mulu lagi ke 2 jaringan hilang ga bisa mem bayar kalah sama aplikasi Dana ga bakal lagi aku pake seabank ini,5,2026-04-18 00:42:00,positif,seabank eror ga pin nya bener blokir ga rispek si uang msuk seabank ku mulu jaring hilang ga mem bayar kalah aplikasi dana ga pake seabank
"keren sih, memudahkan untuk bertransaksi, fiturnya lengkap bnget, sukak deh pokoknya",5,2026-04-18 00:26:54,positif,keren sih mudah transaksi fiturnya lengkap bnget sukak deh pokok
tolong tambahkan fitur pinjaman KUR donk min untuk membantu usaha UMKM .terimakasih,5,2026-04-18 00:13:24,positif,tolong tambah fitur pinjam kur donk min bantu usaha umkm terimakasih
terbalik,5,2026-04-18 00:11:13,positif,balik
seabank mantap membantu sekali,5,2026-04-17 23:55:02,positif,seabank mantap bantu
"mantap, cepat dan akurat. usul kalau bisa tarik tunai di ATM. 🙏",5,2026-04-17 23:54:08,positif,mantap cepat akurat usul tarik tunai atm 
terimakasih sudah melayani dengan baik sampai saat ini,5,2026-04-17 23:32:35,positif,terimakasih layan
SANGAT PUAS,5,2026-04-17 23:22:57,positif,puas
membantu kok,4,2026-04-17 23:18:38,positif,bantu
"terima kasih banyak Seabank... telah memberikan pengalaman menabung yang menyenangkan dan mudah dan membuat semangat... semoga semakin hari dan ke depannya semakin sukses dan berjaya dengan aplikasi yang tetap ringan dan bermanfaat... usul saja, kalau berkenan tolong ditambah dengan investasi emas dan Reksadana...",5,2026-04-17 23:09:47,positif,terima kasih seabank alam tabung senang mudah semangat moga depan sukses jaya aplikasi ringan manfaat usul kenan tolong tambah investasi emas reksadana
terima kasih terbaik,5,2026-04-17 23:03:40,positif,terima kasih baik
biaya adminnya bikin senang.,5,2026-04-17 22:56:16,positif,biaya adminnya bikin senang
"bagus,, sangat mudah dipakai dan sangag membantu",5,2026-04-17 22:53:32,positif,bagus mudah pakai sangag bantu
ok..banget transfer antar banknya gratissssss,5,2026-04-17 22:39:23,positif,okbanget transfer bank gratissssss
"simpel, mudah",5,2026-04-17 22:37:08,positif,simpel mudah
sippp,5,2026-04-17 22:32:43,positif,sippp
bgus bnget,5,2026-04-17 22:00:27,positif,bgus bnget
sy suka pakai SeaBank bagus kirim uang kemana ajah gratis,5,2026-04-17 21:47:04,positif,sy suka pakai seabank bagus kirim uang mana ajah gratis
sangat membantu ku,4,2026-04-17 21:22:05,positif,bantu ku
mantab make aplikasi ini no loding lancar mania jarang keganggu sewaktu mengirim,5,2026-04-17 21:15:03,positif,mantab make aplikasi no loding lancar mania jarang ganggu kirim
terbaik abangku,5,2026-04-17 21:14:04,positif,baik abang
Sangat Memuaskan Layanan Jaringan,5,2026-04-17 20:49:37,positif,muas layan jaring
paling mudah,5,2026-04-17 20:37:46,positif,mudah
sangat mudah untuk digunakan sebagai dompet wallet masa kini.,4,2026-04-17 20:33:03,positif,mudah dompet wallet
akses sangat bagusss bisa transfer ke mana aj dan nabung sangat bagusss,5,2026-04-17 20:29:05,positif,akses bagusss transfer aj nabung bagusss
mantap min,5,2026-04-17 20:28:13,positif,mantap min
PEMBODOHAN!,5,2026-04-17 20:27:27,positif,bodoh
"Sudah pakai sea Bank beberapa waktu dan sejauh ini puas. Proses buka rekening cepat, tampilan aplikasi rapi, dan fitur simpanan membantu atur keuangan harian. Bunga cukup menarik dibanding beberapa bank digital lain. Transfer lancar dan notifikasi transaksi real time. Semoga performa aplikasi terus ditingkatkan.",5,2026-04-17 20:15:23,positif,pakai sea bank puas proses buka rekening cepat tampil aplikasi rapi fitur simpan bantu atur uang hari bunga tarik banding bank digital transfer lancar notifikasi transaksi real time moga performa aplikasi tingkat
"Bagus, semoga semakin banyak keunggulan yang lain...",4,2026-04-17 19:52:52,positif,bagus moga unggul
baikk good,5,2026-04-17 19:18:38,positif,baikk good
"aplikasinya ringan, transaksinya cepat dan fiturnya mudah di pahami sangat membantu untuk kebutuhan harian, saya suka karena bebas biaya admin dan bunga cair setiap hari proses buka rekeningnya juga sangat cepat. aplikasinya sangat bagus dan responsif tapi mohon tingkatkan promo- promonya agar lebih menarik",4,2026-04-17 19:17:11,positif,aplikasi ringan transaksi cepat fiturnya mudah paham bantu butuh hari suka bebas biaya admin bunga cair proses buka rekening cepat aplikasi bagus responsif mohon tingkat promo promonya tarik
mantep lah ws,5,2026-04-17 18:25:28,positif,mantep ws
sangat bagus dan mudah untuk di pelajari,5,2026-04-17 18:19:59,positif,bagus mudah ajar
good dompete digital nya,5,2026-04-17 17:54:39,positif,good dompete digital nya
bagus dan sangat berguna,5,2026-04-17 17:44:37,positif,bagus guna
ok bangeeet,5,2026-04-17 17:22:30,positif,ok bangeeet
ok jos,4,2026-04-17 17:21:58,positif,ok jos
jujur ini bagus bngt ya .. banyak gratisan nya.. untuk investasi juga mantap bunga nya..,5,2026-04-17 17:12:16,positif,jujur bagus bngt ya gratis nya investasi mantap bunga nya
"good, 👍",5,2026-04-17 16:56:34,positif,good 
gmpang dan mudah tuk transaksi apapun👍,5,2026-04-17 16:49:13,positif,gmpang mudah tuk transaksi apa
aplikasinya sangat membantu saya untuk transaksi dalam pekerjaan/usaha saya,4,2026-04-17 16:25:54,positif,aplikasi bantu transaksi pekerjaanusaha
ya ok,1,2026-04-17 16:15:26,negatif,ya ok
lebih mrmuaskan lagi,5,2026-04-17 16:15:10,positif,mrmuaskan
"harus pake otp, padahal sandi pin inget, masih harus pake otp sedangkan no hp Sudah mati, kan udah daftar pake KTP verifikasi wajah jga , masih harus pake telpon cs segala biaya nambah lah harus beli pulsa banyak itu juga belum tentu bisaa, arahin keverifiksi wajah,biar langsung masuk aplikasi, bukan malah masuk telpon cs orang nik nama sama",2,2026-04-17 16:03:29,negatif,pake otp sandi pin inget pake otp no hp mati udah daftar pake ktp verifikasi wajah jga pake telpon cs biaya nambah beli pulsa bisaa arahin keverifiksi wajahbiar langsung masuk aplikasi masuk telpon cs orang nik nama
mudah bgt klo transaksi mana gapake admin trs klo payment shopee jd ngga ribet behh,5,2026-04-17 15:59:26,positif,mudah bgt klo transaksi gapake admin trs klo payment shopee jd ngga ribet behh
aplikasi bank terbaik.,4,2026-04-17 15:58:25,positif,aplikasi bank baik
segera ditingkatkan lagi khususnya untuk fitur pinjaman . agar proses dibukanya limit dan fasilitas pinjaman lebih dipermudah dan cepat. terimakasih,5,2026-04-17 15:45:56,positif,tingkat fitur pinjam proses buka limit fasilitas pinjam mudah cepat terimakasih
kalau lupa kata sandi gimana,1,2026-04-17 15:35:10,negatif,lupa sandi gimana
Mantap..sekali,5,2026-04-17 15:24:09,positif,mantapsekali
kenapa sea benk sayang gak ada spinjam extra,4,2026-04-17 15:14:02,positif,sea benk sayang gak spinjam extra
akun seabank sya dibatasi dan tdk bisa trasfer,5,2026-04-17 15:11:00,positif,akun seabank sya batas tdk trasfer
pelayanan costumer service sangat bagus dan cepat terimakasih seabank atas bantuannya,5,2026-04-17 15:10:53,positif,layan costumer service bagus cepat terimakasih seabank bantu
mantap mas,5,2026-04-17 15:09:33,positif,mantap mas
seabank sangat membantu makasih,5,2026-04-17 15:07:37,positif,seabank bantu makasih
urusan transfer sangat mudah dan cepat,5,2026-04-17 15:03:15,positif,urus transfer mudah cepat
sunguh mudah sekali memake sseanank,5,2026-04-17 15:01:01,positif,sunguh mudah memake sseanank
God job,5,2026-04-17 14:57:09,positif,god job
sangat puas dengan apk ini,5,2026-04-17 14:55:06,positif,puas apk
mantap sy suka aplikasi ini 🥰🥰,5,2026-04-17 14:44:08,positif,mantap sy suka aplikasi 
mantap cuman kalo bisa sih ada kartu debit nya soal nya daerah saya jauh dari pusat bank,4,2026-04-17 14:43:38,positif,mantap cuman kalo sih kartu debit nya nya daerah pusat bank
sangat menyenangkan,5,2026-04-17 14:40:47,positif,senang
mudah murah biaya,5,2026-04-17 14:40:31,positif,mudah murah biaya
"muantap, semua data pribadi di amankan dengan aman, lebih cepat dan gesit",5,2026-04-17 14:39:00,positif,muantap data pribadi aman aman cepat gesit
sangat bagud,5,2026-04-17 14:22:07,positif,bagud
sangat mudah bertrasaksi,5,2026-04-17 14:19:59,positif,mudah bertrasaksi
sejauh ini cukup bagus dn lancar,5,2026-04-17 14:19:44,positif,bagus dn lancar
gak suka ribet,1,2026-04-17 14:14:41,negatif,gak suka ribet
bagus cepet akses transaksi,5,2026-04-17 14:09:49,positif,bagus cepet akses transaksi
sangat membantu saya ..,5,2026-04-17 14:02:56,positif,bantu
untuk saat ini masih ok,5,2026-04-17 14:01:03,positif,ok
mantappp untuk belanja di Shoope,5,2026-04-17 13:58:57,positif,mantappp belanja shoope
udah lama main seabank tapi gak ada pinjaman nya yang lain ada,4,2026-04-17 13:52:13,positif,udah main seabank gak pinjam nya
karena gratis biaya pengiriman..,5,2026-04-17 13:44:24,positif,gratis biaya kirim
sangat senang saya pake seabang,5,2026-04-17 13:36:47,positif,senang pake abang
bagus gampang,4,2026-04-17 13:34:20,positif,bagus gampang
semua urusan jdi gampang,5,2026-04-17 13:27:58,positif,urus jdi gampang
min kenapa akun gua gak bisa login harus menghubungi customer ya,2,2026-04-17 13:25:20,negatif,min akun gua gak login hubung customer ya
"tak ada biaya transfer, ambil tunai juga.. suka sekali sama seabank ini..",5,2026-04-17 13:24:48,positif,biaya transfer ambil tunai suka seabank
simple gak ribet,5,2026-04-17 13:21:34,positif,simple gak ribet
pokok nya seneng banget ada aplikasi seaBank pokoknya seruuuuuu ayo coba,5,2026-04-17 13:18:05,positif,pokok nya neng banget aplikasi seabank pokok seruuuuuu ayo coba
"bgs, cepat & aman",5,2026-04-17 13:16:21,positif,bgs cepat aman
kerennnn,5,2026-04-17 12:55:12,positif,kerennnn
"senang banget pake seabank , transaksi nya mudah",5,2026-04-17 12:51:24,positif,senang banget pake seabank transaksi nya mudah
secepat kilat,5,2026-04-17 12:47:00,positif,cepat kilat
sicepat membantu mantapp,5,2026-04-17 12:43:25,positif,sicepat bantu mantapp
mantap proses CPT gak ribet,5,2026-04-17 12:42:08,positif,mantap proses cpt gak ribet
makasih seabank telah memudahkan transaksi 😎,5,2026-04-17 12:39:16,positif,makasih seabank mudah transaksi 
saya sangat senang menggunakan seabank,5,2026-04-17 12:37:19,positif,senang seabank
lebih praktis cepat pula,5,2026-04-17 12:35:25,positif,praktis cepat
tidak seperti apk yang lain,5,2026-04-17 12:35:00,positif,apk
lumayan lah e bintang dulu,3,2026-04-17 12:34:10,netral,lumayan e bintang
mantap sukses selalu seebank slalu ada untuk masyarakat,5,2026-04-17 12:33:22,positif,mantap sukses seebank slalu masyarakat
bagus👍😍😊,5,2026-04-17 12:33:03,positif,bagus
sangat aman dan baik digunakan,5,2026-04-17 12:32:40,positif,aman
assalamualaikum cs aku mau tanya ..aku udh pernh daptar buka rekening di seabank..tapi no udh gak dipake lagi ..dan GK tau no yg didapatrkan nya mau masuk tapi harus pake no lama ..bingung mau buat akun baru no baru GK bisa krna KTP udh terdaftar di akun lama mohon bantuannya,5,2026-04-17 12:17:44,positif,assalamualaikum cs udh pernh daptar buka rekening seabanktapi no udh gak dipake gk tau no yg didapatrkan nya masuk pake no bingung akun no gk krna ktp udh daftar akun mohon bantu
Gak ribet,5,2026-04-17 12:14:53,positif,gak ribet
"biaya admin gratis, sangat memudahkan,",5,2026-04-17 12:12:55,positif,biaya admin gratis mudah
"Tiba2 masuk rekening tidak bisa karena diwajibkan mengisi data2 yang salah satunya mengisi nama perusahaan, alamat perusahaan, jenis bisnis, sumber penghasilan. Sebelum diisi maka tidak bisa masuk akun seabank, sedangkan saya tidak punya perusahaan. Dan tujuan saya buka rek seabank untuk mempermudah pembelian saya di shopee.",2,2026-04-17 12:12:42,negatif,masuk rekening wajib isi data salah satu isi nama usaha alamat usaha jenis bisnis sumber hasil isi masuk akun seabank usaha tuju buka rek seabank mudah beli shopee
knp gak bisa ganti email,1,2026-04-17 12:12:28,negatif,knp gak ganti email
pinjam an nya di tolak terus,5,2026-04-17 12:10:36,positif,pinjam an nya tolak
"seabank gak lh bagus, lebih bagus dana.. dana kita bisa langsung dapat dana cicil..",1,2026-04-17 12:08:39,negatif,seabank gak lh bagus bagus dana dana langsung dana cicil
"respon cepat , tepat dan mudah",5,2026-04-17 12:06:56,positif,respon cepat mudah
sangat puass,5,2026-04-17 12:01:50,positif,puass
mudah untuk transaksi sesama bank,5,2026-04-17 11:59:33,positif,mudah transaksi bank
mantap puas,5,2026-04-17 11:56:23,positif,mantap puas
cibeng ini sangat bagus sangat cepat banget kirimannya dan juga nggak ada potongannya terima kasih,5,2026-04-17 11:52:55,positif,cibeng bagus cepat banget kirim nggak potong terima kasih
bagus sekali mantaap seabank,5,2026-04-17 11:47:31,positif,bagus mantaap seabank
seabank sangat memuaskan pelayanan nya,5,2026-04-17 11:39:41,positif,seabank muas layan nya
menurut saya sea bank sudah cukup bagus,5,2026-04-17 11:39:12,positif,sea bank bagus
"dulu pengguna setia seabank tapi semenjak nomor hp hilang dan email dihack orang, susah banget buat verif dapatin akun nya kembali disuruh tlpn CS isi pulsa 10.000 malah berbelit ujung2 nya pulsa habis dan akhirnya gak ada penyelesaian akun gak bisa dipake lagi",1,2026-04-17 11:32:40,negatif,guna setia seabank semenjak nomor hp hilang email dihack orang susah banget verif dapatin akun nya suruh tlpn cs isi pulsa belit ujung nya pulsa habis gak selesai akun gak dipake
sangat puas dan membantu transaksi,5,2026-04-17 11:26:25,positif,puas bantu transaksi
cocok dengan saya,5,2026-04-17 11:24:24,positif,cocok
sangatttt MEMUASSSSKKAAANNNN,5,2026-04-17 11:10:36,positif,sangatttt memuasssskkaaannnn
bnyk gratisan dan bunga tambhn,5,2026-04-17 11:10:07,positif,bnyk gratis bunga tambhn
bagus ok,5,2026-04-17 11:09:25,positif,bagus ok
"buat barcode susah mental "" trus",2,2026-04-17 11:06:03,negatif,barcode susah mental trus
"ga bisa d buka apk nya, udh d instal beberapa kali ttp ga bisa, jaringan udh pake data ttp ga bisa d klik, d halaman awal aja, kok tambah jelek ya apk seabank ini",1,2026-04-17 11:04:28,negatif,ga d buka apk nya udh d instal kali ttp ga jaring udh pake data ttp ga d klik d halaman aja jelek ya apk seabank
alhamdulillah sangat membantu,4,2026-04-17 11:01:00,positif,alhamdulillah bantu
"Senang sekali menggunakan layanan SeaBank. Ngirim duit gratis, gampang dan tidak ribet",5,2026-04-17 10:56:04,positif,senang layan seabank ngirim duit gratis gampang ribet
simpel bagus baik,5,2026-04-17 10:55:44,positif,simpel bagus
baguuuussss,5,2026-04-17 10:53:10,positif,baguuuussss
mudah2an lncarr aman kdepan nya,5,2026-04-17 10:41:17,positif,mudah lncarr aman kdepan nya
"Luar biasa! Terima kasih banyak SeaBank atas bantuan pengembalian dana (refund) transaksi otomatis saya. Prosesnya ternyata sangat cepat dan tim CS sangat membantu saat saya panik karena ada saldo terpotong untuk langganan yang tidak disengaja. Benar-benar bank digital yang bisa diandalkan, transparan, dan sangat peduli dengan keamanan saldo nasabah. Highly recommended!",5,2026-04-17 10:41:07,positif,terima kasih seabank bantu kembali dana refund transaksi otomatis proses cepat tim cs bantu panik saldo potong langgan sengaja benarbenar bank digital andal transparan peduli aman saldo nasabah highly recommended
"sangat mudah dan cepat transfer uang, harga token pun lebih murah",5,2026-04-17 10:20:26,positif,mudah cepat transfer uang harga token murah
"hati hati yang mau menginstal apk seabank seing berkurang saldo tiba tiba, dan mengirim ke aplikasi sopepay sudak ke duwa kali nya saya seperti ini, dan penguna baru tolong ber hati hati saat mengunakan apk ini.",1,2026-04-17 10:14:22,negatif,hati hati menginstal apk seabank seing kurang saldo kirim aplikasi sopepay sudak duwa kali nya penguna tolong ber hati hati mengunakan apk
tarik tunai di in Maret susah alasan terus tidak ada piinger tidak ada uang gangguan 🙏🙏🙏🙏🙏🙏🙏🙏🙏,5,2026-04-17 10:11:17,positif,tarik tunai in maret susah alas piinger uang ganggu 
sangat ontime sekali waktu TF Dll,5,2026-04-17 10:05:56,positif,ontime tf dll
"maaf Kk, transaksi saya sudah 1*24 jam masi dalam proses tp saldo sya sudah berkurang dan belum smpai ke penerima. solusinya gmna KK.??",5,2026-04-17 09:46:15,positif,maaf kk transaksi jam mas proses tp saldo sya kurang smpai terima solusi gmna kk
the best dan cepat,5,2026-04-17 09:43:04,positif,the best cepat
sangat mudah di gunakan 👍,5,2026-04-17 09:28:07,positif,mudah 
baik dan bermanfaat,5,2026-04-17 09:22:10,positif,manfaat
sangat baik dan bagus,5,2026-04-17 09:20:37,positif,bagus
cepat dan mudah 👍👍👍,4,2026-04-17 09:12:42,positif,cepat mudah 
nah gitu dong langsung d respon,5,2026-04-17 09:11:52,positif,gitu langsung d respon
okee bgt,5,2026-04-17 09:08:57,positif,okee bgt
dompet digital yang bisa untung,5,2026-04-17 09:07:23,positif,dompet digital untung
sangat membantu anti ribet,5,2026-04-17 09:07:23,positif,bantu anti ribet
"gampang digunakan dan gk bikin ribet,good",5,2026-04-17 09:02:01,positif,gampang gk bikin ribetgood
masyaallah.....luar biasa,5,2026-04-17 09:00:24,positif,masyaallahluar
semoga ttp aman smngt senang pake seabank ini,5,2026-04-17 08:57:32,positif,moga ttp aman smngt senang pake seabank
berkembang cukup baik,5,2026-04-17 08:57:31,positif,kembang
sejauh ini msh oke,5,2026-04-17 08:52:40,positif,msh oke
"Terbaik memang seabank, memberikan fitur yang membuat pengguna nyaman dengan fitur bebas biaya transfer setiap 100x transaksi setiap bulan yang membuat orang tidak harus takut takut mentransfer dalam jumlah berapapun.",5,2026-04-17 08:50:22,positif,baik seabank fitur guna nyaman fitur bebas biaya transfer x transaksi orang takut takut transfer
baru pakai aplikasi ini semoga lebih mudah,5,2026-04-17 08:49:06,positif,pakai aplikasi moga mudah
pokonya top anti iklan anti bug keren dan bagus,5,2026-04-17 08:43:26,positif,poko top anti iklan anti bug keren bagus
thanks seabank,5,2026-04-17 08:39:27,positif,thanks seabank
bank onlin yg langsung terhubung dengan shopy pay👍,5,2026-04-17 08:30:42,positif,bank onlin yg langsung hubung shopy pay
pokonya top markotop,5,2026-04-17 08:25:04,positif,poko top markotop
Seabank Saya sering hilang saldo Sebank gak aman Yang ilang bukan Sedikit kadang 5juta kadang 3juta kadang 500 hadeuuuh Gmna ini apak Sebank ini Gak aman Padahal di lihat transaksi nya gk ada bekas transfer Gmna ini seabank ko bisa saldo saya sering hilang,1,2026-04-17 08:10:55,negatif,seabank hilang saldo bank gak aman ilang kadang juta kadang juta kadang hadeuuuh gmna apak bank gak aman lihat transaksi nya gk bekas transfer gmna seabank ko saldo hilang
Saya Sangat Senang Memakai Seabank,5,2026-04-17 08:09:01,positif,senang pakai seabank
bagus dan sangat mudah 👍👍❤,5,2026-04-17 08:04:48,positif,bagus mudah 
memudahkan transaksi via online😘,5,2026-04-17 07:58:28,positif,mudah transaksi via online
"seabank mudah digunakan,mksh seabank",5,2026-04-17 07:53:28,positif,seabank mudah digunakanmksh seabank
bagus ..ok,4,2026-04-17 07:49:09,positif,bagus ok
sangat mudah transaksi keuangan pakai seabank,5,2026-04-17 07:41:43,positif,mudah transaksi uang pakai seabank
banyak gratis biaya transfer,5,2026-04-17 07:35:07,positif,gratis biaya transfer
banyak kemudahan untuk penarikan dan transfer uang,5,2026-04-17 07:28:26,positif,mudah tari transfer uang
bgus /aman,5,2026-04-17 07:25:38,positif,bgus aman
banyak gratisnya.... dan sangat membantu kepentingan sehari-hari... 🙏🙏,5,2026-04-17 07:22:52,positif,gratis bantu penting seharihari 
aplikasi sea bank mengecewakan sekali,1,2026-04-17 07:14:50,negatif,aplikasi sea bank kecewa
gratis admin lanjutkan,5,2026-04-17 07:09:35,positif,gratis admin lanjut
saya ingin login ke seabank saya karna nomor sudah tidak aktif,1,2026-04-17 07:08:47,negatif,login seabank karna nomor aktif
flexible dan mudah.,5,2026-04-17 07:05:04,positif,flexible mudah
kasih 3 dulu baru makek seabank,3,2026-04-17 07:02:20,netral,kasih makek seabank
josjissss,5,2026-04-17 07:00:35,positif,josjissss
ribet banget njir mau login aja harus tlpn cs,1,2026-04-17 06:59:00,negatif,ribet banget njir login aja tlpn cs
mantap bos cepat untuk tranfernya,5,2026-04-17 06:50:20,positif,mantap bos cepat tranfernya
seabank amanah mantapppp,5,2026-04-17 06:47:17,positif,seabank amanah mantapppp
transfer dari kemarin sampai hari ini belum keterima juga sama penerima masih dalam proses aja terus kalo gangguan kok lama bgt lelet tolong perbaiki lah!!!!!!!,1,2026-04-17 06:45:32,negatif,transfer kemarin terima terima proses aja kalo ganggu bgt lelet tolong baik
hbs diisi knp g bisa dibuka?,3,2026-04-17 06:41:27,netral,hbs isi knp g buka
"Ngurusin lupa nomer ribet amat anjir, beli pulsa udah beberapa kali tapi customer service nya low respon alhasil tiap nelpon keburu kehabisan pulsa dan masalahnya tidak pernah tersampaikan. Bertele tele",1,2026-04-17 06:40:13,negatif,ngurusin lupa nomer ribet anjir beli pulsa udah kali customer service nya low respon alhasil nelpon keburu habis pulsa tele tele
keren dan terbaik,5,2026-04-17 06:34:51,positif,keren baik
seabank terbaik ✨✨,5,2026-04-17 06:33:46,positif,seabank baik 
saya sngt senang sekali,5,2026-04-17 06:33:07,positif,sngt senang
REALTIME,5,2026-04-17 06:26:10,positif,realtime
sangat memuaskan dan sangat rekomendex,5,2026-04-17 06:24:28,positif,muas rekomendex
"bagus, cepat berguna juga",5,2026-04-17 06:22:55,positif,bagus cepat guna
saya senang menggunakan seabenk proses transfer nya cepet bngt sukses terus untuk seabenk,5,2026-04-17 06:10:25,positif,senang seabenk proses transfer nya cepet bngt sukses seabenk
"mantap,tanpa ribet",5,2026-04-17 06:05:32,positif,mantaptanpa ribet
katanya buka rekening dapat 100 pas sdh buka di surih nabung dulu 1 juta baru dapat 🤣🤣🤣,1,2026-04-17 06:04:23,negatif,buka rekening pas sdh buka surih nabung juta 
mantul pokoke tp biaya transfer ke dana 400 rupiah😅👍👍👍,5,2026-04-17 05:58:10,positif,mantul pokoke tp biaya transfer dana rupiah
"segala kemudahan dalam satu genggaman,,",5,2026-04-17 05:56:31,positif,mudah genggam
sangat membantu dalam mengatur keuangan kita dan tidak ribet #SeaBank_indonesia,5,2026-04-17 05:43:43,positif,bantu atur uang ribet
Sangat Berguna,5,2026-04-17 05:37:42,positif,guna
lebih mudah banyak gratisan vocer untung banyak pake seabank tiap hari untung,5,2026-04-17 05:35:25,positif,mudah gratis vocer untung pake seabank untung
cuba dlu,5,2026-04-17 05:35:13,positif,cuba dlu
jangan mau dafrat seabnak dapet bonus 200k palsu bhong,1,2026-04-17 05:32:00,negatif,dafrat seabnak dapet bonus k palsu bhong
"sejauh ini bagus sekali aplikasi nya, saran sih kalau bisa diadain pos pos untuk nabung, jadi bisa buat nabung banyak hal seperti tabungan nikah, tabungan sekolah",5,2026-04-17 05:19:01,positif,bagus aplikasi nya saran sih diadain pos pos nabung nabung tabung nikah tabung sekolah
sangat bagus dan cepat,5,2026-04-17 05:14:30,positif,bagus cepat
mudah. cepat. bebas admin,5,2026-04-17 05:12:23,positif,mudah cepat bebas admin
semua transaksi jadi gampang.,5,2026-04-17 05:07:28,positif,transaksi gampang
easy dan simple.,5,2026-04-17 05:04:53,positif,easy simple
sangat mudah dan nyaman di gunakan sehari hari,5,2026-04-17 04:58:32,positif,mudah nyaman hari
"Halo admin, kenapa seabank saya tidak dapat login setelah pindah handphone pdhl diakun satu nya sudah dihapus , seabank nya tetapi tidak dalam login dengan nomer handphone yang lama",5,2026-04-17 04:56:25,positif,halo admin seabank login pindah handphone pdhl akun nya hapus seabank nya login nomer handphone
kok blm ada fitur pinjaman,5,2026-04-17 04:55:33,positif,blm fitur pinjam
joss pokok e,5,2026-04-17 04:54:45,positif,joss pokok e
baik sekali aplikasi nya,5,2026-04-17 04:51:56,positif,aplikasi nya
seabank mantappp👍,5,2026-04-17 04:49:48,positif,seabank mantappp
mantav,5,2026-04-17 04:43:39,positif,mantav
"sangat memudahkan, sejauh ini blm ada hal yg bikin ribett👍🏼👍🏼👍🏼",5,2026-04-17 04:36:47,positif,mudah blm yg bikin ribett
"keren, mantap dan terbaik setiap bulan nya gratis transfer bank manapun 100x",5,2026-04-17 04:33:46,positif,keren mantap baik nya gratis transfer bank mana x
sangat membantu.. dengan ada nya SEA BANK tidak pusing lagi untuk biaya dadakan.. SEA BANK mantap.👍🏻👍🏻👍🏻👍🏻,5,2026-04-17 04:27:47,positif,bantu nya sea bank pusing biaya dada sea bank mantap
"josjis, semoga tetap josjis",5,2026-04-17 04:24:04,positif,josjis moga josjis
"gratis biaya ongkir, sangat menguntungkan buat yg sering transaksi seperti saya.",5,2026-04-17 04:18:09,positif,gratis biaya ongkir untung yg transaksi
bagus transkasinya,5,2026-04-17 04:17:36,positif,bagus transkasinya
sangat bermanfaat dan mudah d mengerti pokoknya bagus deh,5,2026-04-17 03:47:49,positif,manfaat mudah d erti pokok bagus deh
semoga sukses,5,2026-04-17 03:37:58,positif,moga sukses
pokoknya puas bgt tf g kena biaya dan tabungan dpt bunga walaupun cuma beberapa perak,5,2026-04-17 03:35:40,positif,pokok puas bgt tf g kena biaya tabung dpt bunga perak
kadang login error terus,4,2026-04-17 03:31:44,positif,kadang login error
jos mantap ok,5,2026-04-17 03:30:09,positif,jos mantap ok
"sangat memuaskan,",5,2026-04-17 03:22:24,positif,muas
"keren banget , aplikasi ini",5,2026-04-17 03:14:27,positif,keren banget aplikasi
bagus sekali seabank,5,2026-04-17 03:11:12,positif,bagus seabank
ga jelas nih seabank masa kalim bonus undang teman 25k g masuk ke saldo nipuuuu,1,2026-04-17 03:08:16,negatif,ga nih seabank kalim bonus undang teman k g masuk saldo nipuuuu
"sangat membantu untuk pembayaran yg singkat cepat, mantappp ....",4,2026-04-17 02:58:47,positif,bantu bayar yg singkat cepat mantappp
Kenapa akun aku engk bisa masung di akun,5,2026-04-17 02:48:50,positif,akun engk masung akun
Bagus Bgt sihh Ini pkok.y Thebest Lah smoga kdpn.y LBH baik Lg dan keamanannya di Tingkatkan,5,2026-04-17 02:47:14,positif,bagus bgt sihh pkoky thebest smoga kdpny lbh lg aman tingkat
"apk lol dana tiba"" terptong ngga jelas. sekelas bank apk nya bgini",1,2026-04-17 02:25:37,negatif,apk lol dana terptong ngga kelas bank apk nya bgini
memudahkan setiap transaksi,5,2026-04-17 02:23:22,positif,mudah transaksi
Kemudahan,5,2026-04-17 02:20:17,positif,mudah
senang Makai nya soalx enak buat transaksi apa pun,5,2026-04-17 02:15:34,positif,senang maka nya soalx enak transaksi
baguss mantap,5,2026-04-17 02:13:56,positif,baguss mantap
mantap bngt Seabank Sukes sllu,5,2026-04-17 02:13:12,positif,mantap bngt seabank sukes sllu
semoga sukses dan jaya jaya jaya selama nya,5,2026-04-17 02:07:30,positif,moga sukses jaya jaya jaya nya
sekarang banget sih,5,2026-04-17 02:04:15,positif,banget sih
tolong tambahin NSC Finance untuk angsuran nya min,5,2026-04-17 01:50:45,positif,tolong tambahin nsc finance angsur nya min
"udah 11x aku daftar tapi pihak seaBank nggan memberi kode otp,,,ini menyebalkan",1,2026-04-17 01:38:01,negatif,udah x daftar seabank nggan kode otpini sebal
"saya suka, sangat membantu,",5,2026-04-17 01:19:17,positif,suka bantu
mantap jozzzzx,5,2026-04-17 01:09:17,positif,mantap jozzzzx
mudah transaksi transfernya,5,2026-04-17 01:05:48,positif,mudah transaksi transfer
Seabank ok,4,2026-04-17 00:53:36,positif,seabank ok
saya suka aplikasi ini sangat membantu,5,2026-04-17 00:45:23,positif,suka aplikasi bantu
cepet dan murah adminya,5,2026-04-17 00:43:33,positif,cepet murah adminya
"sangat membantu , , ,",5,2026-04-17 00:14:57,positif,bantu
transaksi mudah dan menguntungkan,5,2026-04-17 00:12:22,positif,transaksi mudah untung
"saldo aman tidak berkurang, malah nambah walau bbrapa rupiah,tidak sperti bank lain yg slalu dpotong untuk biaya itu dn ini, sukses dan amanah selalu seabank",5,2026-04-17 00:06:52,positif,saldo aman kurang nambah bbrapa rupiahtidak sperti bank yg slalu dpotong biaya dn sukses amanah seabank
Temanku selamat pagi semoga sehat dan berkah rezeki kita semua aamiin. Untuk pembukaan rekening baru di Sea Bank sangat mudah dan cepat PROSESNYA cukup scan KTP asli ikuti petunjuk dengan benar temanku anggot pengiku fbpro Indonesia🇮🇩 anggot pengiku like a good time with my friends are you ready for the best friend oke temanku anggot pengikut saling interaksi sinergis untuk mendapat akses cepat dan mudah urusan semuanya terimakasih support terbaik postingan ini temanku🙏💕 assalamu'alaikum,5,2026-04-17 00:05:28,positif,teman selamat pagi moga sehat berkah rezeki aamiin buka rekening sea bank mudah cepat proses scan ktp asli ikut tunjuk teman anggot pengiku fbpro indonesia anggot pengiku like a good time with my friends are you ready for the best friend oke teman anggot ikut interaksi sinergis akses cepat mudah urus terimakasih support baik postingan teman assalamualaikum
cepat pengirimanya,5,2026-04-17 00:00:38,positif,cepat pengirimanya
terbaik proses pembayaran sangat cepat anti lelet sangat membantu sekali,5,2026-04-16 23:46:32,positif,baik proses bayar cepat anti lelet bantu
seq bank terbaik,5,2026-04-16 23:33:48,positif,seq bank baik
ok. bagus sangat membantu,5,2026-04-16 23:30:04,positif,ok bagus bantu
mantap sangat mudah di gunakan menu simple,5,2026-04-16 23:27:07,positif,mantap mudah menu simple
pas buat keluarga,5,2026-04-16 23:10:28,positif,pas keluarga
"sangat kecewa dengan seabank menyesal,akun saya dibatasi dan sudah hubungi cs 3x dan masalah masih belum terselesaikan disuruh nunggu 6 hari pas pengerjaan tiba² di email belum terhubung dengan anda apalah padahal udah di telpon udah verifikasi wajah buang² pulsa aja, sangat tidak recommended pelayanannya mentang² kantornya cuma ada di kota² besar",1,2026-04-16 22:54:34,negatif,kecewa seabank menyesalakun batas hubung cs x selesai suruh nunggu pas kerja tiba email hubung apa udah telpon udah verifikasi wajah buang pulsa aja recommended layan mentang kantor kota
saya suka aplikasi ini sangat membantu alhamdulillah tidak ada potongan admin,5,2026-04-16 22:47:38,positif,suka aplikasi bantu alhamdulillah potong admin
sangat mudah penggunaannya,5,2026-04-16 22:43:57,positif,mudah guna
mudah gk pake ribet,5,2026-04-16 22:34:17,positif,mudah gk pake ribet
sangat membantu dalam transaksi terima seabank,5,2026-04-16 22:33:47,positif,bantu transaksi terima seabank
sementara sangat mudah baik dan tidak dipersulitkan untuk menggunakanya.TQ,5,2026-04-16 22:12:12,positif,mudah sulit menggunakanyatq
Bagus sangat membantu untuk punya rekening tidak usah ke kantor cabang.makasih SeaBank,5,2026-04-16 21:50:03,positif,bagus bantu rekening kantor cabangmakasih seabank
sangat puasa.......🤗🤗🤗🤗,5,2026-04-16 20:49:35,positif,puasa
tidak ada pinjaman modal utama,1,2026-04-16 20:35:29,negatif,pinjam modal utama
payah masak tiap bulan transaksi pakai sewa bank tapi menu pinjaman nya kagak ada. padahal tinggal potong saja perbulan jika ada pinjaman. bintang 1 cukup,1,2026-04-16 20:33:54,negatif,payah masak transaksi pakai sewa bank menu pinjam nya kagak tinggal potong bulan pinjam bintang
sangat bagus memudahkan transaksi,5,2026-04-16 20:28:17,positif,bagus mudah transaksi
saya transfer saldo dari paypal ke sea bank transfer berhasil tetapi saldo di seabank saya tidak ada masuk .mohon pencerahannya kak 🙏,3,2026-04-16 20:19:51,netral,transfer saldo paypal sea bank transfer hasil saldo seabank masuk mohon cerah kak 
tolong soal permasalahan saya tentang seabank pinjam kenapa setiap saya mau pengajuan seabank pinjam selalu di tolak padahal saya transaksi selalu pakai seabank mulu TPI aneh nya ko saya pengajuan seabank pinjam selalu di tolak,1,2026-04-16 19:55:45,negatif,tolong masalah seabank pinjam aju seabank pinjam tolak transaksi pakai seabank mulu tpi aneh nya ko aju seabank pinjam tolak
kok fitur pinjaman nya belum ada padahl udh lama pakai sea bak bu,5,2026-04-16 19:47:19,positif,fitur pinjam nya padahl udh pakai sea bak bu
Terima kasih,5,2026-04-16 19:30:22,positif,terima kasih
"bagus sih Seabank, kendala nya ngak di aktifkan fitur sipinjam, tolong lah buka fitur sipinjam nya",5,2026-04-16 19:30:03,positif,bagus sih seabank kendala nya ngak aktif fitur sipinjam tolong buka fitur sipinjam nya
sangat bagus aman,5,2026-04-16 19:14:51,positif,bagus aman
nyaman mudah dan lancar,5,2026-04-16 18:59:19,positif,nyaman mudah lancar
bagua,5,2026-04-16 18:40:38,positif,bagua
transfer gampang dan mudah,5,2026-04-16 18:38:52,positif,transfer gampang mudah
Tolong dong jangan menyusahkan kami yg sudah kehilangan nomor hedpon yg sudah tidak aktif customer nya ga bisa di hubungin truss... KTP sudah trdaptar harus nya bisa verifikasi wajah ... nmun harus mlewati telpon customer .. dan bodoh nya tidak bisa di telpon tidak mlayani playanan yg sempu rna saya benci app ini tetap saja tidak bisa KLO mau bntu tolong dong bntuin jngn asal,1,2026-04-16 18:02:27,negatif,tolong susah yg hilang nomor hedpon yg aktif customer nya ga hubungin truss ktp trdaptar nya verifikasi wajah nmun mlewati telpon customer bodoh nya telpon mlayani playanan yg sempu rna benci app klo bntu tolong bntuin jngn
ok mantab bagus pelayanannya happy banget servicenya oke,5,2026-04-16 17:55:17,positif,ok mantab bagus layan happy banget servicenya oke
sangat bagus skali,5,2026-04-16 17:51:40,positif,bagus skali
aku sih yes,5,2026-04-16 17:35:27,positif,sih yes
"mantap aplikasinya banyak free transfer nya, tapi sayang tolong dong diperbaiki seabank pinjamnya, punya saya gak ada seabank pinjamnya ini tolong dong, saya 🙏🤳 kalau lagi butuh duit biar gak bingung nyari pinjaman",4,2026-04-16 17:18:06,positif,mantap aplikasi free transfer nya sayang tolong baik seabank pinjam gak seabank pinjam tolong  butuh duit biar gak bingung nyari pinjam
respon cepat ... kerja bagus,5,2026-04-16 17:15:10,positif,respon cepat kerja bagus
biaya lebih hemat transfer dan cepat,5,2026-04-16 16:58:57,positif,biaya hemat transfer cepat
Mantap mudah mudahan transaksi berjalan lancar tapi knpa saldo sayah suka ilang,5,2026-04-16 16:42:11,positif,mantap mudah mudah transaksi jalan lancar knpa saldo sayah suka ilang
sangat-sangat membantu dan proses pembuatan rekening nya sangat mudah👍,5,2026-04-16 16:31:37,positif,sangatsangat bantu proses buat rekening nya mudah
mantap.....,5,2026-04-16 16:27:50,positif,mantap
sayat puas sekali,5,2026-04-16 16:26:12,positif,sayat puas
apk yg sangat bagus...Ok,5,2026-04-16 16:23:12,positif,apk yg bagusok
Mantul sekali,5,2026-04-16 16:23:06,positif,mantul
sangat baik🥰🥰,4,2026-04-16 16:22:39,positif,baik
Okey,5,2026-04-16 16:10:55,positif,okey
mantap melesat,5,2026-04-16 16:05:49,positif,mantap lesat
"simple, sangat membantu",5,2026-04-16 16:04:05,positif,simple bantu
mempermudah proses transaksi apapun yg kita inginkan,5,2026-04-16 16:01:45,positif,mudah proses transaksi apa yg
"jangan gunakan apk ini saya transaksi gagal pembalikan transaksi terus saya transaksi lagi pake apk lain masuk dan setelah beberapa jam ngga ada pembalikan malah yg tadinya oembalikan jadi masuk dan saldo saya berkurang, maksudnya gimana yaa, nggaaman pake seabank gamoang kebobol ntah dari pihak seabank ato gimana, apk bobrok",1,2026-04-16 15:53:23,negatif,apk transaksi gagal balik transaksi transaksi pake apk masuk jam ngga balik yg oembalikan masuk saldo kurang maksud gimana yaa nggaaman pake seabank gamoang bobol ntah seabank ato gimana apk bobrok
mantul Poko e,5,2026-04-16 15:52:27,positif,mantul poko e
"Suka-suka goodlah,berguna jg,program & internalnya lebih baik dipakai,bebas iklan,bug,ataupun lelet,cepat bila dijalankan & mengakses semua menu2nya. Tapi disayangkan pernah juga dipakai terkadang agak"" sulit membukanya pas saat koneksi lagi burik / tidak stabil,terkadang perputarannya lambat banget dan cuma berputar-putar saja. mungkin cuma hal yang biasa ada di apps ini dan yang lain-lainnya sesuai pengalaman transaksi sukses,masukan tuk perkembangannya dibenahi tiap masalah yg ada",5,2026-04-16 15:49:55,positif,sukasuka goodlahberguna jgprogram internal dipakaibebas iklanbugataupun leletcepat jalan akses menu sayang pakai terkadang sulit buka pas koneksi burik stabilterkadang putar lambat banget berputarputar apps lainlainnya sesuai alam transaksi suksesmasukan tuk kembang benah yg
senang dan gampang banget digunakan,5,2026-04-16 15:40:32,positif,senang gampang banget
apanya yang bagus uangku hilang terus diambil aplikasi nggak jelas hampir 60 juta uangku hilang minta solusinya dong,2,2026-04-16 15:40:00,negatif,apa bagus uang hilang ambil aplikasi nggak juta uang hilang solusi
admin ya terlalu tigi,3,2026-04-16 15:35:13,netral,admin ya tigi
lumayan enak di pakai,4,2026-04-16 15:33:10,positif,lumayan enak pakai
"andai saja seabank ada debit atm nya,,mungkin akan lebih nyaman pake nya...",5,2026-04-16 15:31:46,positif,andai seabank debit atm nyamungkin nyaman pake nya
poko y mantap ga ada potongan tiap bulan y trus ada pengembangan bunga jadi uang y bertambah walau sedikit2..,5,2026-04-16 15:24:50,positif,poko y mantap ga potong y trus kembang bunga uang y tambah
mantap gak pernah gangguan Joss seabank,5,2026-04-16 15:23:43,positif,mantap gak ganggu joss seabank
𝙗𝙖𝙜𝙪𝙨,5,2026-04-16 15:14:33,positif,
mantap josss,5,2026-04-16 15:11:31,positif,mantap josss
"Bagus-bagus pokoknya gan,berguna juga,program & internalnya lebih baik dipakai,bebas iklan,bug,ataupun lelet,cepat bila dijalankan & mengakses semua menu2nya. Tapi di sayangkan pernah juga dipakai terkadang agak"" sulit membukanya pas saat koneksi lagi burik / tidak stabil,terkadang perputarannya lambat banget dan cuma berputar-putar saja. mungkin cuma hal yang biasa terjadi di apps ini dan yang lain-lainnya sesuai pengalaman transaksi sukses,masukan tuk perkembangannya dibenahi tiap kendala",5,2026-04-16 15:11:16,positif,bagusbagus pokok ganberguna jugaprogram internal dipakaibebas iklanbugataupun leletcepat jalan akses menu sayang pakai terkadang sulit buka pas koneksi burik stabilterkadang putar lambat banget berputarputar apps lainlainnya sesuai alam transaksi suksesmasukan tuk kembang benah kendala
apk ini bagus banget,5,2026-04-16 15:02:41,positif,apk bagus banget
seabank pinjam blm aktif,5,2026-04-16 15:00:47,positif,seabank pinjam blm aktif
jos gandos KLO ada kartunya,5,2026-04-16 14:48:41,positif,jos gandos klo kartu
lumaya cepat dan murah,5,2026-04-16 14:31:36,positif,lumaya cepat murah
seabnk sangat membantu dan bagus ada seabank pinjam juga limit bagus,5,2026-04-16 14:29:58,positif,seabnk bantu bagus seabank pinjam limit bagus
mantulll,5,2026-04-16 14:29:07,positif,mantulll
sangat baik pelayan ya,5,2026-04-16 14:24:28,positif,layan ya
mudah enak banyak gratisan,5,2026-04-16 14:18:49,positif,mudah enak gratis
Alhamdulillah sangat membantu dn mempermudah...🙂🙏,5,2026-04-16 14:16:32,positif,alhamdulillah bantu dn mudah
Wow ‼️,5,2026-04-16 14:03:19,positif,wow 
bagus dan cepat tanpa admin,5,2026-04-16 13:58:38,positif,bagus cepat admin
untuk saat ini Ok,5,2026-04-16 13:56:58,positif,ok
"mantep bangett, kirim ke bank lain gratis",5,2026-04-16 13:55:57,positif,mantep bangett kirim bank gratis
"pusat bantuan ribet, saya mengalami kendala ada transaksi spam yang saya tidak ketahui malah di lempar ke admin lain . emang jumblah nya kecil tapi ini spam loh sampe 17 transaksi",1,2026-04-16 13:52:01,negatif,pusat bantu ribet alami kendala transaksi spam tahu lempar admin emang jumblah nya spam loh sampe transaksi
cepat sekali,5,2026-04-16 13:51:16,positif,cepat
"langsung aku uninstall daftar nya wajib banget pakai kode SMS...mana tempat saya di pelosok jaringan nya susah,, pokoknya ribet deh KLO harus via otp sms",1,2026-04-16 13:46:52,negatif,langsung uninstall daftar nya wajib banget pakai kode smsmana pelosok jaring nya susah pokok ribet deh klo via otp sms
"Gak ribet, cepat bertransaksi",5,2026-04-16 13:38:31,positif,gak ribet cepat transaksi
seabank bank digital terbaik🙏,5,2026-04-16 13:38:11,positif,seabank bank digital baik
canggi bos,5,2026-04-16 13:31:07,positif,canggi bos
mùdah dan cepat,4,2026-04-16 13:29:37,positif,m dah cepat
hebat sangat peraktis,5,2026-04-16 13:29:27,positif,hebat peraktis
tapi sebank susah klo buat ngajuin pinjamn gagal terus padahal limit udh 15jt di akun satu lagi,5,2026-04-16 13:19:29,positif,bank susah klo ngajuin pinjamn gagal limit udh jt akun
"min, tolong di bantu untuk aktifkan seabank pinjam dong",5,2026-04-16 13:18:26,positif,min tolong bantu aktif seabank pinjam
cocok banget gilaaaa kacaaww the bestt bangett aplikasi favoritt,5,2026-04-16 13:12:58,positif,cocok banget gilaaaa kacaaww the bestt bangett aplikasi favoritt
bagus good tingkatkan pertahankan,5,2026-04-16 13:02:25,positif,bagus good tingkat tahan
"saya belum bisa mengajukan pinjaman ""seabank pinjam"" yg di tawarkan dengan limit 30jta😞 padahal yg saya ajukan jauh di bawah limit tersebut 😭",5,2026-04-16 12:58:08,positif,aju pinjam seabank pinjam yg tawar limit jta yg aju limit 
sangat mudah untuk transaksi,5,2026-04-16 12:50:18,positif,mudah transaksi
sngat praktis,5,2026-04-16 12:47:16,positif,sngat praktis
mantap mudah aman,5,2026-04-16 12:43:57,positif,mantap mudah aman
Ok Banget,5,2026-04-16 12:41:32,positif,ok banget
"kenapa dengan seabank saya saya mau ambil uang kok gak bisa ,malah suruh ubah nomor bl-fast tu maksudnya apa y",3,2026-04-16 12:41:00,netral,seabank ambil uang gak suruh ubah nomor blfast tu maksud y
ehhh semoga tetap gratis admin sampai kapanpun,4,2026-04-16 12:38:35,positif,ehhh moga gratis admin
sangat puas sekali terima kasih seabank tetap jadi yg terbaik ya,5,2026-04-16 12:37:46,positif,puas terima kasih seabank yg baik ya
"mantap cepat,murah,bersenegri",5,2026-04-16 12:33:04,positif,mantap cepatmurahbersenegri
sangat praktis 🥰,5,2026-04-16 12:32:54,positif,praktis 
sangat membantu...,5,2026-04-16 12:12:14,positif,bantu
sangat membatu banget,5,2026-04-16 12:08:00,positif,batu banget
saya sesusai memakai akun sea bank ini mudah dan tidak lama proses pengiriman antar bank lain,5,2026-04-16 12:07:49,positif,sesusai pakai akun sea bank mudah proses kirim bank
"Bank Seabank bagus banget ,aplikasi cepat dan aman securitynya kuat ,sukse seabank jaga amanah rakyat mantap",5,2026-04-16 12:07:33,positif,bank seabank bagus banget aplikasi cepat aman securitynya kuat sukse seabank jaga amanah rakyat mantap
Tidak ada Admin,5,2026-04-16 12:07:03,positif,admin
hebat cepat satset,5,2026-04-16 12:04:49,positif,hebat cepat satset
"pelayanan mudah, aman, cepat,",5,2026-04-16 11:58:35,positif,layan mudah aman cepat
sangat membantu dan cepat,5,2026-04-16 11:56:53,positif,bantu cepat
✌️🙏,4,2026-04-16 11:51:59,positif,
cepat dan praktis digunakan untuk belanja online,5,2026-04-16 11:49:41,positif,cepat praktis belanja online
sangat mambantu,5,2026-04-16 11:42:36,positif,mambantu
ok lumayan,5,2026-04-16 11:23:56,positif,ok lumayan
kenapa ganti no hp di sebank nggak bisa mulu ini min,5,2026-04-16 11:21:54,positif,ganti no hp bank nggak mulu min
praktis dan hemat,5,2026-04-16 11:16:35,positif,praktis hemat
tingkatkan pelayanannya,5,2026-04-16 11:08:36,positif,tingkat layan
kenapa Seabank hari ini? sudah diupdate tetap mau transfer tidak bisa. Klik nomor tujuan yang dari riwayat cuma putar2 tapi tidak terbuka,3,2026-04-16 11:04:34,netral,seabank diupdate transfer klik nomor tuju riwayat putar buka
"sangat baik, aplikasi nya, mudah dalam transfer ke mbanking lain",5,2026-04-16 11:03:31,positif,aplikasi nya mudah transfer mbanking
"Ini seabank sama shopee lagi knp ya? gangguannya parah banget. Di seabank knp gk bs tf antarbank jd saya hrus ke shopee dulu dn dri shopee juga aneh waktu di tf ke bank lain, uang jd berkurang tp gk ada riwaya berhasil transfer. Ini juga knp tiba2 nomor rekening seabank saya keterangan gk ada pemiliknya (kek salah norek gt loh)",1,2026-04-16 11:02:26,negatif,seabank shopee knp ya ganggu parah banget seabank knp gk bs tf antarbank jd hrus shopee dn dri shopee aneh tf bank uang jd kurang tp gk riwaya hasil transfer knp nomor rekening seabank terang gk milik kek salah norek gt loh
mantap semoga lancar makin maju,5,2026-04-16 10:59:40,positif,mantap moga lancar maju
kecepatan transfer nya yg memuaskan,5,2026-04-16 10:53:20,positif,cepat transfer nya yg muas
mudah tanpa ribet,5,2026-04-16 10:46:33,positif,mudah ribet
mencoba dulu ternyata sangat mudah dalam proses bertnsaksi,5,2026-04-16 10:45:23,positif,coba mudah proses bertnsaksi
aku suka bisa gak sih di ganti kata²nya asalnya bunga berubah jadi imbal hasil,5,2026-04-16 10:40:40,positif,suka gak sih ganti kata nya asal bunga ubah imbal hasil
pendaftaran gagal trus,2,2026-04-16 10:38:21,negatif,daftar gagal trus
keren sangat membantu,5,2026-04-16 10:33:53,positif,keren bantu
"serba praktis, buka rekeningnya juga gampang👍",5,2026-04-16 10:31:04,positif,serba praktis buka rekening gampang
"tiap bulan nyoba ngajuin fitur pinjaman tapi ga pernah di acc, padahal pinjaman di spinjam lancar tanpa tunggakan, paylater aman pula.aneh beda manajemen beda penilaian",2,2026-04-16 10:19:34,negatif,nyoba ngajuin fitur pinjam ga acc pinjam spinjam lancar tunggak paylater aman pulaaneh beda manajemen beda nilai
pas untuk anak pelajar.tanpa biaya transfer kemana saja,5,2026-04-16 10:14:10,positif,pas anak pelajartanpa biaya transfer mana
cukup membantu transfer jadi makin mudah dan murah,5,2026-04-16 10:13:36,positif,bantu transfer mudah murah
sangat mudah untuk dila,5,2026-04-16 10:08:11,positif,mudah dila
tidak ada limit,5,2026-04-16 10:06:08,positif,limit
pelayanan yang bagus,5,2026-04-16 10:01:41,positif,layan bagus
bagus seabanl,5,2026-04-16 09:56:50,positif,bagus seabanl
sangat mudah digunakan dan hemat,5,2026-04-16 09:52:16,positif,mudah hemat
top banget,5,2026-04-16 09:50:05,positif,top banget
terima kasih seabank sangat berguna dan gak ribet,5,2026-04-16 09:45:30,positif,terima kasih seabank guna gak ribet
bikin transaksi lebih mudah dan praktis👍👍,5,2026-04-16 09:19:15,positif,bikin transaksi mudah praktis
mntapppppp,5,2026-04-16 09:18:19,positif,mntapppppp
aplikasi sea bank sangat memuaskan,5,2026-04-16 09:12:39,positif,aplikasi sea bank muas
cepet prosesnya dan gak ribet,5,2026-04-16 09:12:32,positif,cepet proses gak ribet
seabank joss jiss 👌 tiada tanding,5,2026-04-16 08:53:45,positif,seabank joss jiss  tiada tanding
cepat tepat lengkap,5,2026-04-16 08:49:46,positif,cepat lengkap
bagus enak,5,2026-04-16 08:49:31,positif,bagus enak
sangat memuaskan juga lancar gak nyesel pokoknya pakai seabank 👍☺️,5,2026-04-16 08:49:10,positif,muas lancar gak nyesel pokok pakai seabank 
aplikasi yang bagus,4,2026-04-16 08:43:16,positif,aplikasi bagus
"sy punya seabank dah premium hilang sy mau aktifin ganti no.. tlpn dah g bgmn cara ganti nya..no tlpn g bisa di hubungi,. .no nya dah g ada hilang sama hpnya. sy daftar ulang pake no baru, terus pake e KTP dah terdaftar..Seabank",4,2026-04-16 08:42:45,positif,sy seabank dah premium hilang sy aktifin ganti no tlpn dah g bgmn ganti nyano tlpn g hubung no nya dah g hilang hpnya sy daftar ulang pake no pake e ktp dah terdaftarseabank
sejauh ini aman dan amanah,5,2026-04-16 08:35:49,positif,aman amanah
tf cepat,5,2026-04-16 08:31:40,positif,tf cepat
sungguh aplikasi yg sangat baik dan layak untuk di gunakan,5,2026-04-16 08:25:54,positif,sungguh aplikasi yg layak
semua bisa instan,5,2026-04-16 08:25:03,positif,instan
memuaskan kan,4,2026-04-16 08:22:46,positif,muas
"sangat membantu , untuk transaksi e wallet tanpa harus bayar admin",5,2026-04-16 08:21:01,positif,bantu transaksi e wallet bayar admin
"proses transfer cepat,gratis dan untuk tarik tunai mudah karena banyak terdapat Indomaret di sepanjang jalan",5,2026-04-16 08:12:49,positif,proses transfer cepatgratis tarik tunai mudah indomaret jalan
Pembukaan Rekening sangat cepat dan mudah sekali,5,2026-04-16 08:02:29,positif,buka rekening cepat mudah
Dengan Biaya Transfer Beda Bank dapat Gratis 100 kouta 🥰🥰 suka Bangat dengan Fitur yg mudah dan Lengkap😍💖💖💖,5,2026-04-16 08:01:37,positif,biaya transfer beda bank gratis kouta  suka bangat fitur yg mudah lengkap
"nice broo, semoga bermanfaat",5,2026-04-16 07:57:04,positif,nice broo moga manfaat
Mantap Pokoknya.. Makasih SeaBank 🙏🙏🙏,5,2026-04-16 07:55:02,positif,mantap pokok makasih seabank 
"min tolong bunga nya tambahin dong saya nabung 5 juta perbulan, pengen beli mobil mazda 3 soalnya biar ga terlalu tua nunggunya",5,2026-04-16 07:47:50,positif,min tolong bunga nya tambahin nabung juta bulan ken beli mobil mazda biar ga tua nunggunya
"senang ,mudah dan cepat",5,2026-04-16 07:41:22,positif,senang mudah cepat
"bintang 3 dulu, klu udh dapet pinjaman baru tambah bintang nya",3,2026-04-16 07:39:56,netral,bintang klu udh dapet pinjam bintang nya
"Transfer ke bank mana aja sangat mudah, cepat dan bebas biaya admin sea bank menang ok...👍👍👍",5,2026-04-16 07:34:36,positif,transfer bank aja mudah cepat bebas biaya admin sea bank menang ok
cepet dan mudah,5,2026-04-16 07:33:22,positif,cepet mudah
♥️,5,2026-04-16 07:33:02,positif,
cocok untuk menyimpan uang saya sangat suka,5,2026-04-16 07:05:40,positif,cocok simpan uang suka
sangat bagus jelas,5,2026-04-16 07:02:54,positif,bagus
qriss tidak bisa di gunakan sesalu gagal,2,2026-04-16 06:53:16,negatif,qriss sesalu gagal
serba lengkap,5,2026-04-16 06:52:45,positif,serba lengkap
gak ada kendala mantap pokonya,5,2026-04-16 06:51:12,positif,gak kendala mantap poko
yeees,5,2026-04-16 06:23:32,positif,yeees
sangan membantu,5,2026-04-16 06:09:24,positif,sangan bantu
bermanfaat banget,5,2026-04-16 06:01:58,positif,manfaat banget
sngat² baik menggunakan apk seabank bos,5,2026-04-16 05:58:14,positif,sngat apk seabank bos
saya sebagai pengguna Bank Seabank merasa sangat kecewa dan merasa dirugikan atas apa yg ditimpakan terhadap saya atas tuduhan dan laporan yg membuat akun seabank saya diblokir sementara dan saya TDK bisa melakukan transaksi apapun,1,2026-04-16 05:57:41,negatif,guna bank seabank kecewa rugi yg timpa tuduh lapor yg akun seabank blokir tdk transaksi apa
praktis dan efisien,5,2026-04-16 05:38:07,positif,praktis efisien
sangat mbantu,5,2026-04-16 05:34:48,positif,mbantu
terus adakan tf gratis tanpa admin,5,2026-04-16 05:25:15,positif,adakan tf gratis admin
tidak ada by admin mantap,5,2026-04-16 05:11:24,positif,by admin mantap
lancar dan mudah,5,2026-04-16 05:10:39,positif,lancar mudah
tf Masi pke admin,4,2026-04-16 05:10:08,positif,tf mas pke admin
nyaman juga pakai seabank... mantaaaappp,5,2026-04-16 05:08:00,positif,nyaman pakai seabank mantaaaappp
transfer antar bank gratis,5,2026-04-16 05:07:50,positif,transfer bank gratis
𝙢𝙖𝙣𝙩𝙖𝙥,5,2026-04-16 05:01:52,positif,
aplikasi yang sangat bermanfaat banget mudah untuk segala transaksi.,5,2026-04-16 05:00:56,positif,aplikasi manfaat banget mudah transaksi
"baru pertama pakai sea bank, alhamdulillah prosesnya cepat..",5,2026-04-16 04:57:08,positif,pakai sea bank alhamdulillah proses cepat
terimaksih seabank,5,2026-04-16 04:41:09,positif,terimaksih seabank
"mantab, transfer bebas admin, qris kemanapun bisa, TF kemanapun bisa tanpa biaya Gono gini. beda sama bank BUMN mencekik.. semua kena pajak.",5,2026-04-16 04:36:35,positif,mantab transfer bebas admin qris mana tf mana biaya gono gin beda bank bumn cekik kena pajak
"buruk sekali transfer pending dari tgl 1 April sampai 16 April dana belum masuk rekening penerima rekening penerima bank BRI bilang 3 hari kerja, 7 hari kerja , sekarang sudah lewat 7 hari kerja masih belum selesai masalah saya",1,2026-04-16 04:33:13,negatif,buruk transfer pending tgl april april dana masuk rekening terima rekening terima bank bri bilang kerja kerja kerja selesai
senang dibantu Ama seabank,5,2026-04-16 04:30:53,positif,senang bantu ama seabank
"sip, seabank anti ribet.. dompet digital serba bisa . pertahankan terus yaa kinerja yang bagus ini.. 🙏🏻🫶♥️❣️🫰",5,2026-04-16 04:18:46,positif,sip seabank anti ribet dompet digital serba tahan yaa kerja bagus 
"membantu sekali, dari pada aplikasi biru",5,2026-04-16 04:16:58,positif,bantu aplikasi biru
"lebih murah , tanpa biaya admin transfer beda bank",5,2026-04-16 04:14:18,positif,murah biaya admin transfer beda bank
pengiriman cepat no debat,5,2026-04-16 04:11:45,positif,kirim cepat no debat
Proses transfer nya cepat dan mudah,5,2026-04-16 04:11:25,positif,proses transfer nya cepat mudah
sangat puas dengan kinerja apanya sangat berguna🫶,5,2026-04-16 04:10:36,positif,puas kerja apa guna
sangat menguntungkan,5,2026-04-16 03:45:41,positif,untung
bagus banget ..,5,2026-04-16 03:41:23,positif,bagus banget
"sangat membantu untuk transaksi ,",5,2026-04-16 03:39:24,positif,bantu transaksi
"sat set, gak bikin ribet ...",5,2026-04-16 03:37:59,positif,sat set gak bikin ribet
"aplikasi terbaik,mudah di pakai",5,2026-04-16 03:37:29,positif,aplikasi terbaikmudah pakai
dunia dalam genggaman seabank🫰,5,2026-04-16 03:37:21,positif,dunia genggam seabank
mudah dan praktis gratis biaya kirim,5,2026-04-16 03:36:43,positif,mudah praktis gratis biaya kirim
Ternyata transaksi pakai bank seabank ini enk n cepat g ribet n menyenangkan,5,2026-04-16 03:30:06,positif,transaksi pakai bank seabank enk n cepat g ribet n senang
"bikin boros belanja, soalnya gampang banget makanya😭",5,2026-04-16 03:27:09,positif,bikin boros belanja gampang banget makanya
smuanya jd mudah,5,2026-04-16 03:22:40,positif,smuanya jd mudah
Cepat dan mudah,5,2026-04-16 03:20:35,positif,cepat mudah
bagus banget nih aplikasinya,5,2026-04-16 03:19:12,positif,bagus banget nih aplikasi
"lumayan, nol biaya layanan",5,2026-04-16 03:14:20,positif,lumayan nol biaya layan
mudah untuk mengakses,5,2026-04-16 03:13:57,positif,mudah akses
mantul dahh,5,2026-04-16 03:09:15,positif,mantul dahh
layanan cepat dan mudah digunakan,5,2026-04-16 03:06:03,positif,layan cepat mudah
praktis pakai seabank,5,2026-04-16 03:02:42,positif,praktis pakai seabank
gampang d gunakan,5,2026-04-16 02:51:47,positif,gampang d
oke bngt,4,2026-04-16 02:49:37,positif,oke bngt
transaksi cepat gratis lg,5,2026-04-16 02:45:32,positif,transaksi cepat gratis lg
pusas,5,2026-04-16 02:41:40,positif,pusas
"praktis, cepet, nggak ribet",5,2026-04-16 02:41:29,positif,praktis cepet nggak ribet
Bagus bagus,4,2026-04-16 02:40:32,positif,bagus bagus
"sangat sangat praktis bos ku, mudah mudahan kedepan nya tambah maju tambah reward nya juga hehehe makasih sea bank",5,2026-04-16 02:39:17,positif,praktis bos ku mudah mudah depan nya maju reward nya hehehe makasih sea bank
baikk dan cepat,5,2026-04-16 02:38:58,positif,baikk cepat
mudah n murah n cepat....sip,5,2026-04-16 02:08:32,positif,mudah n murah n cepatsip
apk good👍,5,2026-04-16 02:05:18,positif,apk good
"transaksi ilegal tanpa konfirmasi memasukkan pin, tiba"" ada transaksi otomatis sebesar 249.000 tingkat keamanan yang sangat buruk",1,2026-04-16 01:44:27,negatif,transaksi ilegal konfirmasi masuk pin transaksi otomatis tingkat aman buruk
Ga bisa login,1,2026-04-16 01:30:32,negatif,ga login
Ok juga,1,2026-04-16 01:14:23,negatif,ok
sayang nya ngak bisa nol saldo,5,2026-04-16 01:13:27,positif,sayang nya ngak nol saldo
"seabank ga bisa dibuka, sdh perifikasi sukses, kembali masuk maka selanjutnya minta terus ktp, lebih baik hapus aja",1,2026-04-16 00:59:08,negatif,seabank ga buka sdh perifikasi sukses masuk ktp hapus aja
sangat2 memudahkan dn jangkauan sangat cepat,5,2026-04-16 00:48:35,positif,mudah dn jangkau cepat
transaksi lancar dan keren,5,2026-04-16 00:38:26,positif,transaksi lancar keren
semoga slalu sukses,5,2026-04-16 00:37:31,positif,moga slalu sukses
"cepat, gratis transfer",5,2026-04-16 00:35:13,positif,cepat gratis transfer
kena cas buat TF skrg,4,2026-04-16 00:31:58,positif,kena cas tf skrg
mantabs,5,2026-04-16 00:28:44,positif,mantabs
easy tf,5,2026-04-16 00:26:24,positif,easy tf
sangat membantu menyelesaikan setiap kebutuhan,5,2026-04-16 00:15:56,positif,bantu selesai butuh
sangat puas buat transaksi,5,2026-04-16 00:07:01,positif,puas transaksi
Penganannya lambat,1,2026-04-16 00:04:11,negatif,penganan lambat
transaksi pembayaran semakin cepat dan mudah,5,2026-04-16 00:04:06,positif,transaksi bayar cepat mudah
"praktis,,,no biaya admin",5,2026-04-15 23:59:07,positif,praktisno biaya admin
sangat cepat untuk tf,5,2026-04-15 23:51:08,positif,cepat tf
Muanteeep,5,2026-04-15 23:49:37,positif,muanteeep
gratis biaya tranfer antar bank 👍🏻,5,2026-04-15 23:47:35,positif,gratis biaya tranfer bank 
terimakasih atas kerjasamanya 🥰,5,2026-04-15 23:37:29,positif,terimakasih kerjasamanya 
bagus..tolong tingkatkan lagi bunganya,5,2026-04-15 23:28:44,positif,bagustolong tingkat bunga
Memang Top SeaBank,5,2026-04-15 23:26:44,positif,top seabank
kerenn l,5,2026-04-15 23:07:38,positif,kerenn l
Sangat Bagus,5,2026-04-15 22:56:08,positif,bagus
transfer gratis looo senang sekali,5,2026-04-15 22:34:47,positif,transfer gratis looo senang
sangat bagu,5,2026-04-15 22:28:42,positif,bagu
enaknya,5,2026-04-15 22:01:20,positif,enak
"bagus,, mudah",5,2026-04-15 21:32:42,positif,bagus mudah
sama saja dgn BRIMO tp ini versi ngk ribet nya saja 🤭,5,2026-04-15 21:31:00,positif,dgn brimo tp versi ngk ribet nya 
"tidak dapat login, penampilan login kosong",1,2026-04-15 21:11:41,negatif,login tampil login kosong
mungkin lebih bermanfaat,5,2026-04-15 20:19:21,positif,manfaat
mudah daftar dan proses tf.mudah2an juga keamanannya sangat bagus,5,2026-04-15 19:52:19,positif,mudah daftar proses tfmudahan aman bagus
"bhong , saya download ajk GK dapet apa"" ,",1,2026-04-15 19:12:17,negatif,bhong download ajk gk dapet
"puas dan nyaman dgn pelayanannya,",5,2026-04-15 18:42:55,positif,puas nyaman dgn layan
tanpa ada kendala,5,2026-04-15 18:35:55,positif,kendala
bagus mudah dan terpercaya,5,2026-04-15 18:34:38,positif,bagus mudah percaya
nyaman pake seabank.. tp sayangnya belum dapet fitur seabank pinjam,5,2026-04-15 18:31:13,positif,nyaman pake seabank tp sayang dapet fitur seabank pinjam
kalo bisa jangan ada adminya kaya yang lain di kasih free transfer 10× kalo tfnya ke ewalet,3,2026-04-15 18:07:47,netral,kalo adminya kaya kasih free transfer  kalo tfnya ewalet
mana 200rb nya untuk pengguna baru ngak ada,1,2026-04-15 18:04:10,negatif,rb nya guna ngak
penggunaan seabank keren pokoknya,5,2026-04-15 18:01:38,positif,guna seabank keren pokok
sangat membantu transaksi gratis,5,2026-04-15 18:01:25,positif,bantu transaksi gratis
Ko pass mau login harus verifikasi wajah atau masukin kode truss,3,2026-04-15 17:01:18,netral,ko pass login verifikasi wajah masukin kode truss
mdh2an aman y klo menyimpan saldo d seabank,5,2026-04-15 16:25:10,positif,mdhan aman y klo simpan saldo d seabank
"cepat, mudah dan menyenangkan ayo segera beralih ke seabank untuk segala aktivitas transaksimu download segera",5,2026-04-15 15:50:42,positif,cepat mudah senang ayo alih seabank aktivitas transaksi download
punya saya ga bisa masuk beranda knpa x padahal udh di ganti no nya malah bolak balik masuk no sma KTP aja,3,2026-04-15 15:23:50,netral,ga masuk beranda knpa x udh ganti no nya bolak masuk no sma ktp aja
KNPA DI APLIKASI YANG SAYA GUNAKAN (SEABANK) TIDAK ADA FITUR PINJAM,5,2026-04-15 15:21:07,positif,knpa aplikasi seabank fitur pinjam
Lupa pin,4,2026-04-15 15:15:44,positif,lupa pin
OKE,5,2026-04-15 15:10:52,positif,oke
yg puas,5,2026-04-15 15:05:25,positif,yg puas
"sangat amanah, dan mudah transfer, gratis juga transfer nya. bagus bangetttt",5,2026-04-15 15:02:24,positif,amanah mudah transfer gratis transfer nya bagus bangetttt
bagus dan mudah digunakan 👍,5,2026-04-15 14:53:12,positif,bagus mudah 
senam banget,5,2026-04-15 14:44:44,positif,senam banget
mantap apk ini bos,4,2026-04-15 14:35:38,positif,mantap apk bos
nabung berbunga bunga mantapppp semakin semangat nabung klo begini tingkatkan lagi🌺🌻🌹🌷,5,2026-04-15 14:31:15,positif,nabung bunga bunga mantapppp semangat nabung klo tingkat lagi
layanan laporan terlalu lama sampai 6 hari kerja.Sanga buruk untuk sebuah aplikasi perbankan.Saya pengguna tahunan.tp laporan 6 hari kerja.bodohnya kalian,1,2026-04-15 14:25:19,negatif,layan lapor kerjasanga buruk aplikasi perbankansaya guna tahunantp lapor kerjabodohnya
bagus bngt yaa aplikasinyaa..tapi sayang bangt seabank pinjamnya udah lama bngt ga bisa di bukaw,4,2026-04-15 14:21:49,positif,bagus bngt yaa aplikasinyaatapi sayang bangt seabank pinjam udah bngt ga bukaw
senang menggunakan seabank transaksi jadi mudah😊🥰,5,2026-04-15 14:19:51,positif,senang seabank transaksi mudah
Sangat puas tapi seabenk pinjaman saya ngga ada,5,2026-04-15 14:17:18,positif,puas seabenk pinjam ngga
peaktis,4,2026-04-15 14:15:40,positif,peaktis
"saya baru coba, mudah cepat, tdk bisa komen laim",5,2026-04-15 14:15:14,positif,coba mudah cepat tdk komen laim
ok.mantap,5,2026-04-15 14:13:03,positif,okmantap
sering masalah eror dll,1,2026-04-15 14:09:31,negatif,eror dll
muachh,1,2026-04-15 13:51:42,negatif,muachh
"bagus ,tanpa hambatan",5,2026-04-15 13:46:40,positif,bagus hambat
"baru Mulai., ini awal yg Baik., mudah dan Bebas Biaya",5,2026-04-15 13:33:14,positif,yg mudah bebas biaya
lag terus ga tau kenapa padahal jaringan bagus,1,2026-04-15 13:31:47,negatif,lag ga tau jaring bagus
mantap dan tingkatkan terus keamanan nya pak,5,2026-04-15 13:31:15,positif,mantap tingkat aman nya
mudah dan praktis penggunaan ny,5,2026-04-15 13:25:28,positif,mudah praktis guna ny
dapat undangan dari iklan. daftar dapat saldo 200rb tapi setelah pendaftaran berhasil saldo tetap 0 rp jadi uinstal lagi,1,2026-04-15 13:24:25,negatif,undang iklan daftar saldo rb daftar hasil saldo rp uinstal
sangat cepat pengiriman nya,5,2026-04-15 13:21:52,positif,cepat kirim nya
mudah untuk bayar shopee dan spaylater,5,2026-04-15 13:19:05,positif,mudah bayar shopee spaylater
sangat membantu usahaku,5,2026-04-15 13:17:56,positif,bantu usaha
antar mukanya mudah di gunakan dan proses gak ribet,5,2026-04-15 13:16:36,positif,muka mudah proses gak ribet
ya mantap pake seabank,5,2026-04-15 13:15:58,positif,ya mantap pake seabank
simpel tidak ribet,5,2026-04-15 13:13:59,positif,simpel ribet
baik dan cepat,5,2026-04-15 13:13:12,positif,cepat
trims,5,2026-04-15 13:10:41,positif,trims
memang keren ni seabank 👍🏻👍🏻,5,2026-04-15 13:10:25,positif,keren ni seabank 
aplikasi ini sangat membantu🙏💪💪,5,2026-04-15 13:09:55,positif,aplikasi bantu
istimewa bangat sea bank,5,2026-04-15 13:04:58,positif,istimewa bangat sea bank
mudah dan praktis kalok mau tf,5,2026-04-15 13:03:45,positif,mudah praktis kalok tf
sangat penting aplikasi ini,4,2026-04-15 13:03:03,positif,aplikasi
"sering gangguan ,lebih baik cari yg lain",1,2026-04-15 13:02:14,negatif,ganggu cari yg
"semoga tidak,seperti bank lainya",5,2026-04-15 12:52:01,positif,moga tidakseperti bank lai
sangat membantu sekali karena gratis admin,5,2026-04-15 12:50:14,positif,bantu gratis admin
"sea bank kalau buat nabung aman gak ya,rencana baru mau coba tapi ragu info nya dong teman teman siapa yang udah coba buat nabung di sea bank",2,2026-04-15 12:45:21,negatif,sea bank nabung aman gak yarencana coba ragu info nya teman teman udah coba nabung sea bank
sangat baik dan gampang untuk transaksi gratis lagi,5,2026-04-15 12:40:15,positif,gampang transaksi gratis
"gratis biaya admin ,🤗",5,2026-04-15 12:36:59,positif,gratis biaya admin 
"puas pelayananya,jg cepat",5,2026-04-15 12:35:39,positif,puas pelayananyajg cepat
"saya sudah melakukan verifikasi wajah dan data, tapi masih tetap saja akun saya keblokir.",5,2026-04-15 12:22:30,positif,verifikasi wajah data akun blokir
"nice, cepat , gratis biaya admin",5,2026-04-15 12:20:29,positif,nice cepat gratis biaya admin
mf knpa seabank saya klo mau login harus pke kode otp trs via sms?,5,2026-04-15 12:20:21,positif,mf knpa seabank klo login pke kode otp trs via sms
sayang potongannya terlalu banyak,1,2026-04-15 12:16:18,negatif,sayang potong
bagus tanpa kendala,5,2026-04-15 12:00:31,positif,bagus kendala
gak bisa login.. uda diulang beberapa kali tetep gak bisa login di menu yang sama masukan no hp .upload KtP masukan pasword eh kembali lgi masukan no hp,1,2026-04-15 11:55:58,negatif,gak login uda ulang kali tetep gak login menu masuk no hp upload ktp masuk pasword eh lgi masuk no hp
memudahkan dalam bertransaksi,5,2026-04-15 11:48:21,positif,mudah transaksi
Alhamdulillah baik,5,2026-04-15 11:41:57,positif,alhamdulillah
"Baru pertama dan memulai dg seabank, mudah dan bebas biaya . semoga amanah. terimakasih 🙏",5,2026-04-15 11:35:24,positif,dg seabank mudah bebas biaya moga amanah terimakasih 
terus tingkatkan,5,2026-04-15 11:35:05,positif,tingkat
pengalaman baru yang menyenangkan,5,2026-04-15 11:33:01,positif,alam senang
bagi hadiah dong,5,2026-04-15 11:31:44,positif,hadiah
Kapan BS ditarik saldo pinjaman Saldo pinjaman TDK bisa ditarik,5,2026-04-15 11:30:35,positif,bs tarik saldo pinjam saldo pinjam tdk tarik
i like seabank❤,5,2026-04-15 11:30:28,positif,i like seabank
mntep,5,2026-04-15 11:28:55,positif,mntep
suka bgt dgn aplikasi seabank,5,2026-04-15 11:28:45,positif,suka bgt dgn aplikasi seabank
harus selalu didepan,4,2026-04-15 11:27:56,positif,depan
sangat membantu dan mudah saat bertransaksi apalagi bebas biyaya atmin pokonya mantap,5,2026-04-15 11:21:27,positif,bantu mudah transaksi bebas biyaya atmin poko mantap
ini kenapa saat make qris invalid kode terus dah emang ngga bisa kah?,2,2026-04-15 11:20:12,negatif,make qris invalid kode dah emang ngga kah
lucu. mau daftar aja ribet banget. otp ga masuk2 dan di suruh telpon atau email kalo mau hubungin cs nya. najis. auto ganti bank lain aja yg ga ribet,1,2026-04-15 11:19:49,negatif,lucu daftar aja ribet banget otp ga masuk suruh telpon email kalo hubungin cs nya najis auto ganti bank aja yg ga ribet
sangat membantu untuk transfer ke bank lain dengan biaya gratis tanpa ADM ❤️,5,2026-04-15 11:16:20,positif,bantu transfer bank biaya gratis adm 
seabank mantap tidak pernah mengecewakan,5,2026-04-15 11:09:08,positif,seabank mantap kecewa
sangat membantu layanan transaksi,5,2026-04-15 11:08:16,positif,bantu layan transaksi
transaksi jd lbh mudah,5,2026-04-15 11:04:16,positif,transaksi jd lbh mudah
saya selalu gagal daftar karna masalah kede otp gak di kirim.udah berulang kali saya coba tapi hasil nya tetap sama.,1,2026-04-15 10:59:19,negatif,gagal daftar karna kede otp gak kirimudah ulang kali coba hasil nya
mantaap,5,2026-04-15 10:44:27,positif,mantaap
ga perlu kata kata pokoknya Jos,5,2026-04-15 10:42:54,positif,ga pokok jos
transfer mudah transaksi cepat tanpa biaya admin,5,2026-04-15 10:39:44,positif,transfer mudah transaksi cepat biaya admin
baca baca ulasannya kok isinya sama semua..kalimat depannya doang yg beda..🤣🤣,3,2026-04-15 10:38:21,netral,baca baca ulas isi semuakalimat depan doang yg beda
semoga selalu di pertahankan pengiriman cepat,5,2026-04-15 10:35:29,positif,moga tahan kirim cepat
Dana tabungan bertambah transfer tanpa biaya admin,5,2026-04-15 10:35:07,positif,dana tabung tambah transfer biaya admin
"seabank sangat membantu dlm transaksi online, prosesnya cepat dan sangat2 mudah.. semoga bisa jadi bank terpercaya juga utk menabung 🙏🏽😇",5,2026-04-15 10:28:30,positif,seabank bantu dlm transaksi online proses cepat mudah moga bank percaya utk tabung 
semua transaksi lancar,5,2026-04-15 10:22:32,positif,transaksi lancar
transfer kemana aza gratis,5,2026-04-15 10:18:30,positif,transfer mana aza gratis
SeaBank mantap Seabank amanah 👍👍👍,5,2026-04-15 10:17:56,positif,seabank mantap seabank amanah 
smg menjadi yg terbaik,5,2026-04-15 10:15:00,positif,smg yg baik
seabank mantab transaksi lancar,5,2026-04-15 09:59:31,positif,seabank mantab transaksi lancar
"pertama kali pake seabank,semoga bagus terus",5,2026-04-15 09:57:31,positif,kali pake seabanksemoga bagus
kataxa gratis tapi kok pakai biaya,3,2026-04-15 09:51:56,netral,kataxa gratis pakai biaya
yaa oke saya senang sekali,5,2026-04-15 09:36:16,positif,yaa oke senang
"sukaa bgttt, sekarang kalau naruk uang mending di seabank",5,2026-04-15 09:25:45,positif,sukaa bgttt naruk uang mending seabank
mantul... praktis dan nyaman,5,2026-04-15 09:25:33,positif,mantul praktis nyaman
mantap...simple...,5,2026-04-15 09:24:00,positif,mantapsimple
untung sekali pakai ini,5,2026-04-15 09:22:10,positif,untung pakai
baik kl bisa mambantu,5,2026-04-15 09:21:27,positif,kl mambantu
proses cepat lancar jaya,5,2026-04-15 09:21:24,positif,proses cepat lancar jaya
mantap sangat membantu dalam bertransaksi,5,2026-04-15 09:10:10,positif,mantap bantu transaksi
sea bank sangat mudah di gunakan,5,2026-04-15 09:04:59,positif,sea bank mudah
"Alhamdulillah transaksi keuangan lancar, mudah, cepat & gratis👍",5,2026-04-15 08:59:20,positif,alhamdulillah transaksi uang lancar mudah cepat gratis
mudah sekali tf admin juga nol rupiah ..,5,2026-04-15 08:59:17,positif,mudah tf admin nol rupiah
pokok ke mantap,5,2026-04-15 08:43:01,positif,pokok mantap
sahh,5,2026-04-15 08:39:22,positif,sahh
sangat membantu dalam bertransaksi,5,2026-04-15 08:34:02,positif,bantu transaksi
apk untuk menabung yang top,5,2026-04-15 08:33:52,positif,apk tabung top
saldo aman,5,2026-04-15 08:31:55,positif,saldo aman
Bank online yang sangat bagus,5,2026-04-15 08:21:56,positif,bank online bagus
bagus benar cara kerjanya,5,2026-04-15 08:20:27,positif,bagus kerja
lancar bangat,5,2026-04-15 08:00:21,positif,lancar bangat
saya sangat suka 🤗,5,2026-04-15 07:59:30,positif,suka 
"Semua Fitue Bagus Tetapi Untuk Fitur Seabank Pinjam sudah Banyak Transaksi Tidak Muncul²Kalo Bisa Perlihatkan Harus Berapa Transaksi Agar Bisa Buka SeabankPinjam,TKS",5,2026-04-15 07:53:54,positif,fitue bagus fitur seabank pinjam transaksi muncul kalo lihat transaksi buka seabankpinjamtks
MAKASIH SEABANK MASALAHNYA SUDAH TERSELESAIKAN,5,2026-04-15 07:47:20,positif,makasih seabank selesai
senang menggunakan saebank,5,2026-04-15 07:44:09,positif,senang saebank
bagus sekali/puas,5,2026-04-15 07:41:44,positif,bagus sekalipuas
memudahkan transaksi dan gratis top up,5,2026-04-15 07:40:24,positif,mudah transaksi gratis top up
fast banget,5,2026-04-15 07:38:37,positif,fast banget
SeaBank keren,5,2026-04-15 07:35:56,positif,seabank keren
cakep bnr seabank,5,2026-04-15 07:33:20,positif,cakep bnr seabank
bagus aplikasi banyak dapat bunga sesuai tabungan kita,5,2026-04-15 07:25:28,positif,bagus aplikasi bunga sesuai tabung
layanan bagus sekali bos,5,2026-04-15 07:25:05,positif,layan bagus bos
Terima kasih karena sudah mempermudah transaksi 🙏🙏,5,2026-04-15 07:25:03,positif,terima kasih mudah transaksi 
urusan jadi mudah,5,2026-04-15 07:23:44,positif,urus mudah
aplikasinya bgus bnget,5,2026-04-15 07:14:45,positif,aplikasi bgus bnget
murah mudah dan praktis,5,2026-04-15 07:03:20,positif,murah mudah praktis
Aplikasi Yang sangat cepat buat Transportasi 🥰,5,2026-04-15 06:42:46,positif,aplikasi cepat transportasi 
"sangat berguna dan aman digunakan, ♥️",5,2026-04-15 06:36:22,positif,guna aman 
nyaman poll gratis tf kemana aja recomended!!!,5,2026-04-15 06:31:58,positif,nyaman poll gratis tf mana aja recomended
sangat mudah digunakan dan ga ada ribed,5,2026-04-15 06:30:23,positif,mudah ga ribed
sangat puas bossQuuu...,5,2026-04-15 06:21:07,positif,puas bossquuu
bagus vangt bisa mmbantu untuk sgala kbutuhan,5,2026-04-15 06:18:54,positif,bagus vangt mmbantu sgala kbutuhan
"Aplikasi bagus Asli goodlah pokoknya,berguna juga ya,program & internalnya lebih baik dipakai,bebas iklan,bug,ataupun lelet,cepat bila dijalankan & mengakses semua menu2nya. Tapi di sayangkan pernah juga dipakai terkadang agak"" sulit membukanya pas saat koneksi lagi burik / tidak stabil,terkadang perputarannya lambat banget dan cuma berputar-putar saja. mungkin cuma hal yang biasa terjadi di apps ini dan yang lain-lainnya sesuai pengalaman transaksi sukses",5,2026-04-15 06:15:07,positif,aplikasi bagus asli goodlah pokoknyaberguna yaprogram internal dipakaibebas iklanbugataupun leletcepat jalan akses menu sayang pakai terkadang sulit buka pas koneksi burik stabilterkadang putar lambat banget berputarputar apps lainlainnya sesuai alam transaksi sukses
mudah mantap,5,2026-04-15 06:08:01,positif,mudah mantap
sangat memuaskan semua fiturnya,5,2026-04-15 06:00:33,positif,muas fiturnya
senang dan nyaman,5,2026-04-15 05:59:21,positif,senang nyaman
gila keren banget amanah juga,5,2026-04-15 05:46:23,positif,gila keren banget amanah
sangat puas dan bagus untuk transaksi,5,2026-04-15 05:41:54,positif,puas bagus transaksi
"Yg komen kok bot semua, narasinya sama semua🤭🤭🤭",3,2026-04-15 05:18:07,netral,yg komen bot narasi semua
potongannta terlalu gede sih,5,2026-04-15 05:16:44,positif,potongannta gede sih
senangnya hatiku saat ini,5,2026-04-15 05:15:01,positif,senang hati
"senang banget, karena transfer ke bank apapun tanpa biaya admin,",5,2026-04-15 05:10:39,positif,senang banget transfer bank apa biaya admin
aplikasi bank online yang mantap banget pokoknya,5,2026-04-15 05:10:04,positif,aplikasi bank online mantap banget pokok
"sejauh ini , dr semua bank ini yg paling nyaman dan okeh",5,2026-04-15 05:05:52,positif,dr bank yg nyaman okeh
"untung ada seabank transaksi antar bank jadi cepat dan mudah,, trimakasih seabank👍🙏",5,2026-04-15 05:03:01,positif,untung seabank transaksi bank cepat mudah trimakasih seabank
bagus dan mudah dimengerti,5,2026-04-15 05:00:33,positif,bagus mudah erti
mudah tidak ribet,5,2026-04-15 04:59:09,positif,mudah ribet
sangat membantu saya dalam berbisnis,5,2026-04-15 04:52:07,positif,bantu bisnis
lebih aman dari ewalet lain,5,2026-04-15 04:46:46,positif,aman ewalet
gak ada potongan biaya transfer,4,2026-04-15 04:36:42,positif,gak potong biaya transfer
sementara ini transaksi saya selalu cepat dan akurat terima kasih pelayananya Seabank..,5,2026-04-15 04:32:28,positif,transaksi cepat akurat terima kasih pelayananya seabank
"termakasi seabank telah mempermudah dan tepercaya...,!",5,2026-04-15 04:28:21,positif,makas seabank mudah percaya
puassss,5,2026-04-15 04:26:06,positif,puassss
baik mempermudah urusan,5,2026-04-15 04:23:11,positif,mudah urus
aplikasi dompet digital tidak berguna dan tidak bermanfaat...saya sudah menggunakan aplikasi sea bank lama tapi tidak muncul seabank pinjam,1,2026-04-15 04:21:45,negatif,aplikasi dompet digital guna bermanfaatsaya aplikasi sea bank muncul seabank pinjam
sangat memuaskann,5,2026-04-15 04:13:58,positif,memuaskann
apk nya sangat membantu untuk transaksi apa aja terima seabank 🥰🥰🥰,5,2026-04-15 04:07:15,positif,apk nya bantu transaksi aja terima seabank 
mantaaappp,5,2026-04-15 03:58:37,positif,mantaaappp
sangat membantu sekali 👍👍👍,5,2026-04-15 03:53:07,positif,bantu 
sangat membantu dan mempermudah segalanya,5,2026-04-15 03:52:48,positif,bantu mudah
pdhl saldonya ada tapi tidak mencukupi terus kenapa itu yaa,2,2026-04-15 03:48:09,negatif,pdhl saldo cukup yaa
agak bingung sih sebernya make nya,3,2026-04-15 03:39:10,netral,bingung sih sebernya make nya
terbaik di kelasnya,5,2026-04-15 03:29:42,positif,baik kelas
oke bnyak promo nya dan simpel,5,2026-04-15 03:28:51,positif,oke bnyak promo nya simpel
"bagus,gak ribet lagi ,mudah kedepan ne lebih baik.",5,2026-04-15 03:28:06,positif,bagusgak ribet mudah depan ne
bagus skli dan praktis skli,5,2026-04-15 03:26:30,positif,bagus skli praktis skli
terpercaya dan pelayanan terbaik,5,2026-04-15 03:22:31,positif,percaya layan baik
mohon bantuannya dan dukungan prose nya mudah hemat,5,2026-04-15 03:18:36,positif,mohon bantu dukung prose nya mudah hemat
senang dan bahagia memakai seabank,5,2026-04-15 03:17:48,positif,senang bahagia pakai seabank
baik bagus mambantu,5,2026-04-15 03:11:02,positif,bagus mambantu
mantap kalo terus ga ada admin kaya gini,5,2026-04-15 03:08:05,positif,mantap kalo ga admin kaya gin
paylater mana yyyuuuuu,5,2026-04-15 03:06:19,positif,paylater yyyuuuuu
terpercaya amanah,5,2026-04-15 02:56:12,positif,percaya amanah
terbaik untuk mengirim uang dan e walet,5,2026-04-15 02:51:18,positif,baik kirim uang e walet
pelayanan sangat bagus ..,5,2026-04-15 02:50:41,positif,layan bagus
Bagus dan hemat penggunaan,5,2026-04-15 02:45:18,positif,bagus hemat guna
ini login ke shoppi nya kok gak sih kemaren kemarin bisa mohon di per baiki,4,2026-04-15 02:35:02,positif,login shoppi nya gak sih kemaren kemarin mohon baik
oke bagus,5,2026-04-15 02:34:50,positif,oke bagus
semoga selalu amanah dan lebih banyak kemudahan jgn lupa promo promonya,5,2026-04-15 02:33:39,positif,moga amanah mudah jgn lupa promo promonya
cepat dan mudah di mengerti sangat bagus,5,2026-04-15 02:30:17,positif,cepat mudah erti bagus
simpel praktis dan banyak gratisanya,5,2026-04-15 02:29:19,positif,simpel praktis gratisanya
memudahkan untuk transaksi,5,2026-04-15 02:27:31,positif,mudah transaksi
mantap free adm,5,2026-04-15 02:16:16,positif,mantap free adm
kok saldo awal belum masuk.mksh,5,2026-04-15 02:08:09,positif,saldo masukmksh
rekomen karena transfer tanpa admin,5,2026-04-15 02:01:40,positif,rekomen transfer admin
kirim uang jadi lebih mudah dan 0 biaya admin terima kasih seabank,5,2026-04-15 01:57:53,positif,kirim uang mudah biaya admin terima kasih seabank
ini seabank saya yang eror apa gimana? di suruh perbarui aplikasi saya sudah perbarui tapi tetap gamau login itu kenapa ya?,2,2026-04-15 01:54:43,negatif,seabank eror gimana suruh baru aplikasi baru gamau login ya
transfer ke bank lain real time dan gratis biaya admin nya,5,2026-04-15 01:42:38,positif,transfer bank real time gratis biaya admin nya
sangat2 membantu,5,2026-04-15 01:30:52,positif,bantu
"cara ajukan seabankpinjam og gk ada linknya ya... ap krn blm ada saldo bagi penguna baru. Ooh sy kira utk umum, tiwas mau sy takeover k seabank.. 🙏🏼😊",4,2026-04-15 01:13:28,positif,aju seabankpinjam og gk linknya ya ap krn blm saldo penguna ooh sy utk tiwas sy takeover k seabank 
baru buka,5,2026-04-15 01:12:05,positif,buka
Cepat dan akurat,5,2026-04-15 01:10:19,positif,cepat akurat
Alhamdulillah manfaat,5,2026-04-15 01:09:04,positif,alhamdulillah manfaat
sajauh ini bagus,5,2026-04-15 00:56:39,positif,sajauh bagus
sangat keren,5,2026-04-15 00:53:27,positif,keren
terbaik dan cepat aman,5,2026-04-15 00:51:27,positif,baik cepat aman
mantap gratis ngirim uang,5,2026-04-15 00:46:42,positif,mantap gratis ngirim uang
"praktis ,,lebih cepat bertransaksi",4,2026-04-15 00:27:12,positif,praktis cepat transaksi
tolong aktifkan fitus seabank pinjam saya,5,2026-04-15 00:21:20,positif,tolong aktif fitus seabank pinjam
TF ke bank mn aj gratis,5,2026-04-15 00:18:31,positif,tf bank mn aj gratis
sangat baik dn cepat,5,2026-04-15 00:15:42,positif,dn cepat
"seabank tolong di bantu cek saya melakukan transaksi transfer dari seabank ke BRI pribadi tapi dana nya sampai sekarang belum ada masuk.call center abis pulsa 20 ribu buma buat dengerin mesin ngoceh,lewat bebas pulsa di aplikasi pun sama..parah sekali. kejadian ke 2 x yang gak mengenakan,akun tiba2 di blokir aktivitas mencurigakan KOCAKKKKK ..sering transaksi di sini kan lagi ngejar reward yg LG berjalan .malah di blokir sumpah gak jelas lama2 seabank ini transaksi msh ratusan ribu BKN miliarr",1,2026-04-15 00:07:12,negatif,seabank tolong bantu cek transaksi transfer seabank bri pribadi dana nya masukcall center abis pulsa ribu buma dengerin mesin ngocehlewat bebas pulsa aplikasi samaparah jadi x gak mengenakanakun blokir aktivitas curiga kocakkkkk transaksi ngejar reward yg lg jalan blokir sumpah gak seabank transaksi msh ratus ribu bkn miliarr
gampang gak ribet 👍🫰,5,2026-04-15 00:05:36,positif,gampang gak ribet 
sangat baik.,4,2026-04-14 23:48:22,positif,
semua transaksi prosesnya sangat cepat 🎉🎉🎉,5,2026-04-14 23:23:04,positif,transaksi proses cepat 
sangat bgus dan mudah dan aman,5,2026-04-14 22:59:48,positif,bgus mudah aman
Sangat Mudah Sekali ❤️,5,2026-04-14 22:46:30,positif,mudah 
Mantab fast respon customer care Nya sea bank akun saya Bisa dibuka Lagi terima kasih,5,2026-04-14 22:34:53,positif,mantab fast respon customer care nya sea bank akun buka terima kasih
cepat dalam tf,5,2026-04-14 22:33:08,positif,cepat tf
mantapppp...,4,2026-04-14 21:52:33,positif,mantapppp
aplikasi bermanfaat dan sangat mudah digunakan,5,2026-04-14 21:28:20,positif,aplikasi manfaat mudah
semoga seabnk pinjam kebuka,5,2026-04-14 20:29:32,positif,moga seabnk pinjam buka
akses bagus sesuai kebutuhan nya sgt membantu.. trmksih seabank dtunggu hadiah nya ya...,5,2026-04-14 20:23:55,positif,akses bagus sesuai butuh nya sgt bantu trmksih seabank dtunggu hadiah nya ya
top markotop limit saldo nya bisa hingga 2 m,5,2026-04-14 20:11:03,positif,top markotop limit saldo nya m
sangat cepat dan akurat,3,2026-04-14 19:58:20,netral,cepat akurat
"sangat bagus dan aman, mudah di gunakan",5,2026-04-14 19:50:52,positif,bagus aman mudah
mantap deh Poko ny,5,2026-04-14 19:43:36,positif,mantap deh poko ny
josjiz,5,2026-04-14 19:39:04,positif,josjiz
muantaappp,5,2026-04-14 19:31:40,positif,muantaappp
mudah dalam menjalankan aplikasinya,5,2026-04-14 19:31:13,positif,mudah jalan aplikasi
hampir 4 tahun jadi nasabah seabank. belombada fitur seabank pinjam.. yg baru download 3 minggu sudah di kasih seabank pinjam.. adil,5,2026-04-14 19:16:21,positif,nasabah seabank belombada fitur seabank pinjam yg download minggu kasih seabank pinjam adil
ada admin nya,2,2026-04-14 19:15:48,negatif,admin nya
bintang 5,5,2026-04-14 19:13:19,positif,bintang
"Sukses Terus Buat Seabank App mantaaaaaap, Dompet Digital Lain Lewaaaat",5,2026-04-14 19:12:58,positif,sukses seabank app mantaaaaaap dompet digital lewaaaat
"jangan make aplikasi tolol ini ,kalo gamao saldo lu ketahan",1,2026-04-14 19:08:25,negatif,make aplikasi tolol kalo gamao saldo lu tahan
banyak freee nya mantap,5,2026-04-14 19:04:58,positif,freee nya mantap
bergegas cepat! selama online,5,2026-04-14 19:04:48,positif,gegas cepat online
belum bisa pinjam dana tunai,5,2026-04-14 18:45:54,positif,pinjam dana tunai
sangat membanti buat berbelanja,5,2026-04-14 18:25:44,positif,membanti belanja
sanagat puas,5,2026-04-14 18:06:51,positif,sanagat puas
Cepat Transaksi nya,5,2026-04-14 17:57:09,positif,cepat transaksi nya
hooh,3,2026-04-14 17:55:14,netral,hooh
"senang sekali menggunakan sea bank krn lancar dan cepat,sy sangat suka sekali.",5,2026-04-14 17:44:20,positif,senang sea bank krn lancar cepatsy suka
bagus😎,5,2026-04-14 17:10:11,positif,bagus
saya kasih bintang 5 tolong beri saya fitur sebank pinjem dong min,5,2026-04-14 17:03:51,positif,kasih bintang tolong fitur bank pinjem min
akses cepat. murah dan berkualitas.....no tipu-tipu. kereeeen bnget layanan seabank,5,2026-04-14 17:01:48,positif,akses cepat murah berkualitasno tiputipu kereeeen bnget layan seabank
sangatbagus,5,2026-04-14 16:58:40,positif,sangatbagus
"sejauh ini , ini yang paling nyaman",5,2026-04-14 16:46:44,positif,nyaman
"aman terpercaya,.100x gratis transfer ke bank lain",5,2026-04-14 16:45:53,positif,aman terpercayax gratis transfer bank
lovely . easy to use. just like 123.. simple.,5,2026-04-14 16:37:35,positif,lovely easy to use just like simple
luar biasa mantap canggih,5,2026-04-14 16:28:31,positif,mantap canggih
ibu saya meninggal dunia dan saya ingin mengirimkan dokumen ahli waris saya tapi di persulit oleh pihak seabenk,1,2026-04-14 16:27:28,negatif,tinggal dunia kirim dokumen ahli waris sulit seabenk
"Transfer gratis dan cepat sekali, Mantap",5,2026-04-14 16:16:05,positif,transfer gratis cepat mantap
"seabank sya tidk bisa terbuka , muncul bacaan harus di perbarui .",1,2026-04-14 16:15:58,negatif,seabank sya tidk buka muncul baca baru
good app. sejauh ini aman nabung di SEA..,5,2026-04-14 16:07:17,positif,good app aman nabung sea
top dah pokoknya seabank segalanya mudah dan memudahkan segala transaksi,5,2026-04-14 16:06:09,positif,top dah pokok seabank mudah mudah transaksi
"saya berkali-kali login gabisa tetep aja KTP sudah terdaftar padahal waktu daftar pertama gagal verifikasi, sekarang mau daftar lagi malah KTP sudah terdaftar dan gabisa login. mau menghubungi CS sangat sulit, minimal sediakan CS via Whatsapp biar mudah.",1,2026-04-14 16:00:34,negatif,berkalikali login gabisa tetep aja ktp daftar daftar gagal verifikasi daftar ktp daftar gabisa login hubung cs sulit minimal sedia cs via whatsapp biar mudah
mudah Dan cepat,5,2026-04-14 15:39:59,positif,mudah cepat
tolong bikin rekening valas (usd dll),5,2026-04-14 15:39:54,positif,tolong bikin rekening valas usd dll
Sea Bank very good,5,2026-04-14 15:39:00,positif,sea bank very good
sangat Baik,5,2026-04-14 15:29:26,positif,
keren dengan bunga yg dibayar nyata..,5,2026-04-14 15:19:11,positif,keren bunga yg bayar nyata
"terima kasih seabank,, sudah membantu segala kebutuhan saya, sukses selalu",5,2026-04-14 15:17:58,positif,terima kasih seabank bantu butuh sukses
smtr sy ksh bintang 3 dulu kl transaksi selanjutnya bagus n cpt mk sy tmbh bintangnya trm ksh🙏,3,2026-04-14 15:13:24,netral,smtr sy ksh bintang kl transaksi bagus n cpt mk sy tmbh bintang trm ksh
mantap sangat membantu untuk transaksi saya,5,2026-04-14 15:13:22,positif,mantap bantu transaksi
hari ini kenapa seabank untuk mengambil uang tidak bisa tolong kasih tau aku harus gimana,4,2026-04-14 15:07:37,positif,seabank ambil uang tolong kasih tau gimana
Bagus bangeeettt👍👍👍,5,2026-04-14 15:03:58,positif,bagus bangeeettt
semoga sukses👍,5,2026-04-14 15:02:22,positif,moga sukses
wel,5,2026-04-14 15:00:09,positif,wel
pelayanan sangat cepat dan mudah,5,2026-04-14 14:54:24,positif,layan cepat mudah
Bagus mengunakan sbeank transaksi dang toup,4,2026-04-14 14:47:32,positif,bagus mengunakan sbeank transaksi dang toup
rekomended... cepat aman,5,2026-04-14 14:41:10,positif,rekomended cepat aman
bereh untuk sementara,4,2026-04-14 14:40:16,positif,bereh
"ngisi ke link nyangkut ga bisa ngisi minyak, bertele tele pulak ngurusnya",1,2026-04-14 14:30:19,negatif,ngisi link nyangkut ga ngisi minyak tele tele pulak ngurusnya
good and responsive,5,2026-04-14 14:28:29,positif,good and responsive
"Katanya ada hadiah bonus download aplikasi nya, mana bonus promo nya.....??!! atau cuman tipu2 doank ya...??!",1,2026-04-14 14:22:10,negatif,hadiah bonus download aplikasi nya bonus promo nya cuman tipu doank ya
seabank memudahkan anda transaksi,5,2026-04-14 14:19:21,positif,seabank mudah transaksi
istimewa seabank,5,2026-04-14 14:19:18,positif,istimewa seabank
mantapp bagus sekali sea bank ni terpercaya,4,2026-04-14 14:07:49,positif,mantapp bagus sea bank ni percaya
bagus banget 🥰,5,2026-04-14 13:59:37,positif,bagus banget 
mantapp.. CS seabank pelayanan nya sangat baik,5,2026-04-14 13:54:52,positif,mantapp cs seabank layan nya
mudah dalam bertransaksi,5,2026-04-14 13:48:45,positif,mudah transaksi
Sejauh ini bagus pelayanannya..,5,2026-04-14 13:43:52,positif,bagus layan
"baru pertama kali ini coba gunakan seabank, semoga tidak ada kendala pada aplikasi.",4,2026-04-14 13:43:43,positif,kali coba seabank moga kendala aplikasi
kode Referal ga berhasil,5,2026-04-14 13:35:25,positif,kode referal ga hasil
saya sangat suka dengan aplikasi ini. dan sangat membantu.,5,2026-04-14 13:24:03,positif,suka aplikasi bantu
🤲,5,2026-04-14 13:15:05,positif,
sangat mempermudah untuk proses dalam beraktifitas,5,2026-04-14 13:14:16,positif,mudah proses beraktifitas
Ternyata mudah dan aman terimakasih Sea bank,5,2026-04-14 13:11:49,positif,mudah aman terimakasih sea bank
puas mantap dan membantu,5,2026-04-14 13:11:24,positif,puas mantap bantu
sip dah pertahanin jgn aneh aneh,5,2026-04-14 13:11:21,positif,sip dah pertahanin jgn aneh aneh
aplikasi yang bagusss,1,2026-04-14 13:09:56,negatif,aplikasi bagusss
"cara mengatasi masalah sangat lambat , saya ada masalah pengiriman 5 hari belom kembali uang saya",3,2026-04-14 13:06:36,netral,atas lambat kirim bom uang
terimakasih siabenk telah memudahkan aku teraksaksi dan membatu aku saat aku kesusahan dengan sipijam terimakasih bangt,5,2026-04-14 13:04:47,positif,terimakasih siabenk mudah teraksaksi batu susah sipijam terimakasih bangt
"Lumayan, tapi sering ngelag, untuk keamanan ini dijamin oke",3,2026-04-14 13:02:02,netral,lumayan ngelag aman jamin oke
"alhamdulillah sangat membant, semoga sukses terus seabank",5,2026-04-14 12:56:52,positif,alhamdulillah membant moga sukses seabank
Oky banget,5,2026-04-14 12:55:50,positif,oky banget
bagus mempermudah,5,2026-04-14 12:55:50,positif,bagus mudah
Selalu usahakan transfer ke rekening mana pun dengan gratis admin yaa🤗❤️,5,2026-04-14 12:53:12,positif,usaha transfer rekening gratis admin yaa
sangat menyenangkan pokonamah the best,5,2026-04-14 12:52:17,positif,senang pokonamah the best
sangat membantu trimakasih,5,2026-04-14 12:51:54,positif,bantu trimakasih
mdah dan cpat,4,2026-04-14 12:51:04,positif,mdah cpat
bgus jg pake sebank..,4,2026-04-14 12:39:13,positif,bgus jg pake bank
geratis kirim ke bank lain mantap,5,2026-04-14 12:34:40,positif,gerat kirim bank mantap
yang puas dengan apkikasinya,5,2026-04-14 12:34:35,positif,puas apkikasinya
🤍,5,2026-04-14 12:28:17,positif,
Minta aktipkan seabank pinjam,4,2026-04-14 12:23:27,positif,aktipkan seabank pinjam
sangat efesien,5,2026-04-14 12:17:23,positif,efesien
sangat puas dan cepat,5,2026-04-14 12:12:57,positif,puas cepat
"mantap insyaallah ,tlg tetap gratis nyaa di pertahankan yaa besties",5,2026-04-14 12:09:52,positif,mantap insyaallah tlg gratis nyaa tahan yaa besties
"Bagus top berguna juga ya, program & internalnya lebih fleksibel dipakai,bebas iklan,bug,ataupun lelet,cepat bila dijalankan & mengakses smua menu2nya. Tapi di sayangkan pernah juga dipakai terkadang agak"" sulit membukanya pas saat koneksi lagi buruk / tidak stabil,terkadang perputarannya lambat banget dan cuma berputar-putar saja. mungkin cuma hal yang biasa terjadi di apps ini dan yang lain-lainnya sesuai pengalaman transaksi sukses,,masukan tuk perkembangannya dibenahi admin",5,2026-04-14 12:06:38,positif,bagus top guna ya program internal fleksibel dipakaibebas iklanbugataupun leletcepat jalan akses smua menu sayang pakai terkadang sulit buka pas koneksi buruk stabilterkadang putar lambat banget berputarputar apps lainlainnya sesuai alam transaksi suksesmasukan tuk kembang benah admin
senang layanan nya cepat,5,2026-04-14 12:06:14,positif,senang layan nya cepat
"aku pakai seabank..tranfer tidak terkirim,tapi saldo berkurang,bukti transaksi sedang proses,tapi sudah 2 hari tetap TDK masuk... kami bub costemer katanya sedang di lakukan tindakan,tapi hasilnya TDK ada... kecewa",1,2026-04-14 12:04:44,negatif,pakai seabanktranfer terkirimtapi saldo berkurangbukti transaksi prosestapi tdk masuk bub costemer laku tindakantapi hasil tdk kecewa
cukup mudah untuk melakukan transaksi atau pembayaran,4,2026-04-14 11:58:32,positif,mudah transaksi bayar
pertahankan,5,2026-04-14 11:52:29,positif,tahan
mudah praktis senang pakai seabank,5,2026-04-14 11:50:52,positif,mudah praktis senang pakai seabank
"bagus simpel dan praktis, semoga aman simpan uang disini",5,2026-04-14 11:48:09,positif,bagus simpel praktis moga aman simpan uang
"terima kasih seabank, mantap deh",5,2026-04-14 11:48:06,positif,terima kasih seabank mantap deh
Aplikasi yang Baik dan Bagus...,5,2026-04-14 11:43:10,positif,aplikasi bagus
gk kaya apk sebelak saldo tiba² ilang,5,2026-04-14 11:30:29,positif,gk kaya apk belak saldo tiba ilang
suka dan cinta ❤️,5,2026-04-14 11:23:57,positif,suka cinta 
transaksi cepat dan mudah dimengerti,5,2026-04-14 11:23:38,positif,transaksi cepat mudah erti
syukaaa,5,2026-04-14 11:21:45,positif,syukaaa
"mudah untuk di mengerti, dan gak ribet, terima kasih",5,2026-04-14 11:17:41,positif,mudah erti gak ribet terima kasih
semoga dapet pitur pinjaman nya,5,2026-04-14 11:09:45,positif,moga dapet pitur pinjam nya
sangat memudahkan semua transaksi online,5,2026-04-14 11:08:51,positif,mudah transaksi online
bagus bnggat,1,2026-04-14 11:06:02,negatif,bagus bnggat
menurutku bagus karena tf k semua bank gratis admin,4,2026-04-14 11:04:14,positif,turut bagus tf k bank gratis admin
"ok sip untuk saat ini,mudah di pake.",5,2026-04-14 11:02:24,positif,ok sip inimudah pake
good sangat membantu,5,2026-04-14 11:00:23,positif,good bantu
so far so good,5,2026-04-14 10:58:48,positif,so far so good
good thanks,5,2026-04-14 10:52:39,positif,good thanks
"sangat membantu, satu satunya Bank online yang super mudah, banyak bonus, transfer antar bank gratis.",5,2026-04-14 10:51:08,positif,bantu satu bank online super mudah bonus transfer bank gratis
kenapa aplikasinya suka ngeleg TDK bisa login,5,2026-04-14 10:47:34,positif,aplikasi suka ngeleg tdk login
katanya dapat 200 rb... buka rekening..... kok gak ada,5,2026-04-14 10:42:52,positif,rb buka rekening gak
terimakasih... sangat membantu,5,2026-04-14 10:40:17,positif,terimakasih bantu
gratis biaya transfer,5,2026-04-14 10:37:38,positif,gratis biaya transfer
sangat memudahkan,5,2026-04-14 10:35:31,positif,mudah
aman dan gampang di aplikasikan,5,2026-04-14 10:31:09,positif,aman gampang aplikasi
mantap bank ini,5,2026-04-14 10:30:41,positif,mantap bank
Terbaik ⭐⭐⭐⭐⭐,5,2026-04-14 10:24:46,positif,baik 
sangat praktis dan bagus.,5,2026-04-14 10:24:39,positif,praktis bagus
aplikasinya mudah di gunakan,5,2026-04-14 10:13:00,positif,aplikasi mudah
bagus bgy,5,2026-04-14 10:09:54,positif,bagus bgy
berguna bangettt bessst pokoknya,5,2026-04-14 10:02:23,positif,guna bangettt bessst pokok
joz,5,2026-04-14 09:55:41,positif,joz
sangat baikk,5,2026-04-14 09:54:47,positif,baikk
"pokoknya daftar ke Seabank tidak ribet tidak kaya aplikasi lain ribet bangat, terus aman nyaman dan tidak ada potongan biar sampai limit, allhamdulilah sangat membantu skali",5,2026-04-14 09:51:33,positif,pokok daftar seabank ribet kaya aplikasi ribet bangat aman nyaman potong biar limit allhamdulilah bantu skali
enak di gunakan..praktis..,5,2026-04-14 09:50:58,positif,enak gunakanpraktis
praktis banget,4,2026-04-14 09:44:20,positif,praktis banget
Saya Sangat Puas Dalam Aplikasi SeaBank,5,2026-04-14 09:33:22,positif,puas aplikasi seabank
aplikasi mantap bisa menyimpan uang dengan aman,5,2026-04-14 09:31:51,positif,aplikasi mantap simpan uang aman
Aplikasi Sangat Bagus Dan Memuaskan Cepat Pengiriman Nya Petunjuk Nya Sangat Jelas,5,2026-04-14 09:24:10,positif,aplikasi bagus muas cepat kirim nya tunjuk nya
top up belum masuk tapi dana udah di sedot masalah gara garaa jaringan terus katanya mau di balikan pas 5 hari kerja lama kali kembalikannya 😒,1,2026-04-14 08:58:16,negatif,top up masuk dana udah sedot gara garaa jaring balik pas kerja kali kembali 
sea bank top,5,2026-04-14 08:57:13,positif,sea bank top
mudah aman dan terpercaya,5,2026-04-14 08:51:42,positif,mudah aman percaya
"aku suka banget seabank saya gunakan sebagai bank utama dan setiap hari saya ada transaksi, hasil merchant dan toko online shopee saya semua masuknya kesini. dulu saya sempat pinjam berhasil dengan 4 pengajuan. kalau sudah lunas saya ambil lagi sampai 4 kali. tapi akhir akhir ini saya mengajukan selalu gagal dan di suruh mengajukan dalm 30 hari lagi. tapi sudah 4 bulan ini alias 4x saya mengajukan selalu tidak berhasil. tolong kalau bisa untuk kedepanya di acc seperti dulu lagi buat modal usaha",5,2026-04-14 08:45:56,positif,suka banget seabank bank utama transaksi hasil merchant toko online shopee masuk kesini pinjam hasil aju lunas ambil kali aju gagal suruh aju dalm alias x aju hasil tolong depa acc modal usaha
sangat membantuu dan mudah,5,2026-04-14 08:41:31,positif,membantuu mudah
sangat terbantu,5,2026-04-14 08:29:41,positif,bantu
tidak mengecewakan sangat bagus gampang di gunakan,5,2026-04-14 08:24:58,positif,kecewa bagus gampang
memudah kan urusan,4,2026-04-14 08:24:07,positif,mudah urus
mudah utk transfer n yg lainnya,5,2026-04-14 08:19:59,positif,mudah utk transfer n yg
mudah dan terpercaya,5,2026-04-14 08:19:24,positif,mudah percaya
tidak dapat kode OTP,2,2026-04-14 08:18:36,negatif,kode otp
makin mudah untuk segala transaksi,5,2026-04-14 08:13:28,positif,mudah transaksi
aplikasi yg mudah d gunakan sukses trus,5,2026-04-14 08:12:36,positif,aplikasi yg mudah d sukses trus
kerenlah pokoknya,5,2026-04-14 08:10:31,positif,keren pokok
mudah nyman aman,5,2026-04-14 08:10:31,positif,mudah nyman aman
Bagus👍👍,5,2026-04-14 08:06:56,positif,bagus
sya kasih bintang 1 aja. alasan sya kasih bintang 1 kerna fitur seabank pinjam gk ada. tolong di bantu tampilkan fitur seabank pinjam...🙏🏻🙏🏻🙏🏻,1,2026-04-14 08:04:18,negatif,sya kasih bintang aja alas sya kasih bintang kerna fitur seabank pinjam gk tolong bantu tampil fitur seabank pinjam
bintang 3 dulu baru saja coba untuk transaksi Semoga kedepannya lebihh baik' ngetiknya enaknya di sini top up shopee gratis' jadi pakai terus,3,2026-04-14 08:00:17,netral,bintang coba transaksi moga depan lebihh ngetiknya enak top up shopee gratis pakai
mudah dan cepat sangat bermanfaat,5,2026-04-14 07:46:04,positif,mudah cepat manfaat
Aplikasi seabank ini sangat bagus banget untuk menyimpan uang di rekening seabank Dan sangat praktis untuk pembayaran online,5,2026-04-14 07:36:22,positif,aplikasi seabank bagus banget simpan uang rekening seabank praktis bayar online
Transfer ke LINK AJA kok ERROR/muncul MOHON MAAF BLA BLA BLA BLA...,4,2026-04-14 07:34:11,positif,transfer link aja errormuncul mohon maaf bla bla bla bla
lumayan baik lah,4,2026-04-14 07:34:02,positif,lumayan
kenapa tiba di blokir seebaank saya padahal tidak melakukan kesalahan apapun tiba tiba diblokir,3,2026-04-14 07:30:22,netral,blokir seebaank salah apa blokir
segitu dulu bintang nya,3,2026-04-14 07:28:50,netral,segitu bintang nya
bagusnya,5,2026-04-14 07:25:36,positif,bagus
banyak fitur gratis transfer,5,2026-04-14 07:23:04,positif,fitur gratis transfer
aplikasi busuk gua ganti hp mau masukin akun lagi malah di suruh bikin lagi sedangkan mau bikin lagi akun udah Terdaftar konyol,1,2026-04-14 07:20:17,negatif,aplikasi busuk gua ganti hp masukin akun suruh bikin bikin akun udah daftar konyol
pokoknya mantul saya kasih bintang 5,5,2026-04-14 07:15:33,positif,pokok mantul kasih bintang
aplikasi tidak berguna uang saya malah di tahan pihak SEABANK tidak ada kejelasan,1,2026-04-14 07:14:30,negatif,aplikasi guna uang tahan seabank jelas
"senang menggunakan seabank,mumudahkan bertransaksi",5,2026-04-14 07:03:42,positif,senang seabankmumudahkan transaksi
saya ngk dapat bonus 200 ribu nya,1,2026-04-14 06:58:21,negatif,ngk bonus ribu nya
sangat baik untuk dipakai ❤,5,2026-04-14 06:58:06,positif,pakai 
"baru 1x transaksi ke beda bank. gratis biaya admin ya. entah dlm sehari BS gratis TF antar bank brp kali. yang jelas, satu permulaan yang bagus. layak diapresiasi. makasih seabank",5,2026-04-14 06:55:48,positif,x transaksi beda bank gratis biaya admin ya dlm hari bs gratis tf bank brp kali mula bagus layak apresiasi makasih seabank
good security,5,2026-04-14 06:53:10,positif,good security
burukkkk,1,2026-04-14 06:51:23,negatif,burukkkk
sukaa bgtt pakee iniii,5,2026-04-14 06:33:43,positif,sukaa bgtt pakee iniii
transaksi apapun lancar dan mudah,5,2026-04-14 06:31:38,positif,transaksi apa lancar mudah
admin nya murah merakyatt makasih aplikasi seaBank udh menemani transaki2😍,5,2026-04-14 06:25:31,positif,admin nya murah merakyatt makasih aplikasi seabank udh tani transaki
"mudah digunakan, ga ribet dan menguntungkan",5,2026-04-14 06:24:31,positif,mudah ga ribet untung
kenapa saya gak ada pinjaman,1,2026-04-14 06:21:04,negatif,gak pinjam
Fast respon,5,2026-04-14 06:08:36,positif,fast respon
"sangat membantu,,mudah tidak ribet 🤗",5,2026-04-14 06:06:04,positif,membantumudah ribet 
mantap cepat dan tepat,5,2026-04-14 06:05:30,positif,mantap cepat
cepat dan kirim ke bank lain gratis,5,2026-04-14 06:03:17,positif,cepat kirim bank gratis
mudah dan aman semoga tidak mengecewakan,5,2026-04-14 05:49:01,positif,mudah aman moga kecewa
seabank memang yg terbaik,5,2026-04-14 05:42:24,positif,seabank yg baik
saya transfer masih d proses udah lama ..gimana ini seabank,4,2026-04-14 05:32:15,positif,transfer d proses udah gimana seabank
apakah kalo investasi bisa di tarik duit ny,4,2026-04-14 05:19:36,positif,kalo investasi tarik duit ny
mantappp sngt baikk,5,2026-04-14 05:16:45,positif,mantappp sngt baikk
good enough,4,2026-04-14 05:13:22,positif,good enough
lebih gampang dan admin murah di murah,5,2026-04-14 04:54:58,positif,gampang admin murah murah
pake seabank enak mau tf ke bank lain nggak pake admin,5,2026-04-14 04:51:56,positif,pake seabank enak tf bank nggak pake admin
keluar sendiri,1,2026-04-14 04:51:47,negatif,
Bagus . keren dan aman,5,2026-04-14 04:49:39,positif,bagus keren aman
"Aplikasi sudah terbaru. Tapi Kenapa waktu mau masuk ga bisa, harus perbarui dulu.",1,2026-04-14 04:49:21,negatif,aplikasi baru masuk ga baru
lancarrrr,4,2026-04-14 04:48:11,positif,lancarrrr
banyak gratis dan banyak bonus,5,2026-04-14 04:47:33,positif,gratis bonus
Amazing,5,2026-04-14 04:47:27,positif,amazing
sangat baik untuk transaksi keuangan,5,2026-04-14 04:45:56,positif,transaksi uang
lumayan mempermudah transaksi,3,2026-04-14 04:40:02,netral,lumayan mudah transaksi
senang dapt bunga tiap hari,4,2026-04-14 04:38:43,positif,senang dapt bunga
puaaassss bangeeeettt,5,2026-04-14 04:31:59,positif,puaaassss bangeeeettt
mudah di gunakan dan gratis biaya admin bonus nya mantapp,5,2026-04-14 04:25:24,positif,mudah gratis biaya admin bonus nya mantapp
gak ada komen mantap app nya,4,2026-04-14 04:24:39,positif,gak komen mantap app nya
transansi jadi mudah dan murah meriah,5,2026-04-14 04:15:48,positif,transansi mudah murah riah
sangat bagus 👍,3,2026-04-14 04:12:48,netral,bagus 
uninstall fitur pijaman tidak ada padahal berjuta2 transaksi pun sering dilakukan tidak pernah ada perubahan MENGECEWAKAN NASABAH,1,2026-04-14 04:10:39,negatif,uninstall fitur pijaman juta transaksi ubah kecewa nasabah
"saya sangat senang karena transfer nya tidak gratis, terima kasih Seabank 🙏😇",5,2026-04-14 04:06:42,positif,senang transfer nya gratis terima kasih seabank 
blm pernah dapat hadiah dri seabank,5,2026-04-14 04:05:00,positif,blm hadiah dri seabank
sangat bagus di gunakan ketika Transaksi.,5,2026-04-14 04:01:42,positif,bagus transaksi
"untuk saat ini suka pakek sea bank, karna belum pernah ada kendala, udah pakai 2 tahun",5,2026-04-14 03:59:15,positif,suka pakek sea bank karna kendala udah pakai
lebih cepat,5,2026-04-14 03:58:00,positif,cepat
mantap bagus,5,2026-04-14 03:40:22,positif,mantap bagus
Bagus Banget sea Bank,5,2026-04-14 03:40:06,positif,bagus banget sea bank
Terimakasih atas bantuannya dan terus menjadi lebih baik! 💪🏽,5,2026-04-14 03:39:46,positif,terimakasih bantu 
mantaf luar biasa,5,2026-04-14 03:10:28,positif,mantaf
"cepattt tf nya,",5,2026-04-14 02:57:33,positif,cepattt tf nya
"baik, agar di tingkatkan, supaya seabank bisa terdeteksi NFC. sehingga bisa bayar kartu tool lewat seabank. Terimakasih",4,2026-04-14 02:51:40,positif,tingkat seabank deteksi nfc bayar kartu tool seabank terimakasih
mudah cepat love u poLL,5,2026-04-14 02:51:28,positif,mudah cepat love u poll
"mantap, mudah, cepat",5,2026-04-14 02:43:37,positif,mantap mudah cepat
keren banget seabank cangih,5,2026-04-14 02:37:10,positif,keren banget seabank cangih
cepat respon,5,2026-04-14 02:32:03,positif,cepat respon
sip.. praktis,5,2026-04-14 02:27:05,positif,sip praktis
baik aman,5,2026-04-14 02:05:32,positif,aman
seabank yang terbaik,5,2026-04-14 02:05:18,positif,seabank baik
mudah aksesny,5,2026-04-14 02:04:12,positif,mudah aksesny
"baru bikin,sangat memuaskan.terima kasih seabank",5,2026-04-14 01:59:39,positif,bikinsangat memuaskanterima kasih seabank
semoga segera diberikan pinjaman🙏,5,2026-04-14 01:56:34,positif,moga pinjam
seaBank ok.....,5,2026-04-14 01:55:37,positif,seabank ok
pinjaman tidak muncul,4,2026-04-14 01:50:56,positif,pinjam muncul
aplikasi bagus ga ribet,4,2026-04-14 01:43:08,positif,aplikasi bagus ga ribet
keren pokoknya 👍,5,2026-04-14 01:41:14,positif,keren pokok 
Ternyata mudah menggunakan SeaBank,5,2026-04-14 01:39:58,positif,mudah seabank
masih mencoba,4,2026-04-14 01:39:35,positif,coba
"membantu TDK ad biaya ADM TF beda bank. sy baru simpan sisa uang sayur, alhmdulillah malah dpt bonusnya. bukan nilainya berkurang dipotong pajak malah dpt persentase.. trims seabank makin jaya",5,2026-04-14 01:35:13,positif,bantu tdk ad biaya adm tf beda bank sy simpan sisa uang sayur alhmdulillah dpt bonus nilai kurang potong pajak dpt persentase trims seabank jaya
Ok banget proses transfer cepat no delay,5,2026-04-14 01:31:34,positif,ok banget proses transfer cepat no delay
sangat membantu dgn proses yg cepat,5,2026-04-14 01:23:09,positif,bantu dgn proses yg cepat
sejauh ini lumayan semoga kedepannya g ada kendala semoga kedepannya lebih baik,5,2026-04-14 01:17:10,positif,lumayan moga depan g kendala moga depan
sangat membatu dlm segala situasi,4,2026-04-14 01:17:06,positif,batu dlm situasi
"aplikasi yang sangat mudah di gunakan dan aman,sy suka dg aplikasi ini",5,2026-04-14 01:16:56,positif,aplikasi mudah amansy suka dg aplikasi
bagus o,5,2026-04-14 01:16:47,positif,bagus o
"Sudah beberapa kali saya sudah sering pakai sea bank untuk transaksi tpi kenapa kok gk ada fitur sea bank pinjamannya, sedangkan teman saya dia jarang transaksi pakek sea bank tpi di sea banknya dia ada fitur sea bank pinjam",3,2026-04-14 01:12:14,netral,kali pakai sea bank transaksi tpi gk fitur sea bank pinjam teman jarang transaksi pakek sea bank tpi sea bank fitur sea bank pinjam
mantap dan mudah di pahami aplikasinya dan customer servive nya ramah baget sopan the best lha pake seabank,5,2026-04-14 01:09:04,positif,mantap mudah paham aplikasi customer servive nya ramah baget sopan the best lha pake seabank
gak bermutu,1,2026-04-14 01:05:48,negatif,gak mutu
top bgt,2,2026-04-14 01:05:27,negatif,top bgt
terbaik dalam transaksi,5,2026-04-14 00:55:03,positif,baik transaksi
SeaBank sangat bagus,5,2026-04-14 00:46:15,positif,seabank bagus
tolong bantu terkait pemindahan akun ke nomer yg baru.. karna nomer yg lama sudah gak aktif🙏🏻,3,2026-04-14 00:32:32,netral,tolong bantu kait pindah akun nomer yg karna nomer yg gak aktif
tolong tingkatkan jaminan transfer,4,2026-04-14 00:32:10,positif,tolong tingkat jamin transfer
"sy suka menggunakan seabank, karena penggunaanya sangat mudah, dan banyak manfaat lainya yg sangat membantu aktifitas sy dlm bertransaksi.",5,2026-04-14 00:29:42,positif,sy suka seabank penggunaanya mudah manfaat lai yg bantu aktifitas sy dlm transaksi
"saya baru pertama pake aplikasi seabank, dah aplikasi bagus banget, semoga kedepan nya makin bagus lagi 👍",5,2026-04-14 00:27:03,positif,pake aplikasi seabank dah aplikasi bagus banget moga depan nya bagus 
sukses sellu,5,2026-04-14 00:24:19,positif,sukses sellu
mntap banget,5,2026-04-14 00:00:12,positif,mntap banget
makin kesini makin susah ngajuin s pinjam padahal setoran gx pernah telat,3,2026-04-13 23:39:41,netral,kesini susah ngajuin s pinjam setor gx telat
keren habis,5,2026-04-13 23:36:05,positif,keren habis
Alhamdulillah tidak ada biaya admin . love seabank,5,2026-04-13 23:29:16,positif,alhamdulillah biaya admin love seabank
saya lebih nyaman pak seabenk ketibanv dana,5,2026-04-13 23:27:02,positif,nyaman seabenk ketibanv dana
"kenapa sering banget bug siii??? mau buat tf tpi sering bgtt ngga bisa digerakin sama sekali... whyyyy??? padahal enak bgtt dipakenya, tpi sering bgtt bug...",4,2026-04-13 23:21:28,positif,banget bug siii tf tpi bgtt ngga digerakin whyyyy enak bgtt dipakenya tpi bgtt bug
sukakk kali,5,2026-04-13 23:18:50,positif,sukakk kali
AMAN NYAMAN DAN LENGKAP,5,2026-04-13 23:11:14,positif,aman nyaman lengkap
apa ada fitur pinjam nya ??,5,2026-04-13 23:05:07,positif,fitur pinjam nya
awalnya saya ragu untuk menggunakan apk ini dan saya coba ternyata enak Bangett dari mulai bebas biaya admin enak trs juga dapet bunga.wenak pokoknya,5,2026-04-13 22:55:33,positif,ragu apk coba enak bangett bebas biaya admin enak trs dapet bungawenak pokok
bangga,5,2026-04-13 22:50:25,positif,bangga
jossss...,5,2026-04-13 22:46:24,positif,jossss
"ngirim cepat,bisa nerima gajih fb bisa cepat banget",5,2026-04-13 22:31:47,positif,ngirim cepatbisa nerima gajih fb cepat banget
transaksi keuangan lbh mudah,5,2026-04-13 22:25:26,positif,transaksi uang lbh mudah
puas dan mudah...tp knp sering transaksi seabank pinjam belum muncul,5,2026-04-13 22:21:55,positif,puas mudahtp knp transaksi seabank pinjam muncul
SANGAT LUAR BIASA,5,2026-04-13 21:35:44,positif,
wow,5,2026-04-13 21:14:17,positif,wow
"Aplikasi SeaBank di HP Samsung tidak bisa dibuka muncul keterangannya seperti ini, menonaktifkan izin akses untuk aplikasi tersebut SeaBank.",5,2026-04-13 21:13:49,positif,aplikasi seabank hp samsung buka muncul terang nonaktif izin akses aplikasi seabank
bagus mudah dalam transaksi apapun,5,2026-04-13 21:04:34,positif,bagus mudah transaksi apa
bisa jadi orang lain tak jadi macam dia hmmm semoga kita semua sudah👯 kami bantu pengecekan dahulu dan akses internet,5,2026-04-13 20:56:24,positif,orang hmmm moga sudah bantu kece akses internet
bagus bet sampe CRT ge,4,2026-04-13 20:46:57,positif,bagus bet sampe crt ge
sangat baik bagi sya,5,2026-04-13 20:24:07,positif,sya
mantap top oke berguna juga aplikasi nya,5,2026-04-13 19:56:56,positif,mantap top oke guna aplikasi nya
ko ga ada penawaran pinjaman,5,2026-04-13 19:45:45,positif,ko ga tawar pinjam
gimana cara klaeam saldo 200 ribu kalao saya buka rekening sea bank,5,2026-04-13 19:40:37,positif,gimana klaeam saldo ribu kalao buka rekening sea bank
Selama saya menjadi Nasabah Seabank sangat membantu sekali bagi saya dalam menjalankan segala transaksi keuangan. Seabank Is The Best,5,2026-04-13 19:24:01,positif,nasabah seabank bantu jalan transaksi uang seabank is the best
semoga tidak mengecewakn,5,2026-04-13 18:59:18,positif,moga mengecewakn
tidak pernah ada gangguan,5,2026-04-13 18:08:56,positif,ganggu
nyaman dan aman suka sekali semakin lancar lah seaBank jaya trs,5,2026-04-13 17:49:48,positif,nyaman aman suka lancar seabank jaya trs
bgus untuk sekarang,5,2026-04-13 17:46:48,positif,bgus
gratistis,5,2026-04-13 17:28:47,positif,gratistis
Sea Bank cicil belum muncul,5,2026-04-13 17:28:03,positif,sea bank cicil muncul
mempermudah dalam aktifitas pembayaran dan penyimpanan. trimakasih,5,2026-04-13 17:20:40,positif,mudah aktifitas bayar simpan trimakasih
🅑🅐🅖🅤🅢,5,2026-04-13 16:56:45,positif,
enak dan gampang cara pakainya gg ribet dan mudah,4,2026-04-13 16:46:13,positif,enak gampang pakai gg ribet mudah
aman dan mudah di gunakan,5,2026-04-13 16:25:55,positif,aman mudah
mantap dah,5,2026-04-13 16:16:32,positif,mantap dah
banyak yg beda dari bank lain,4,2026-04-13 16:11:16,positif,yg beda bank
Sangat mantaaaaaaaaaffffff,5,2026-04-13 16:07:28,positif,mantaaaaaaaaaffffff
sangat puas sekali.pokokya Mntp,5,2026-04-13 15:59:47,positif,puas sekalipokokya mntp
menarik sekalian,5,2026-04-13 15:50:28,positif,tarik
teruss bersinar,5,2026-04-13 15:50:12,positif,teruss sinar
transaksinya layanan cepat sangat membatu nasabahnya.,5,2026-04-13 15:19:50,positif,transaksi layan cepat batu nasabah
poko nya top deh..,5,2026-04-13 15:19:28,positif,poko nya top deh
sngat memuaskan,5,2026-04-13 15:18:28,positif,sngat muas
efisien,5,2026-04-13 15:15:37,positif,efisien
mantap apknya👍👍,5,2026-04-13 15:12:04,positif,mantap apknya
saya sangat senang dengan hadirnya bank digital sea bank,5,2026-04-13 15:09:48,positif,senang hadir bank digital sea bank
mantap untuk transaksi apapun 👍,5,2026-04-13 14:59:21,positif,mantap transaksi apa 
sekarang mau kirim uang atau beli pulsa enakan pakai seabank aja karna murah biaya adminya hanya 400perak,5,2026-04-13 14:52:16,positif,kirim uang beli pulsa enak pakai seabank aja karna murah biaya adminya perak
daftarnya ribet bnget yaa,2,2026-04-13 14:46:43,negatif,daftar ribet bnget yaa
transfer dari dana sudah berhasil tapi nggak ada saldo masuk,1,2026-04-13 14:42:07,negatif,transfer dana hasil nggak saldo masuk
bagus. dan mudah. sangat membantu,5,2026-04-13 14:22:56,positif,bagus mudah bantu
"jujur menurut saya terbilang cukup ANEH, kenapa? karna sekelas e-wallet gopay aja gratis biaya admin ke sea bank. Kan seharusnya begitu pula sebaliknya alias biaya admin nya GRATIS tapi malah di suruh bayar biaya admin untuk transfer ke gopay, ceritakan ke saya kenapa hal tersebut bisa terjadi?.",1,2026-04-13 14:20:44,negatif,jujur bilang aneh karna kelas ewallet gopay aja gratis biaya admin sea bank alias biaya admin nya gratis suruh bayar biaya admin transfer gopay cerita
sangat praktis...,5,2026-04-13 14:18:26,positif,praktis
"gacor,semoga aja ga mudah di sedot sama pihak yang ga berwajib",5,2026-04-13 14:17:11,positif,gacorsemoga aja ga mudah sedot ga wajib
masa saya udah daftar shea bank udah verifikasi pake KTP terus malah ga bisa login. verifikasi wajah terus ajah muter ke layanan suruh telpon tapi bulak balik terus ga bisa bisa emang harus ke kantor nya. aplikasi asuuuu udah daftar malah gk bisa login. mau daftar baru ktp saya nya udah ke daftar kan anehhh,1,2026-04-13 14:11:57,negatif,udah daftar shea bank udah verifikasi pake ktp ga login verifikasi wajah ajah muter layan suruh telpon bulak ga emang kantor nya aplikasi asuuuu udah daftar gk login daftar ktp nya udah daftar anehhh
aga lelet malesin,5,2026-04-13 14:09:31,positif,aga lelet malesin
"sistem yg amanah dan terpercaya, dgn pelayanan yg sangat baik,",5,2026-04-13 14:07:14,positif,sistem yg amanah percaya dgn layan yg
"seabank sangat membantu sekali dalam proses transaksi,saya sangat suka menggunakan seabank🤗",5,2026-04-13 13:50:38,positif,seabank bantu proses transaksisaya suka seabank
sudah bertahun2 pakai seabank. pinjam gak pernah telat bayar. tiba2 gak bisa ngajukan pinjam lagi. OTW UNINSTAL,1,2026-04-13 13:50:30,negatif,tahun pakai seabank pinjam gak telat bayar gak ngajukan pinjam otw uninstal
"transakaksi nya pake admin di sini mah,",5,2026-04-13 13:48:47,positif,transakaksi nya pake admin mah
"cepat dan simpel disini,banyak promosi nya",5,2026-04-13 13:46:42,positif,cepat simpel disinibanyak promosi nya
bagus sekali sangat membantu,5,2026-04-13 13:45:30,positif,bagus bantu
"sangat keren dan cepat aplikasi si bang ,selamat mencoba",5,2026-04-13 13:43:56,positif,keren cepat aplikasi si bang selamat coba
keren bet ga ribet,5,2026-04-13 13:42:15,positif,keren bet ga ribet
aplikasi bagus sangat membantu pendaftaran nya sangat mudah makasih sea bank,5,2026-04-13 13:35:27,positif,aplikasi bagus bantu daftar nya mudah makasih sea bank
seneng menggunakan sea bank tnfer ke mna aja gratis trus tiap bulan bukan nya ada potongan malah uang kita bertambah🥰,5,2026-04-13 13:30:54,positif,neng sea bank tnfer mna aja gratis trus nya potong uang tambah
cukup puas dengan aplikasi ini,5,2026-04-13 13:29:04,positif,puas aplikasi
bagus sekali👍,5,2026-04-13 13:24:28,positif,bagus sekali
ga dapat pinjaman saya kasih bintang 1 udh menggunakan seabank sudah lama,1,2026-04-13 13:21:42,negatif,ga pinjam kasih bintang udh seabank
the good,5,2026-04-13 13:20:23,positif,the good
"saya sangat puas ,,, respon cs sangat cepat",5,2026-04-13 13:16:08,positif,puas respon cs cepat
tolong perbaiki apk seabank tidak bisa login.trimakasih,5,2026-04-13 13:11:51,positif,tolong baik apk seabank logintrimakasih
lebih mudah dan bebas biaya admin.pkonya the best,5,2026-04-13 13:08:04,positif,mudah bebas biaya adminpkonya the best
"apa"" jadi ribet mau trx aja harus verifikasi wajah",1,2026-04-13 13:01:20,negatif,ribet trx aja verifikasi wajah
bagus berguna bangett,5,2026-04-13 12:58:10,positif,bagus guna bangett
selama ini lancar ..pertahankan pelayanan nasabah,5,2026-04-13 12:57:02,positif,lancar tahan layan nasabah
sea ank emang ok,5,2026-04-13 12:52:19,positif,sea ank emang ok
"sangat senang mggunakan seabank,sngt membantu",5,2026-04-13 12:44:07,positif,senang mggunakan seabanksngt bantu
"aplikasi yg sangat membantu,tfer kemanapun gratis dan mudah tak prnah ada hmabatan..",5,2026-04-13 12:42:55,positif,aplikasi yg membantutfer mana gratis mudah prnah hmabatan
perbaiki lagi biar lebih baik lagi,4,2026-04-13 12:41:59,positif,baik biar
"oje bgt.,.,.,.,..,.",5,2026-04-13 12:39:21,positif,oje bgt
keren dan mantap sat set,5,2026-04-13 12:33:11,positif,keren mantap sat set
"baru mau mencoba, semoga cocok",4,2026-04-13 12:27:51,positif,coba moga cocok
lebih bagus lagi kalau ada fisik kartu debit atau atm,5,2026-04-13 12:26:59,positif,bagus fisik kartu debit atm
"halo kak saya kesulitan buka pin karena lupa nomor HP sudah tidak aktif tetapi KTP saya sudah terdaftar saya tidak bisa login ataupun membuat akun lagi, sedangkan saya sudah menghubungi customer service tetap tidak ada solusi, bagaimana sedangkan data diri saya sudah tercantum dengan ktp. mohon untuk bantuannya customer service nya aja ngk bisa ngasih solusi",1,2026-04-13 12:25:32,negatif,halo kak sulit buka pin lupa nomor hp aktif ktp daftar login akun hubung customer service solusi data cantum ktp mohon bantu customer service nya aja ngk ngasih solusi
"aplikasi nya bagus. cuma dari aku ada permintaan, kalau bisa tambahin qr punya pengguna, jadi kalau orang mau tf bisa scan barcode ngga perlu kirim norek",5,2026-04-13 12:17:52,positif,aplikasi nya bagus minta tambahin qr guna orang tf scan barcode ngga kirim norek
tolong hapuskan biaya admin,4,2026-04-13 12:12:54,positif,tolong hapus biaya admin
"bagus sekali, bisa transfer ke bank lain tanpa adanya potongan",5,2026-04-13 12:11:48,positif,bagus transfer bank potong
tidak pernah telat pembayaran. pinjaman sebelum nya sudah di lunasi. pas mau pengajuan pinjaman lgi malah gagal. bisa ngak bedain yg mana yg pembayaran nya bermasalah sama yg bayar nya lancar lancar aja.,5,2026-04-13 12:09:11,positif,telat bayar pinjam nya lunas pas aju pinjam lgi gagal ngak bedain yg yg bayar nya masalah yg bayar nya lancar lancar aja
vitur bagus,5,2026-04-13 12:01:26,positif,vitur bagus
Systemnya bagus. pemakaian mudah di pahami. gratis admin tranfres dan bulanan.,5,2026-04-13 12:00:18,positif,systemnya bagus pakai mudah paham gratis admin tranfres bulan
saya sudah lama menggunakan seabank n sangat membantu,5,2026-04-13 11:34:17,positif,seabank n bantu
semuga tetap terjaga keamanan semua penggunanya,5,2026-04-13 11:31:08,positif,semuga jaga aman guna
ok joss di permudah setor tunai dan tarik tunai,5,2026-04-13 11:28:02,positif,ok joss mudah setor tunai tarik tunai
"𝚞ntuk secepatnya di tunggu kartu atmnya, kalo bisa ada mesin atm+setor tunai juga, promo² menarik lainnya di tunggu kaya bonus saldo & bunga hariannya di tambah minimal 20% p.a, tambahkan untuk pembelian voucher game, untuk transfer virtual account masih ada bug masih eror (transaksi tidak di temukan) padahal di dana aja bisa tuh 😂👍",2,2026-04-13 11:22:47,negatif,ntuk cepat tunggu kartu atmnya kalo mesin atmsetor tunai promo tarik tunggu kaya bonus saldo bunga hari minimal pa tambah beli voucher game transfer virtual account bug eror transaksi temu dana aja tuh 
sangan bagus,5,2026-04-13 11:20:32,positif,sangan bagus
lancar mudah aman,5,2026-04-13 11:18:18,positif,lancar mudah aman
mantap dan gratis,5,2026-04-13 11:04:44,positif,mantap gratis
nice lah proses secepat kilat,5,2026-04-13 11:03:54,positif,nice proses cepat kilat
"aplikasi yang sangat membantu saya selaku kurir shopee, buat setoran uang COD. dan banyak promo nya untuk transaksi ke lain bank. gooodd...",5,2026-04-13 10:51:53,positif,aplikasi bantu kurir shopee setor uang cod promo nya transaksi bank gooodd
"Aplikasi Perbankan yang bagus banget inih, transfer ke bank mana aja tanpa admin, aplikasnya mudah tanpa legleg, enteng banget buat dipake transaksi 20 menitan juga aman, enteng, ga ada loading loading yang lama. Makasih SeaBank udah ada.",5,2026-04-13 10:51:50,positif,aplikasi perban bagus banget inih transfer bank aja admin aplikasnya mudah legleg enteng banget dipake transaksi menit aman enteng ga loading loading makasih seabank udah
pokonya berguna sekali,5,2026-04-13 10:40:56,positif,poko guna
.senang,5,2026-04-13 10:39:21,positif,senang
nyaman dan mudah,5,2026-04-13 10:36:53,positif,nyaman mudah
tambahkan opsi syariah,5,2026-04-13 10:26:12,positif,tambah opsi syariah
memudahkan Masyarakat menengah kebawah top dah,5,2026-04-13 10:17:38,positif,mudah masyarakat tengah bawah top dah
enak simpel,5,2026-04-13 10:17:32,positif,enak simpel
Baru buka rekening semoga bisa nabung di seabank.. mantull lah,5,2026-04-13 10:11:58,positif,buka rekening moga nabung seabank mantull
terpercaya dan mudah sekali,5,2026-04-13 10:05:22,positif,percaya mudah
bagus cepat transfer gratis ke lain bank,5,2026-04-13 10:04:35,positif,bagus cepat transfer gratis bank
jujur suka bangett sama seabank,5,2026-04-13 10:00:34,positif,jujur suka bangett seabank
mantap banget ini bisa bantu kami,5,2026-04-13 10:00:33,positif,mantap banget bantu
pokoknya is the best,3,2026-04-13 09:48:43,netral,pokok is the best
seabank memang ok transaksi gratis,5,2026-04-13 09:41:49,positif,seabank ok transaksi gratis
suka bgtt sama seabank bisa buat transaksi ke semua,5,2026-04-13 09:40:31,positif,suka bgtt seabank transaksi
bagus bangett nyaman,5,2026-04-13 09:38:21,positif,bagus bangett nyaman
"Sangat Membantu, Terima Kasih... Sea Bank Indonesia 🙏🏻🙏🏻",5,2026-04-13 09:36:42,positif,bantu terima kasih sea bank indonesia 
"layanan oke,,",5,2026-04-13 09:30:29,positif,layan oke
mantab sekalai dan nyaman bertransaksi,5,2026-04-13 09:27:28,positif,mantab sekala nyaman transaksi
bisa membantu,5,2026-04-13 09:15:18,positif,bantu
SEABANK ANDALANKU,5,2026-04-13 08:59:40,positif,seabank andal
lovyou,5,2026-04-13 08:58:20,positif,lovyou
cara munculkan icon seabank pinjam gimana min?,5,2026-04-13 08:58:14,positif,muncul icon seabank pinjam gimana min
mudah cepat,5,2026-04-13 08:47:09,positif,mudah cepat
semoga tidak ada kendala,5,2026-04-13 08:46:59,positif,moga kendala
sangat mudah dan cepat untuk transaksi.. banyakin promo nya donk biar saya bs trus transaksi kmna pun ...,5,2026-04-13 08:44:08,positif,mudah cepat transaksi banyakin promo nya donk biar bs trus transaksi kmna
sangat puasa kr tnpa biaya transfer,5,2026-04-13 08:40:21,positif,puasa kr tnpa biaya transfer
mantap ke bank lain free bea tranfer,5,2026-04-13 08:05:03,positif,mantap bank free bea tranfer
"puas dan nyaman, segala d permudah 🥰",5,2026-04-13 08:03:09,positif,puas nyaman d mudah 
"mantap, cuman potongan admin nya agak lumayan",5,2026-04-13 07:52:58,positif,mantap cuman potong admin nya lumayan
semudah membalikkan telapak tangan,5,2026-04-13 07:48:36,positif,mudah balik telapak tangan
Oke bgt,5,2026-04-13 07:43:50,positif,oke bgt
mantap👍👍👍,4,2026-04-13 07:43:38,positif,mantap
mudah simpel,5,2026-04-13 07:42:41,positif,mudah simpel
aktifasi seabank pinjam,3,2026-04-13 07:41:05,netral,aktifasi seabank pinjam
mantap. tingkatlkan kualitasnya. tf nya ga lama,5,2026-04-13 07:33:39,positif,mantap tingkatlkan kualitas tf nya ga
gampang dan mudah untuk transaksi......💯,5,2026-04-13 07:26:42,positif,gampang mudah transaksi
mantap dan tidak ribet,5,2026-04-13 07:20:40,positif,mantap ribet
mantap. pelayanan tolong ditingkatkan lagi ciptakan kenyamanan dan kejujuran,5,2026-04-13 07:15:54,positif,mantap layan tolong tingkat cipta nyaman jujur
mntap lncr,3,2026-04-13 06:58:35,netral,mntap lncr
mantabs👍,5,2026-04-13 06:54:58,positif,mantabs
sangat bagusssssssss,5,2026-04-13 06:53:59,positif,bagusssssssss
bintang aja yg berbicara,5,2026-04-13 06:50:54,positif,bintang aja yg bicara
"mudah, cepat dan fitur lengkap",5,2026-04-13 06:49:38,positif,mudah cepat fitur lengkap
makyus,5,2026-04-13 06:40:22,positif,makyus
sangat membantu ga perlu cari atm,5,2026-04-13 06:29:37,positif,bantu ga cari atm
mantap SEABANK,5,2026-04-13 06:26:31,positif,mantap seabank
semoga seabank sesalu memberikan pelayanan TERBAIK 👍👍,5,2026-04-13 06:16:58,positif,moga seabank sesalu layan baik 
gampang dan mudah,5,2026-04-13 06:08:38,positif,gampang mudah
gampang.. aman.. pokoknya suka la,5,2026-04-13 06:06:53,positif,gampang aman pokok suka la
puasss..aman.cepat.,5,2026-04-13 06:04:50,positif,puasssamancepat
Bagus bank digital sea bank,5,2026-04-13 06:04:42,positif,bagus bank digital sea bank
Sangat mudah dan cepat,5,2026-04-13 06:02:50,positif,mudah cepat
sangat memuaskan pakai aplikasi Sea Bank ini terima kasih,5,2026-04-13 06:02:21,positif,muas pakai aplikasi sea bank terima kasih
selama ada SeaBank segalanya mudah dan epesian dalam hal kebutuhan dalam bertransaksi,5,2026-04-13 06:00:55,positif,seabank mudah epesian butuh transaksi
"dari awal sampe sekarang blm pernah ada masalah, dan Alhamdulillah ada aja pemsukan tambahan yg tak di duga². kaya hoki gitu. terima kasih seabank. ty",5,2026-04-13 05:53:15,positif,sampe blm alhamdulillah aja pemsukan tambah yg duga kaya hoki gitu terima kasih seabank ty
bagus amanah,5,2026-04-13 05:51:23,positif,bagus amanah
mudah dan simple,5,2026-04-13 05:51:08,positif,mudah simple
bisa transfer gratis,3,2026-04-13 05:47:01,netral,transfer gratis
Paling OK & Paling mantap transaksi Pakai Sea Bank 🫱🏻‍🫲🏼,5,2026-04-13 05:43:14,positif,ok mantap transaksi pakai sea bank 
aplikasi nya bagus dan membantu,5,2026-04-13 05:39:25,positif,aplikasi nya bagus bantu
baguss bangetttt,5,2026-04-13 05:28:49,positif,baguss bangetttt
mntap tetap konsisten,5,2026-04-13 05:23:40,positif,mntap konsisten
bagus dan aman,5,2026-04-13 05:17:00,positif,bagus aman
bgus & baik,5,2026-04-13 05:16:46,positif,bgus
"pelayanan terburuk, akun ke blokir ga ada penyelesaian sama sekali. cuma suruh nelpon nelpon nomor yg ga bisa di telpon sama sekali",1,2026-04-13 05:12:48,negatif,layan buruk akun blokir ga selesai suruh nelpon nelpon nomor yg ga telpon
Terbaik Memang Seabank ne 👍,5,2026-04-13 05:09:52,positif,baik seabank ne 
"tdk ada biaya trqnper sampai 100 kali,keren",5,2026-04-13 05:02:21,positif,tdk biaya trqnper kalikeren
sangat membatu.kembangkan aplikasi ini,5,2026-04-13 05:00:24,positif,membatukembangkan aplikasi
jimi,5,2026-04-13 04:43:54,positif,jim
baru pertama pake oke sih,4,2026-04-13 04:41:00,positif,pake oke sih
sangat puas juga sangat baik dan muda.buat apa aja,5,2026-04-13 04:32:22,positif,puas mudabuat aja
sekarang ada biaya adminya seperti aplikasi lain padahal dulu bebas biaya admin,1,2026-04-13 04:30:18,negatif,biaya adminya aplikasi bebas biaya admin
"kecewa masak saldo bisa berkurang sendri .padahal saya tidak pernah menggunakan untuk transaksi apapun. hanya untuk mencoba untuk menyimpan uang karena saya pengguna baru jdi mau coba aman apa enggak eh ternyata saldo saya berkurang ..tanya ke CS malah berbelit""",1,2026-04-13 04:27:33,negatif,kecewa masak saldo kurang sendri transaksi apa coba simpan uang guna jdi coba aman eh saldo kurang cs belit
bagus poko nya .makasih yg buat apk ini sukses terus 😊😊,5,2026-04-13 04:25:13,positif,bagus poko nya makasih yg apk sukses 
mantap perbanyak gratisan setiap transfer kemanapun😊,5,2026-04-13 04:18:50,positif,mantap banyak gratis transfer mana
makasih seabank dah kasih limit,5,2026-04-13 04:18:19,positif,makasih seabank dah kasih limit
apakah bener dapat 200ribu kalau pengguna baru,2,2026-04-13 04:15:44,negatif,bener ribu guna
The best in the world,5,2026-04-13 04:09:15,positif,the best in the world
sekarang bank favorite akuyyy 😍😍😘,5,2026-04-13 04:07:44,positif,bank favorite akuyyy 
sip aman,5,2026-04-13 04:05:08,positif,sip aman
terbaik buat seabank,5,2026-04-13 04:01:53,positif,baik seabank
SGT memuaskan,5,2026-04-13 03:56:02,positif,sgt muas
sangatt di rekomendasikan,5,2026-04-13 03:53:21,positif,sangatt rekomendasi
"sangat membantu , untuk bertransaksi lebih mudah dan cepat.",5,2026-04-13 03:53:06,positif,bantu transaksi mudah cepat
"Bagus banget gada potongan admin, tf bebas admin juga banyak batasnya.. loveee",5,2026-04-13 03:52:17,positif,bagus banget gada potong admin tf bebas admin batas loveee
senang sekali terimakasih seabank 🙏🙏,4,2026-04-13 03:49:48,positif,senang terimakasih seabank 
agak susah dioperasikan tapi saya paham alasannya demi keamanan perbankan.,5,2026-04-13 03:47:27,positif,susah operasi paham alas aman perban
senang pakai seaBank,5,2026-04-13 03:44:29,positif,senang pakai seabank
baguuuss rekomend,4,2026-04-13 03:41:44,positif,baguuuss rekomend
mudah cepat gratis transfer antar bank,5,2026-04-13 03:29:11,positif,mudah cepat gratis transfer bank
Jangan dibatasin transfer tanpa biaya admin dong. sy install seabank kan karena pengin transfer tanpa admin,4,2026-04-13 03:18:21,positif,dibatasin transfer biaya admin sy install seabank pengin transfer admin
mantap pake bank ini,5,2026-04-13 03:16:08,positif,mantap pake bank
sangat baik dan mudah,5,2026-04-13 03:13:54,positif,mudah
"cepat gratis, mantap",5,2026-04-13 03:05:41,positif,cepat gratis mantap
aplikasi yang sangat membantu mantap 👍👍👍☺️☺️,5,2026-04-13 02:52:35,positif,aplikasi bantu mantap 
mntpp keren,5,2026-04-13 02:47:07,positif,mntpp keren
cukup mudah dan proses cepat,4,2026-04-13 02:46:44,positif,mudah proses cepat
praktis dan membantu dalam transaksi,5,2026-04-13 02:28:50,positif,praktis bantu transaksi
"mudah untuk pendaftaran, dan simple untuk dipakai, baik pembayaran digital ataupun transfer",5,2026-04-13 02:28:25,positif,mudah daftar simple pakai bayar digital transfer
selalu aman dan tidak pernah ada masalah,5,2026-04-13 02:28:22,positif,aman
luar biasa..g ribet... langsung tanggap,5,2026-04-13 02:19:34,positif,biasag ribet langsung tanggap
Mantuuulll,5,2026-04-13 02:16:10,positif,mantuuulll
sangat bagus bisa tambah limit perbulannya mungkin lebih bagus,5,2026-04-13 02:16:07,positif,bagus limit bulan bagus
Jempolzzzz,5,2026-04-13 02:15:09,positif,jempolzzzz
Gak ada potongan,4,2026-04-13 02:00:21,positif,gak potong
mudah cepat gk repot,5,2026-04-13 01:57:36,positif,mudah cepat gk repot
bank digital terbaik dan anti ribet,5,2026-04-13 01:52:22,positif,bank digital baik anti ribet
mantep banget ini apk,5,2026-04-13 01:50:42,positif,mantep banget apk
"mudah cepat dan efesien, gak pernah leg, bagus lah pokoknya👍",5,2026-04-13 01:43:32,positif,mudah cepat efesien gak leg bagus pokok
simple dan mudah digunakan disamping itu juga banyak keuntungan.,5,2026-04-13 01:42:10,positif,simple mudah samping untung
fast respon,5,2026-04-13 01:38:47,positif,fast respon
"terpercaya,USA pake ini mulai dari 2024,gak ada kendala smoga suatu saat ada karu gesek nya 😁😁😁😍😍🥰",5,2026-04-13 01:28:28,positif,terpercayausa pake gak kendala smoga karu gesek nya 
cara buka rekeningnya mudah dan sangat membantu,5,2026-04-13 01:24:33,positif,buka rekening mudah bantu
seabank dompet digital terbaik tdk ada admin pengiriman uang dan mudah saat isi saldo.. pertahankan trs kualitas dan pelanyananya..,5,2026-04-13 01:19:56,positif,seabank dompet digital baik tdk admin kirim uang mudah isi saldo tahan trs kualitas pelanyananya
sempurna dan bagus,5,2026-04-13 01:18:56,positif,sempurna bagus
lebih banyak untung nya 😁 terbaik lah😁👍🏻👍🏻👍🏻👍🏻,5,2026-04-13 01:14:26,positif,untung nya  baik lah
tolong diperbanyak promonya,5,2026-04-13 01:07:16,positif,tolong banyak promonya
kapan sy mendapatkan fitur seabank pinjam,4,2026-04-13 01:04:33,positif,sy fitur seabank pinjam
cepat dan biaya admin murah,5,2026-04-13 00:58:54,positif,cepat biaya admin murah
pemakaian mudah. belanja di shoope jadi lebih murah.,5,2026-04-13 00:51:43,positif,pakai mudah belanja shoope murah
"Seabank tolong dong bisa tarik tunai di Alfamart😭🙏🏻 Saya tadi mau tarik tunai pagi-pagi Indomaret nya belum pada buka, td sepanjang jalan gak ada yang buka",5,2026-04-13 00:41:39,positif,seabank tolong tarik tunai alfamart tarik tunai pagipagi indomaret nya buka td jalan gak buka
Bebas biaya kirim dana kemana saja,5,2026-04-13 00:39:07,positif,bebas biaya kirim dana mana
"SeaBank Benar"" Luar Biasa 👍🏻👍🏻👍🏻👍🏻👍🏻",5,2026-04-13 00:34:43,positif,seabank 
aktifkan seabank pinjam dong,5,2026-04-13 00:23:36,positif,aktif seabank pinjam
"cepat bgt trasfernya gk ada kendala hrus nunggu , biaya adminya murah meriah gk nyampe 500 perak",5,2026-04-13 00:18:54,positif,cepat bgt trasfernya gk kendala hrus nunggu biaya adminya murah riah gk nyampe perak
bintang yang bicara,5,2026-04-13 00:11:39,positif,bintang bicara
😊,5,2026-04-13 00:11:23,positif,
"cepat, fitur menarik, bunga OK",5,2026-04-13 00:09:11,positif,cepat fitur tarik bunga ok
Terbaikkk,5,2026-04-13 00:05:44,positif,terbaikkk
"sangat membantu banget mudah dan praktis, tapi sangat di sayangkan aku mengajukan sea bank pinjaman di tolak terus",5,2026-04-13 00:01:58,positif,bantu banget mudah praktis sayang aju sea bank pinjam tolak
sae bank mantap pengiriman cepat ...,5,2026-04-13 00:00:56,positif,sae bank mantap kirim cepat
pake seabank transaksi jadi muda,5,2026-04-12 23:28:44,positif,pake seabank transaksi muda
pake seabank dari 2022,5,2026-04-12 23:26:42,positif,pake seabank
saya sangat senang dengan seabank...,5,2026-04-12 23:26:26,positif,senang seabank
seabank saya terblokir tidak bisa terbuka saya sudah menghubungi customer service tapi tidak hasil nya sudah 15 hari mohon kerja sama nya untuk pihak seabank,1,2026-04-12 23:23:38,negatif,seabank blokir buka hubung customer service hasil nya mohon kerja nya seabank
sangat membantu.,5,2026-04-12 23:19:41,positif,bantu
baik hanya butuh card ATM,5,2026-04-12 23:15:25,positif,butuh card atm
proses transfer sangat cepat ....tanpa ada biaya,5,2026-04-12 22:59:14,positif,proses transfer cepat biaya
"praktis, tapi sayang sudah tidak bisa Qrish via indomaret dan alfamaret",5,2026-04-12 22:48:25,positif,praktis sayang qrish via indomaret alfamaret
"mudah, Hemat & praktis",5,2026-04-12 22:40:59,positif,mudah hemat praktis
Murah biaya Tf ke ewallet,5,2026-04-12 22:40:35,positif,murah biaya tf ewallet
Proses cepat Dan lancar,5,2026-04-12 22:38:39,positif,proses cepat lancar
pokoknya senang sekali sama seabank...,5,2026-04-12 22:26:52,positif,pokok senang seabank
"Luar Biasa.. Tapi kenapa seabankpinjam saya gak muncul,pdhal transaksi saya banyak dan sering..koq bsa begitu???",5,2026-04-12 22:26:41,positif,seabankpinjam gak munculpdhal transaksi seringkoq bsa
hemat biaya transaksi,5,2026-04-12 22:25:18,positif,hemat biaya transaksi
bagus dan aman transaksi selalu cepat di tingkatkan lagi biar seabank menjadi no 1 di dunia,4,2026-04-12 22:09:52,positif,bagus aman transaksi cepat tingkat biar seabank no dunia
Bonus Buka Tabungan Perdana ternyata gak ada.,2,2026-04-12 21:55:57,negatif,bonus buka tabung perdana gak
mau ganti no hp baru apa bisa,5,2026-04-12 21:18:25,positif,ganti no hp
sangat membantu..masyarakat dan mempermudah bayar semua tagihan.,5,2026-04-12 21:14:05,positif,membantumasyarakat mudah bayar tagih
easy,5,2026-04-12 20:40:07,positif,easy
Mempermudah utk urusan keuangan. God Bless Seabank,4,2026-04-12 20:03:57,positif,mudah utk urus uang god bless seabank
cuku bagus,5,2026-04-12 19:44:41,positif,cuku bagus
mantab sekali,5,2026-04-12 18:45:43,positif,mantab
saldo saya hangus karna pembayaran apk yang tidak saya comfirmasi,1,2026-04-12 18:40:53,negatif,saldo hangus karna bayar apk comfirmasi
alhamdulilah terimakasih banyak atas segalakerja samanya semuanya,5,2026-04-12 18:19:01,positif,alhamdulilah terimakasih segalakerja sama
mantap👍🏻😘🥰🥰,5,2026-04-12 18:06:00,positif,mantap
bank bagus dan cerdas,5,2026-04-12 18:03:24,positif,bank bagus cerdas
proses nya cepet banget.sya amat bsenang,5,2026-04-12 17:57:29,positif,proses nya cepet bangetsya bsenang
mnteerp,5,2026-04-12 17:50:45,positif,mnteerp
"Anda Luar biasa , manggis enak tau !!",4,2026-04-12 17:46:16,positif,manggis enak tau
Nice,5,2026-04-12 17:36:14,positif,nice
OK,4,2026-04-12 16:55:11,positif,ok
semoga Bunga deposit Ama hariyan nya makin gede,5,2026-04-12 16:33:04,positif,moga bunga deposit ama hariyan nya gede
recoment,5,2026-04-12 16:31:56,positif,recoment
memuas kan sekali,5,2026-04-12 16:26:42,positif,muas
4 bintang dlu ya baru masa percobaan,4,2026-04-12 16:15:30,positif,bintang dlu ya coba
seneng banget transfer nya mudah dan cepat,5,2026-04-12 16:10:23,positif,neng banget transfer nya mudah cepat
"aman,mudah, dan terjamin",5,2026-04-12 16:05:48,positif,amanmudah jamin
sangat puas dan bagus,5,2026-04-12 15:49:05,positif,puas bagus
baik Dan senang sekali,5,2026-04-12 15:45:05,positif,senang
suka tiap hari dpt bunga,5,2026-04-12 15:40:55,positif,suka dpt bunga
Terima🙏💕,5,2026-04-12 15:34:40,positif,terima
limit transfer nya kurang banyak,5,2026-04-12 15:33:19,positif,limit transfer nya
keren berkualitas,5,2026-04-12 15:32:30,positif,keren kualitas
pelayanan sangat bagus dan cepat,5,2026-04-12 15:19:10,positif,layan bagus cepat
ngajuin seabank pinjam 5 hari ke belakang gak di kasih tau di acc apa engganya padahal sudah sering transaksi keluar masuk saldo aneh sebank ini katanya harus sering bertansaksi,5,2026-04-12 15:18:39,positif,ngajuin seabank pinjam gak kasih tau acc engganya transaksi masuk saldo aneh bank bertansaksi
proses pembuatan nya mudah dan nyaman,5,2026-04-12 15:06:46,positif,proses buat nya mudah nyaman
"sangat membantu,,,,disaat butuh",5,2026-04-12 15:04:27,positif,membantudisaat butuh
saya cocok pakai ini,5,2026-04-12 15:01:46,positif,cocok pakai
Transfer mudah dan cepat,1,2026-04-12 14:37:10,negatif,transfer mudah cepat
enak dan mudah,5,2026-04-12 14:26:17,positif,enak mudah
"senang sekali menggunakan seabank, transaksi mudah dan bisa digunakan dimana saja, terlebih lagi biaya transfer ke bank mana saja gratis",5,2026-04-12 14:20:00,positif,senang seabank transaksi mudah mana biaya transfer bank gratis
"cepat,mudah,aman",5,2026-04-12 14:17:55,positif,cepatmudahaman
good luck for you,4,2026-04-12 14:12:31,positif,good luck for you
pokoknya goid,5,2026-04-12 14:07:27,positif,pokok goid
mantaaap...x...semoga suatu saat bisa mendapatkan hadiah,5,2026-04-12 14:01:41,positif,mantaaapxsemoga hadiah
terima kasih seabank transaksi mudah bersama seabank,5,2026-04-12 14:00:37,positif,terima kasih seabank transaksi mudah seabank
sy suka gampang prosesnya,4,2026-04-12 13:57:09,positif,sy suka gampang proses
sangat bagus dan baik,5,2026-04-12 13:56:34,positif,bagus
buagussss tenan,5,2026-04-12 13:55:55,positif,buagussss tenan
"oyy seabankk, buat kartuu fisikk gasihh, gw suka banget sama seabankk, dan berharap buangettt seabankk ada opsi ""cetak kartu kredit/fisikny"" adain ya minnn please 🙏☺️",5,2026-04-12 13:54:56,positif,oyy seabankk kartuu fisikk gasihh gw suka banget seabankk harap buangettt seabankk opsi cetak kartu kreditfisikny adain ya minnn please 
Ada kuota transfer gratis. Bunga hariannya kerasa banget. Makasih Seabank sudah sangat membantu.,5,2026-04-12 13:47:36,positif,kuota transfer gratis bunga hari rasa banget makasih seabank bantu
Sangat membantu untuk menyimpan uang . dan transferpun gampang,5,2026-04-12 13:45:15,positif,bantu simpan uang transfer gampang
seabank is the best,5,2026-04-12 13:37:38,positif,seabank is the best
sangat nyaman dan mempermudah transaksi,5,2026-04-12 13:37:12,positif,nyaman mudah transaksi
senang banget pakai seabank murah untuk biayaya TF,5,2026-04-12 13:34:42,positif,senang banget pakai seabank murah biayaya tf
sangat puas dgn pelayanan seabank,1,2026-04-12 13:33:05,negatif,puas dgn layan seabank
👍🏼,5,2026-04-12 13:29:39,positif,
overall pokoknya mantap!!,5,2026-04-12 13:18:39,positif,overall pokok mantap
bagus memuaskan,1,2026-04-12 13:11:44,negatif,bagus muas
sangat suka banget menggunakan seaBank,5,2026-04-12 13:10:41,positif,suka banget seabank
puasss krn tf gratis,4,2026-04-12 13:05:50,positif,puasss krn tf gratis
udah 8 bulan pemakaian transaksi rutin tiap hari nominalnya juga lumayan kok belum ada layanan sea bank pinjam ya😭,1,2026-04-12 12:54:57,negatif,udah pakai transaksi rutin nominal lumayan layan sea bank pinjam ya
sangat membantu kebutuhan kamu..,5,2026-04-12 12:54:26,positif,bantu butuh
layanan mudah & gratis biaya,5,2026-04-12 12:53:08,positif,layan mudah gratis biaya
"udh daftar,tp pas mau login sslu minta foto e-ktp?? nyusahin,ribet gajelas bgt",1,2026-04-12 12:38:16,negatif,udh daftartp pas login sslu foto ektp nyusahinribet gajelas bgt
tidak lemot dan aman,5,2026-04-12 12:31:55,positif,lot aman
simple mudah aman amanah banyak free adminya,5,2026-04-12 12:28:19,positif,simple mudah aman amanah free adminya
mudah untuk transfer,5,2026-04-12 12:24:11,positif,mudah transfer
mantap bukan main. gratis tis tf dan top up nya. mantuuuuuuuul sung yakin.,5,2026-04-12 12:24:09,positif,mantap main gratis tis tf top up nya mantuuuuuuuul sung
"mantap banget pake seabank,, sangat membantu dan secepat kilat.... pokoknya jos lahhH,,, semoga aja dapat undian yg waw di bulan Maret ... aminnnn allahumma amin 🙏",5,2026-04-12 12:19:04,positif,mantap banget pake seabank bantu cepat kilat pokok jos lahhh moga aja undi yg waw maret aminnnn allahumma amin 
terimakasih banyak sdh melayani dgn baik,3,2026-04-12 12:17:31,netral,terimakasih sdh layan dgn
gratis tf ke bank lain,5,2026-04-12 12:16:55,positif,gratis tf bank
Cukup berguna,4,2026-04-12 12:15:45,positif,guna
cepat gratis biaya,5,2026-04-12 12:13:08,positif,cepat gratis biaya
"sangat teebantu sekali dengan seabank,praktis dn mudah tf kesemua bank tnpa biaya admin",5,2026-04-12 12:11:04,positif,teebantu seabankpraktis dn mudah tf semua bank tnpa biaya admin
aku suka sekali seabank,5,2026-04-12 12:10:40,positif,suka seabank
baik👍,5,2026-04-12 12:08:34,positif,baik
"udah 3 tahun pake seabank. aman, dapet bunga harian. banyak gratis transfer dll.",5,2026-04-12 12:03:34,positif,udah pake seabank aman dapet bunga hari gratis transfer dll
saya top up di atas 1 juta bunga gak dapat 2.5% .. minimal saldo berapa supaya dapat bunga 2.5% itu ..terimakasih,5,2026-04-12 11:52:34,positif,top up juta bunga gak minimal saldo bunga terimakasih
mohon bikan kemudahn tolong janggan selalu pake peripikasi muka bos.,5,2026-04-12 11:44:09,positif,mohon bik kemudahn tolong janggan pake peripikasi muka bos
"Mantap dan satset, I Love Seabank 🥰🥰🥰",5,2026-04-12 11:43:01,positif,mantap satset i love seabank 
pilihan yang tepat dengan Seabank. 🥳🥳🥳,5,2026-04-12 11:42:34,positif,pilih seabank 
punyaku gk ad seabank pinjam nya,2,2026-04-12 11:41:52,negatif,punya gk ad seabank pinjam nya
"Sangat membantu, Terima Kasih buanyak..",5,2026-04-12 11:37:52,positif,bantu terima kasih buanyak
bagus dan berguna bermanfaat tapi kendalanya gak langsung jadi nungguin satu hari kerja baru jadi,5,2026-04-12 11:34:33,positif,bagus guna manfaat kendala gak langsung nungguin kerja
transfer mudah dan gratis ke semua bank,5,2026-04-12 11:28:41,positif,transfer mudah gratis bank
"aneh tiba tiba tabungan saya di tutup secara internal, tolong lah buka lagi tabungan saya mau ambil saldo saya gimana sih ini seabank, malas lewat tlp tadi saya sudah tlp ke cs seabank 6x hbis 90rb masalah gak terselesaikan coba adakan tlp tanpa harus pakai pulsa seperti bank lain masih mending keluar pulsa tapi masalah selesai ini pulsa habis gede masalah gak selesai",1,2026-04-12 11:25:24,negatif,aneh tabung tutup internal tolong buka tabung ambil saldo gimana sih seabank malas tlp tlp cs seabank x hbis rb gak selesai coba adakan tlp pakai pulsa bank mending pulsa selesai pulsa habis gede gak selesai
"so far so good,semoga ga ada masalah",5,2026-04-12 11:24:56,positif,so far so goodsemoga ga
e-wallet ter satset,5,2026-04-12 11:21:40,positif,ewallet ter satset
Unser baru.. Mudah2an Nyaman dan Betah.. Tingkat kn Trus🏳🤗,5,2026-04-12 11:17:33,positif,unser mudah nyaman betah tingkat kn trus
tingkatkan keamanan nya lagi,5,2026-04-12 11:11:48,positif,tingkat aman nya
kenapa kirim ke dana kenak admin,5,2026-04-12 11:10:07,positif,kirim dana nak admin
bagus memuaskan pelayanan seabank,5,2026-04-12 11:09:17,positif,bagus muas layan seabank
mantap membatu sekali,5,2026-04-12 11:04:51,positif,mantap batu
"dapat membantu untuk keperluan transaksi yang mudah ,semoga kedepannya trus berkembang lebih baik dan pertahankan untuk tidak menggunakan admin yg trlalu besar jika di perlukan",5,2026-04-12 10:57:33,positif,bantu perlu transaksi mudah moga depan trus kembang tahan admin yg trlalu perlu
sangat mudah dan cepat buat transaksi nya,5,2026-04-12 10:44:45,positif,mudah cepat transaksi nya
Tetap pertahankan dan amanahnya 🥰,5,2026-04-12 10:40:18,positif,tahan amanah 
allhamdulilah sangat baik seabank.semoga semakin maju dan sukses,5,2026-04-12 10:37:11,positif,allhamdulilah seabanksemoga maju sukses
"overall bagus banget, ui nya juga ringan ringkas,baguss lah pokok nya",5,2026-04-12 10:34:24,positif,overall bagus banget ui nya ringan ringkasbaguss pokok nya
potongan tidak terlalu mahal saat bertransaksi 🙏🙏,5,2026-04-12 10:34:14,positif,potong mahal transaksi 
biarkan bintang yang jadi penilaian ku,5,2026-04-12 10:27:45,positif,biar bintang nilai ku
suguh puas,4,2026-04-12 10:22:00,positif,suguh puas
membantu kirim mengirim,5,2026-04-12 10:16:14,positif,bantu kirim kirim
seabank pinjam zonk,5,2026-04-12 10:16:07,positif,seabank pinjam zonk
mudah dan memudahkan transaksi,5,2026-04-12 10:04:44,positif,mudah mudah transaksi
sangat berguna baget,5,2026-04-12 09:56:01,positif,guna baget
sangat mudah dan nyaman di gunakan,5,2026-04-12 09:52:09,positif,mudah nyaman
bagus tapi sayang setiap ternsaksi adminya 400 kalo ngirim ke e walet/bank lain,4,2026-04-12 09:38:31,positif,bagus sayang ternsaksi adminya kalo ngirim e waletbank
jossh,4,2026-04-12 09:32:40,positif,jossh
sayang bgt sekarang topup dana/gopay ada admin nya,3,2026-04-12 09:29:54,netral,sayang bgt topup danagopay admin nya
ok mantab,5,2026-04-12 09:27:28,positif,ok mantab
terimakasih banyak bisa TF gratis,5,2026-04-12 09:23:04,positif,terimakasih tf gratis
sangat membantu dlm mengatur keuangan,5,2026-04-12 09:06:33,positif,bantu dlm atur uang
